2024-07-26 12:14:50,1,-117,439,-9,5
2024-07-26 12:56:51,2,-117,450,-13,5
2024-07-26 13:38:52,3,-117,452,-12,5
2024-07-26 14:20:53,4,-117,452,-10,5
2024-07-26 15:02:54,5,-116,448,-13,5
2024-07-26 15:44:55,6,-118,442,-10,5
2024-07-26 16:26:55,7,-117,442,-12,5
2024-07-26 17:08:56,8,-116,447,-14,5
2024-07-26 17:50:57,9,-116,450,-13,5
2024-07-26 18:32:58,10,-117,453,-11,5
2024-07-26 19:14:59,11,-116,459,-13,5
2024-07-26 19:57:00,12,-116,464,-11,5
2024-07-26 20:39:01,13,-116,466,-13,5
2024-07-26 21:21:02,14,-116,455,-11,5
2024-07-26 22:03:03,15,-117,440,-10,5
2024-07-26 22:45:04,16,-116,432,-11,5
2024-07-26 23:27:04,17,-110,426,-18,5
2024-07-27 00:09:05,18,-117,422,-9,5
2024-07-27 00:51:06,19,-117,419,-9,5
2024-07-27 01:33:07,20,-117,417,-10,5
2024-07-27 02:15:08,21,-117,415,-10,5
2024-07-27 02:57:09,22,-116,414,-10,5
2024-07-27 03:39:10,23,-116,414,-10,5
2024-07-27 04:21:11,24,-116,413,-11,5
2024-07-27 05:03:12,25,-116,414,-10,5
2024-07-27 05:45:13,26,-115,415,-12,5
2024-07-27 06:27:13,27,-116,415,-11,5
2024-07-27 07:09:14,28,-115,415,-11,5
2024-07-27 07:51:15,29,-117,413,-11,5
2024-07-27 08:33:16,30,-115,415,-13,5
2024-07-27 09:15:17,31,-116,411,-14,5
2024-07-27 09:57:18,32,-114,407,-16,5
2024-07-27 10:39:19,33,-118,404,-11,5
2024-07-27 11:21:20,34,-117,412,-11,5
2024-07-27 12:03:21,35,-116,422,-11,5
2024-07-27 12:45:21,36,-116,431,-15,5
2024-07-27 13:27:22,37,-117,437,-10,5
2024-07-27 14:09:23,38,-117,433,-11,5
2024-07-27 15:33:25,40,-117,443,-14,5
2024-07-27 16:15:26,41,-117,446,-10,5
2024-07-27 16:57:27,42,-117,447,-10,5
2024-07-27 17:39:28,43,-117,446,-12,5
2024-07-27 18:21:29,44,-117,443,-12,5
2024-07-27 19:03:30,45,-117,433,-12,5
2024-07-27 19:45:30,46,-116,429,-13,5
2024-07-27 21:09:32,48,-117,422,-9,5
2024-07-27 22:33:34,50,-117,413,-10,5
2024-07-27 23:15:35,51,-116,412,-10,5
2024-07-27 23:57:36,52,-117,411,-9,5
2024-07-28 00:39:37,53,-117,410,-8,5
2024-07-28 01:21:38,54,-116,410,-11,5
2024-07-28 02:03:39,55,-117,410,-9,5
2024-07-28 02:45:39,56,-115,409,-11,5
2024-07-28 03:27:40,57,-118,410,-8,5
2024-07-28 04:09:41,58,-118,410,-9,5
2024-07-28 04:51:42,59,-118,409,-9,5
2024-07-28 05:33:43,60,-118,412,-9,5
2024-07-28 06:15:44,61,-118,412,-8,5
2024-07-28 06:57:45,62,-118,0,-8,5
2024-07-28 07:39:46,63,-118,0,-7,5
2024-07-28 08:21:47,64,-116,0,-6,5
2024-07-28 09:45:48,66,-117,0,-6,5
2024-07-28 10:27:49,67,-118,0,-8,5
2024-07-28 11:09:50,68,-118,0,-10,5
2024-07-28 11:51:51,69,-119,0,-6,5
2024-07-28 12:33:52,70,-105,420,-23,5
2024-07-28 13:15:53,71,-107,430,-23,5
2024-07-28 13:57:54,72,-116,440,-11,5
2024-07-28 14:39:55,73,-117,447,-12,5
2024-07-28 15:21:56,74,-117,450,-12,5
2024-07-28 16:03:56,75,-117,450,-11,5
2024-07-28 16:45:57,76,-118,451,-11,5
2024-07-28 17:27:58,77,-118,452,-12,5
2024-07-28 18:09:59,78,-116,454,-13,5
2024-07-28 18:52:00,79,-117,456,-11,5
2024-07-28 19:34:01,80,-118,456,-11,5
2024-07-28 20:16:02,81,-118,451,-11,5
2024-07-28 20:58:03,82,-118,435,-10,5
2024-07-28 21:40:04,83,-116,419,-12,5
2024-07-28 22:22:05,84,-113,413,-14,5
2024-07-28 23:04:05,85,-117,410,-10,5
2024-07-28 23:46:06,86,-116,409,-10,5
2024-07-29 00:28:07,87,-111,409,-16,5
2024-07-29 01:10:08,88,-118,409,-8,5
2024-07-29 01:52:09,89,-116,408,-11,5
2024-07-29 02:34:10,90,-118,407,-8,5
2024-07-29 03:16:11,91,-117,408,-9,5
2024-07-29 04:40:13,93,-116,407,-11,5
2024-07-29 06:04:14,95,-116,409,-11,5
2024-07-29 06:46:15,96,-117,410,-9,5
2024-07-29 07:28:16,97,-117,411,-10,5
2024-07-29 08:10:17,98,-117,409,-10,5
2024-07-29 08:52:18,99,-115,405,-13,5
2024-07-29 09:34:19,100,-118,403,-10,5
2024-07-29 10:16:20,101,-117,402,-10,5
2024-07-29 10:58:21,102,-117,411,-12,5
2024-07-29 11:40:21,103,-115,431,-11,5
2024-07-29 12:22:22,104,-115,446,-14,5
2024-07-29 13:04:23,105,-117,448,-13,5
2024-07-29 13:46:24,106,-115,444,-14,5
2024-07-29 14:28:25,107,-116,439,-11,5
2024-07-29 15:10:26,108,-115,429,-14,5
2024-07-29 15:52:27,109,-116,420,-12,5
2024-07-29 16:34:28,110,-115,418,-12,5
2024-07-29 17:16:29,111,-117,418,-11,5
2024-07-29 17:58:30,112,-116,424,-14,5
2024-07-29 18:40:30,113,-115,431,-13,5
2024-07-29 19:22:31,114,-118,439,-11,5
2024-07-29 20:04:32,115,-117,450,-13,5
2024-07-29 20:46:33,116,-113,458,-16,5
2024-07-29 21:28:34,117,-116,451,-11,5
2024-07-29 22:10:35,118,-116,438,-12,5
2024-07-29 22:52:36,119,-117,423,-11,5
2024-07-29 23:34:37,120,-117,414,-9,5
2024-07-30 00:16:38,121,-117,410,-10,5
2024-07-30 00:58:39,122,-117,410,-11,5
2024-07-30 01:40:39,123,-117,409,-10,5
2024-07-30 02:22:40,124,-117,408,-10,5
2024-07-30 03:04:41,125,-116,407,-11,5
2024-07-30 03:46:42,126,-116,406,-11,5
2024-07-30 04:28:43,127,-117,404,-10,5
2024-07-30 05:10:44,128,-115,403,-13,5
2024-07-30 05:52:45,129,-112,401,-15,5
2024-07-30 06:34:46,130,-107,400,-21,5
2024-07-30 07:16:47,131,-116,0,-6,5
2024-07-30 07:58:48,132,-104,398,-23,5
2024-07-30 08:40:48,133,-104,398,-24,5
2024-07-30 09:22:49,134,-116,399,-13,5
2024-07-30 10:04:50,135,-114,0,-8,5
2024-07-30 10:46:51,136,-118,410,-10,5
2024-07-30 11:28:52,137,-116,0,-8,5
2024-07-30 12:10:53,138,-117,438,-11,5
2024-07-30 12:52:54,139,-118,436,-11,5
2024-07-30 13:34:55,140,-106,425,-24,5
2024-07-30 14:16:56,141,-103,0,-9,5
2024-07-30 14:58:56,142,-110,0,-10,5
2024-07-30 15:40:57,143,-115,0,-10,5
2024-07-30 17:04:59,145,-103,408,-25,5
2024-07-30 18:29:01,147,-118,447,-12,5
2024-07-30 19:11:02,148,-115,0,-8,5
2024-07-30 19:53:03,149,-117,439,-12,5
2024-07-30 20:35:04,150,-117,0,-8,5
2024-07-30 21:17:05,151,-117,438,-11,5
2024-07-30 21:59:05,152,-116,434,-12,5
2024-07-30 22:41:06,153,-117,428,-11,5
2024-07-30 23:23:07,154,-116,422,-12,5
2024-07-31 00:05:08,155,-116,418,-12,5
2024-07-31 00:47:09,156,-118,413,-11,5
2024-07-31 01:29:10,157,-118,409,-11,5
2024-07-31 02:11:11,158,-118,406,-10,5
2024-07-31 02:53:12,159,-111,403,-18,5
2024-07-31 03:35:13,160,-118,397,-11,5
2024-07-31 04:17:14,161,-116,393,-12,5
2024-07-31 04:59:14,162,-117,392,-11,5
2024-07-31 05:41:15,163,-118,392,-10,5
2024-07-31 06:23:16,164,-107,391,-20,5
2024-07-31 07:05:17,165,-104,390,-23,5
2024-07-31 07:47:18,166,-117,0,-9,5
2024-07-31 08:29:19,167,-118,391,-9,5
2024-07-31 12:38:39,1,-117,0,-8,5
2024-07-31 13:20:40,2,-118,416,-11,5
2024-07-31 14:02:40,3,-117,426,-11,5
2024-07-31 17:10:46,1,-118,431,-12,5
2024-07-31 17:52:47,2,-117,0,-8,5
2024-07-31 18:34:48,3,-116,435,-14,5
2024-07-31 19:16:49,4,-113,435,-17,5
2024-07-31 19:58:50,5,-115,430,-14,5
2024-07-31 20:40:51,6,-117,0,-10,5
2024-07-31 21:22:52,7,-117,400,-17,5
2024-07-31 22:04:52,8,-117,393,-12,5
2024-07-31 22:46:53,9,-117,389,-13,5
2024-07-31 23:28:54,10,-115,387,-14,5
2024-08-01 00:10:55,11,-117,388,-13,5
2024-08-01 00:52:56,12,-116,385,-13,5
2024-08-01 01:34:57,13,-115,384,-15,5
2024-08-01 02:16:58,14,-117,382,-13,5
2024-08-01 02:58:59,15,-118,383,-12,5
2024-08-01 03:41:00,16,-118,384,-13,5
2024-08-01 04:23:01,17,-118,384,-12,5
2024-08-01 05:05:01,18,-118,383,-12,5
2024-08-01 05:47:02,19,-118,383,-12,5
2024-08-01 06:29:03,20,-118,384,-12,5
2024-08-01 07:11:04,21,-118,383,-11,5
2024-08-01 07:53:05,22,-118,382,-11,5
2024-08-01 08:35:06,23,-118,381,-11,5
2024-08-01 09:17:07,24,-117,384,-12,5
2024-08-01 09:59:08,25,-112,390,-17,5
2024-08-01 10:41:09,26,-118,401,-12,5
2024-08-01 11:23:10,27,-118,415,-14,5
2024-08-01 12:05:10,28,-116,424,-14,5
2024-08-01 14:11:13,31,-116,424,-18,5
2024-08-01 14:53:14,32,-117,422,-13,5
2024-08-01 15:35:15,33,-117,428,-13,5
2024-08-01 16:17:16,34,-115,427,-15,5
2024-08-01 16:59:17,35,-117,423,-14,5
2024-08-01 17:41:18,36,-115,417,-16,5
2024-08-01 18:23:19,37,-116,416,-16,5
2024-08-01 19:05:19,38,-117,418,-13,5
2024-08-01 20:29:21,40,-109,0,-19,5
2024-08-01 21:11:22,41,-114,426,-17,5
2024-08-01 22:35:24,43,-117,405,-13,5
2024-08-01 23:59:26,45,-117,395,-12,5
2024-08-02 00:41:27,46,-117,0,-9,5
2024-08-02 01:23:28,47,-118,385,-13,5
2024-08-02 02:05:28,48,-115,383,-14,5
2024-08-02 02:47:29,49,-116,382,-12,5
2024-08-02 03:29:30,50,-117,380,-12,5
2024-08-02 04:11:31,51,-117,379,-11,5
2024-08-02 04:53:32,52,-116,381,-12,5
2024-08-02 05:35:33,53,-116,380,-13,5
2024-08-02 06:17:34,54,-117,379,-11,5
2024-08-02 06:59:35,55,-115,378,-13,5
2024-08-02 07:41:36,56,-118,377,-11,5
2024-08-02 08:23:37,57,-112,376,-17,5
2024-08-02 09:05:37,58,-116,376,-13,5
2024-08-02 09:47:38,59,-117,377,-12,5
2024-08-02 10:29:39,60,-118,383,-12,5
2024-08-02 11:11:40,61,-118,396,-11,5
2024-08-02 11:53:41,62,-111,412,-18,5
2024-08-02 12:35:42,63,-116,420,-15,5
2024-08-02 13:17:43,64,-116,421,-14,5
2024-08-02 13:59:44,65,-117,420,-12,5
2024-08-02 14:41:45,66,-116,418,-15,5
2024-08-02 15:23:46,67,-116,416,-15,5
2024-08-02 16:05:46,68,-117,413,-15,5
2024-08-02 16:47:47,69,-116,418,-16,5
2024-08-02 17:29:48,70,-117,428,-16,5
2024-08-02 18:11:49,71,-116,426,-15,5
2024-08-02 18:53:50,72,-118,385,-13,5
2024-08-02 19:35:51,73,-117,380,-11,5
2024-08-02 20:17:52,74,-117,379,-12,5
2024-08-02 20:59:53,75,-117,378,-13,5
2024-08-02 21:41:54,76,-117,375,-14,5
2024-08-02 22:23:55,77,-111,377,-19,5
2024-08-02 23:05:55,78,-116,377,-15,5
2024-08-02 23:47:56,79,-117,377,-13,5
2024-08-03 00:29:57,80,-117,384,-11,5
2024-08-03 01:11:58,81,-116,384,-15,5
2024-08-03 01:53:59,82,-118,385,-14,5
2024-08-03 02:36:00,83,-118,384,-14,5
2024-08-03 03:18:01,84,-117,388,-12,5
2024-08-03 04:00:02,85,-117,389,-12,5
2024-08-03 04:42:03,86,-117,384,-14,5
2024-08-03 06:06:04,88,-117,384,-15,5
2024-08-03 07:30:06,90,-118,0,-11,5
2024-08-03 08:12:07,91,-116,0,-11,5
2024-08-03 08:54:08,92,-117,0,-12,5
2024-08-03 09:36:09,93,-118,0,-12,5
2024-08-03 10:18:10,94,-118,0,-9,5
2024-08-03 11:00:11,95,-120,0,-8,5
2024-08-03 11:42:12,96,-118,391,-13,5
2024-08-03 12:24:13,97,-117,0,-10,5
2024-08-03 13:06:13,98,-104,411,-25,5
2024-08-03 13:48:14,99,-117,0,-13,5
2024-08-03 14:30:15,100,-114,421,-15,5
2024-08-03 15:12:16,101,-116,423,-15,5
2024-08-03 15:54:17,102,-113,424,-18,5
2024-08-03 16:36:18,103,-118,425,-13,5
2024-08-03 17:18:19,104,-116,426,-18,5
2024-08-03 18:00:20,105,-116,426,-14,5
2024-08-03 18:42:21,106,-116,427,-17,5
2024-08-03 19:24:22,107,-117,425,-12,5
2024-08-03 20:06:22,108,-118,419,-13,5
2024-08-03 20:48:23,109,-117,404,-16,5
2024-08-03 21:30:24,110,-118,392,-15,5
2024-08-03 22:12:25,111,-112,387,-19,5
2024-08-03 22:54:26,112,-116,384,-14,5
2024-08-03 23:36:27,113,-116,383,-14,5
2024-08-04 00:18:28,114,-116,383,-16,5
2024-08-04 01:00:29,115,-118,385,-12,5
2024-08-04 01:42:30,116,-118,384,-15,5
2024-08-04 02:24:31,117,-117,387,-13,5
2024-08-04 03:06:31,118,-118,389,-12,5
2024-08-04 03:48:32,119,-117,396,-13,5
2024-08-04 04:30:33,120,-118,404,-14,5
2024-08-04 05:12:34,121,-117,409,-12,5
2024-08-04 05:54:35,122,-118,409,-12,5
2024-08-04 06:36:36,123,-117,402,-13,5
2024-08-04 07:18:37,124,-117,397,-13,5
2024-08-04 08:00:38,125,-118,397,-12,5
2024-08-04 08:42:39,126,-118,395,-14,5
2024-08-04 09:24:39,127,-117,387,-15,5
2024-08-04 10:06:40,128,-118,376,-13,5
2024-08-04 10:48:41,129,-118,374,-13,5
2024-08-04 11:30:42,130,-118,381,-12,5
2024-08-04 12:12:43,131,-118,387,-11,5
2024-08-04 12:54:44,132,-118,396,-12,5
2024-08-04 13:36:45,133,-117,404,-14,5
2024-08-04 14:18:46,134,-117,411,-15,5
2024-08-04 15:00:47,135,-117,424,-16,5
2024-08-04 16:24:49,137,-118,429,-12,5
2024-08-04 17:06:49,138,-116,430,-16,5
2024-08-04 18:30:51,140,-118,428,-15,5
2024-08-04 19:54:53,142,-117,418,-13,5
2024-08-04 21:18:55,144,-118,390,-13,5
2024-08-04 22:00:56,145,-115,386,-15,5
2024-08-04 22:42:57,146,-117,385,-13,5
2024-08-04 23:24:58,147,-117,387,-12,5
2024-08-05 00:06:58,148,-115,389,-14,5
2024-08-05 00:48:59,149,-116,391,-13,5
2024-08-05 02:13:01,151,-117,390,-13,5
2024-08-05 02:55:02,152,-118,393,-11,5
2024-08-05 03:37:03,153,-117,400,-13,5
2024-08-05 04:19:04,154,-109,401,-20,5
2024-08-05 05:01:05,155,-118,400,-13,5
2024-08-05 05:43:06,156,-114,401,-16,5
2024-08-05 06:25:06,157,-118,404,-12,5
2024-08-05 07:07:07,158,-117,400,-13,5
2024-08-05 07:49:08,159,-118,399,-13,5
2024-08-05 08:31:09,160,-118,392,-12,5
2024-08-05 09:13:10,161,-118,386,-11,5
2024-08-05 09:55:11,162,-114,381,-18,5
2024-08-05 10:37:12,163,-118,376,-12,5
2024-08-05 11:19:13,164,-118,384,-12,5
2024-08-05 12:01:14,165,-119,395,-15,5
2024-08-05 13:25:15,167,-117,420,-14,5
2024-08-05 14:07:16,168,-115,424,-17,5
2024-08-05 14:49:17,169,-117,428,-14,5
2024-08-05 16:13:19,171,-116,427,-14,5
2024-08-05 16:55:20,172,-118,429,-13,5
2024-08-05 17:37:21,173,-118,428,-13,5
2024-08-05 18:19:22,174,-118,430,-15,5
2024-08-05 19:01:23,175,-116,433,-14,5
2024-08-05 19:43:24,176,-117,435,-13,5
2024-08-05 20:25:24,177,-117,438,-14,5
2024-08-05 21:07:25,178,-117,427,-12,5
2024-08-05 21:49:26,179,-118,410,-13,5
2024-08-05 22:31:27,180,-118,400,-14,5
2024-08-05 23:13:28,181,-118,394,-12,5
2024-08-05 23:55:29,182,-118,391,-11,5
2024-08-06 00:37:30,183,-118,391,-11,5
2024-08-06 01:19:31,184,-118,389,-11,5
2024-08-06 02:01:32,185,-118,388,-11,5
2024-08-06 03:25:33,187,-117,392,-12,5
2024-08-06 04:07:34,188,-118,0,-9,5
2024-08-06 04:49:35,189,-118,391,-11,5
2024-08-06 05:31:36,190,-116,392,-13,5
2024-08-06 06:13:37,191,-117,394,-12,5
2024-08-06 06:55:38,192,-118,396,-11,5
2024-08-06 07:37:39,193,-118,393,-12,5
2024-08-06 08:19:40,194,-116,389,-12,5
2024-08-06 09:01:41,195,-118,385,-11,5
2024-08-06 09:43:42,196,-118,381,-11,5
2024-08-06 10:25:42,197,-118,380,-12,5
2024-08-06 11:07:43,198,-115,395,-15,5
2024-08-06 11:49:44,199,-117,415,-15,5
2024-08-06 12:31:45,200,-118,425,-11,5
2024-08-06 13:13:46,201,-117,428,-13,5
2024-08-06 13:55:47,202,-117,423,-14,5
2024-08-06 14:37:48,203,-117,420,-16,5
2024-08-06 15:19:49,204,-118,418,-13,5
2024-08-06 16:01:50,205,-118,413,-12,5
2024-08-06 16:43:51,206,-117,414,-12,5
2024-08-06 17:25:51,207,-117,413,-14,5
2024-08-06 18:07:52,208,-111,415,-19,5
2024-08-06 18:49:53,209,-117,436,-12,5
2024-08-06 19:31:54,210,-113,440,-18,5
2024-08-06 20:13:55,211,-117,439,-12,5
2024-08-06 21:37:57,213,-117,424,-12,5
2024-08-06 22:19:58,214,-118,416,-12,5
2024-08-06 23:01:59,215,-117,411,-14,5
2024-08-06 23:44:00,216,-118,406,-13,5
2024-08-07 00:26:00,217,-117,401,-13,5
2024-08-07 01:08:01,218,-118,393,-13,5
2024-08-07 01:50:02,219,-117,390,-13,5
2024-08-07 02:32:03,220,-117,388,-13,5
2024-08-07 03:14:04,221,-117,386,-13,5
2024-08-07 03:56:05,222,-118,386,-13,5
2024-08-07 04:38:06,223,-118,387,-13,5
2024-08-07 05:20:07,224,-117,388,-12,5
2024-08-07 06:02:08,225,-118,387,-12,5
2024-08-07 06:44:09,226,-118,385,-11,5
2024-08-07 07:26:09,227,-117,386,-16,5
2024-08-07 08:08:10,228,-117,383,-14,5
2024-08-07 08:50:11,229,-118,385,-14,5
2024-08-07 09:32:12,230,-118,387,-13,5
2024-08-07 10:14:13,231,-118,385,-16,5
2024-08-07 10:56:14,232,-117,388,-15,5
2024-08-07 11:38:15,233,-118,397,-17,5
2024-08-07 12:20:16,234,-119,403,-12,5
2024-08-07 13:02:17,235,-116,411,-14,5
2024-08-07 13:44:17,236,-117,412,-10,5
2024-08-07 14:26:18,237,-117,426,-13,5
2024-08-07 15:50:20,239,-117,421,-12,5
2024-08-07 17:14:22,241,-117,424,-12,5
2024-08-07 17:56:23,242,-117,423,-13,5
2024-08-07 18:38:24,243,-118,427,-12,5
2024-08-07 19:20:25,244,-118,436,-13,5
2024-08-07 20:02:26,245,-117,438,-13,5
2024-08-07 20:44:26,246,-116,426,-11,5
2024-08-07 21:26:27,247,-117,413,-12,5
2024-08-07 22:08:28,248,-118,403,-12,5
2024-08-07 22:50:29,249,-118,395,-10,5
2024-08-07 23:32:30,250,-118,391,-12,5
2024-08-08 00:14:31,251,-118,390,-11,5
2024-08-08 00:56:32,252,-118,388,-12,5
2024-08-08 01:38:33,253,-118,387,-13,5
2024-08-08 02:20:34,254,-117,388,-13,5
2024-08-08 03:02:35,255,-113,388,-16,5
2024-08-08 03:44:36,256,-118,390,-11,5
2024-08-08 04:26:36,257,-118,389,-12,5
2024-08-08 05:08:37,258,-118,389,-11,5
2024-08-08 05:50:38,259,-118,390,-12,5
2024-08-08 06:32:39,260,-118,389,-11,5
2024-08-08 07:14:40,261,-118,388,-11,5
2024-08-08 07:56:41,262,-118,387,-12,5
2024-08-08 08:38:42,263,-117,388,-12,5
2024-08-08 09:20:43,264,-118,387,-13,5
2024-08-08 10:02:44,265,-117,383,-13,5
2024-08-08 10:44:44,266,-115,385,-15,5
2024-08-08 11:26:45,267,-118,395,-12,5
2024-08-08 12:08:46,268,-118,410,-12,5
2024-08-08 12:50:47,269,-117,422,-13,5
2024-08-08 13:32:48,270,-118,427,-14,5
2024-08-08 14:14:49,271,-118,429,-12,5
2024-08-08 14:56:50,272,-117,430,-9,5
2024-08-08 15:38:51,273,-118,429,-12,5
2024-08-08 16:20:52,274,-118,428,-13,5
2024-08-08 17:02:53,275,-116,431,-13,5
2024-08-08 17:44:54,276,-117,435,-14,5
2024-08-08 18:26:54,277,-117,435,-16,5
2024-08-08 19:08:55,278,-118,437,-13,5
2024-08-08 19:50:56,279,-118,440,-11,5
2024-08-08 20:32:57,280,-117,436,-11,5
2024-08-08 21:14:58,281,-118,419,-12,5
2024-08-08 22:39:00,283,-117,399,-12,5
2024-08-08 23:21:01,284,-117,396,-12,5
2024-08-09 00:03:02,285,-117,394,-12,5
2024-08-09 00:45:02,286,-117,394,-13,5
2024-08-09 01:27:03,287,-118,395,-12,5
2024-08-09 02:51:05,289,-118,404,-12,5
2024-08-09 03:33:06,290,-117,409,-13,5
2024-08-09 04:15:07,291,-117,403,-12,5
2024-08-09 05:39:09,293,-118,408,-11,5
2024-08-09 06:21:10,294,-117,401,-11,5
2024-08-09 07:03:11,295,-117,400,-12,5
2024-08-09 07:45:11,296,-117,399,-12,5
2024-08-09 08:27:12,297,-117,394,-12,5
2024-08-09 09:09:13,298,-117,388,-13,5
2024-08-09 09:51:14,299,-117,384,-13,5
2024-08-09 10:33:15,300,-118,383,-13,5
2024-08-09 11:15:16,301,-118,397,-12,5
2024-08-09 11:57:17,302,-117,418,-13,5
2024-08-09 12:39:18,303,-118,429,-13,5
2024-08-09 13:21:19,304,-117,430,-14,5
2024-08-09 14:03:20,305,-112,432,-21,5
2024-08-09 14:45:20,306,-117,429,-15,5
2024-08-09 15:27:21,307,-112,425,-17,5
2024-08-09 16:09:22,308,-118,427,-16,5
2024-08-09 16:51:23,309,-118,427,-14,5
2024-08-09 17:33:24,310,-117,428,-16,5
2024-08-09 18:15:25,311,-117,428,-15,5
2024-08-09 18:57:26,312,-116,429,-14,5
2024-08-09 19:39:27,313,-118,439,-14,5
2024-08-09 20:21:28,314,-117,443,-13,5
2024-08-09 21:03:29,315,-115,433,-14,5
2024-08-09 21:45:29,316,-116,417,-16,5
2024-08-09 22:27:30,317,-116,409,-14,5
2024-08-09 23:09:31,318,-119,401,-14,5
2024-08-09 23:51:32,319,-116,398,-16,5
2024-08-10 00:33:33,320,-115,395,-15,5
2024-08-10 01:15:34,321,-117,394,-13,5
2024-08-10 01:57:35,322,-118,393,-13,5
2024-08-10 02:39:36,323,-118,392,-11,5
2024-08-10 03:21:37,324,-117,393,-13,5
2024-08-10 04:03:38,325,-117,396,-13,5
2024-08-10 04:45:38,326,-118,398,-13,5
2024-08-10 05:27:39,327,-117,401,-13,5
2024-08-10 06:09:40,328,-115,396,-15,5
2024-08-10 06:51:41,329,-114,395,-16,5
2024-08-10 07:33:42,330,-116,394,-13,5
2024-08-10 08:15:43,331,-116,394,-17,5
2024-08-10 08:57:44,332,-116,390,-14,5
2024-08-10 09:39:45,333,-115,384,-15,5
2024-08-10 10:21:46,334,-116,383,-13,5
2024-08-10 11:45:47,336,-118,415,-10,5
2024-08-10 13:09:49,338,-118,432,-14,5
2024-08-10 13:51:50,339,-118,431,-16,5
2024-08-10 14:33:51,340,-118,429,-12,5
2024-08-10 15:15:52,341,-118,425,-11,5
2024-08-10 15:57:53,342,-116,419,-14,5
2024-08-10 16:39:54,343,-115,419,-17,5
2024-08-10 17:21:55,344,-118,419,-17,5
2024-08-10 18:03:56,345,-118,423,-13,5
2024-08-10 18:45:56,346,-117,427,-14,5
2024-08-10 19:27:57,347,-117,436,-14,5
2024-08-10 20:09:58,348,-116,442,-14,5
2024-08-10 20:51:59,349,-117,440,-12,5
2024-08-10 21:34:00,350,-118,426,-11,5
2024-08-10 22:16:01,351,-117,415,-13,5
2024-08-10 22:58:02,352,-118,406,-12,5
2024-08-10 23:40:03,353,-118,399,-12,5
2024-08-11 00:22:04,354,-116,394,-14,5
2024-08-11 01:04:05,355,-117,394,-13,5
2024-08-11 01:46:05,356,-117,392,-13,5
2024-08-11 02:28:06,357,-116,391,-14,5
2024-08-11 03:10:07,358,-116,392,-13,5
2024-08-11 03:52:08,359,-116,394,-14,5
2024-08-11 04:34:09,360,-116,393,-14,5
2024-08-11 05:16:10,361,-116,392,-14,5
2024-08-11 05:58:11,362,-115,389,-15,5
2024-08-11 06:40:12,363,-118,387,-11,5
2024-08-11 07:22:13,364,-116,388,-13,5
2024-08-11 08:04:14,365,-117,386,-12,5
2024-08-11 08:46:14,366,-118,384,-12,5
2024-08-11 09:28:15,367,-116,384,-14,5
2024-08-11 10:10:16,368,-112,386,-20,5
2024-08-11 10:52:17,369,-117,399,-13,5
2024-08-11 11:34:18,370,-118,417,-10,5
2024-08-11 12:16:19,371,-116,425,-12,5
2024-08-11 12:58:20,372,-115,430,-14,5
2024-08-11 13:40:21,373,-116,428,-13,5
2024-08-11 14:22:22,374,-115,430,-16,5
2024-08-11 15:04:23,375,-117,425,-11,5
2024-08-11 15:46:23,376,-113,425,-16,5
2024-08-11 16:28:24,377,-115,424,-12,5
2024-08-11 17:10:25,378,-117,432,-12,5
2024-08-11 17:52:26,379,-117,430,-12,5
2024-08-11 18:34:27,380,-118,433,-9,5
2024-08-11 19:16:28,381,-116,433,-10,5
2024-08-11 19:58:29,382,-113,435,-14,5
2024-08-11 20:40:30,383,-116,433,-12,5
2024-08-11 21:22:31,384,-118,424,-11,5
2024-08-11 22:04:32,385,-116,420,-13,5
2024-08-11 22:46:32,386,-116,415,-14,5
2024-08-11 23:28:33,387,-117,410,-12,5
2024-08-12 00:10:34,388,-114,408,-15,5
2024-08-12 01:34:36,390,-117,398,-11,5
2024-08-12 02:16:37,391,-117,398,-11,5
2024-08-12 02:58:38,392,-114,-607,-14,5
2024-08-12 03:40:39,393,-116,397,-13,5
2024-08-12 04:22:40,394,-117,396,-12,5
2024-08-12 05:04:41,395,-117,395,-11,5
2024-08-12 05:46:41,396,-115,394,-13,5
2024-08-12 06:28:42,397,-118,393,-10,5
2024-08-12 07:10:43,398,-117,392,-12,5
2024-08-12 07:52:44,399,-117,391,-12,5
2024-08-12 08:34:45,400,-113,391,-15,5
2024-08-12 09:16:46,401,-117,390,-9,5
2024-08-12 09:58:47,402,-117,389,-11,5
2024-08-12 10:40:48,403,-118,395,-10,5
2024-08-12 11:22:49,404,-117,408,-13,5
2024-08-12 12:04:50,405,-117,416,-13,5
2024-08-12 12:46:50,406,-115,420,-15,5
2024-08-12 13:28:51,407,-111,424,-20,5
2024-08-12 14:10:52,408,-118,426,-15,5
2024-08-12 14:52:53,409,-117,426,-11,5
2024-08-12 15:34:54,410,-118,427,-13,5
2024-08-12 16:16:55,411,-118,426,-10,5
2024-08-12 17:40:57,413,-118,429,-14,5
2024-08-12 18:22:58,414,-118,429,-15,5
2024-08-12 19:04:59,415,-114,433,-13,5
2024-08-12 19:46:59,416,-118,435,-9,5
2024-08-12 20:29:00,417,-116,432,-11,5
2024-08-12 21:11:01,418,-118,425,-11,5
2024-08-12 21:53:02,419,-117,421,-9,5
2024-08-12 22:35:03,420,-118,416,-9,5
2024-08-12 23:17:04,421,-118,414,-9,5
2024-08-12 23:59:05,422,-118,410,-12,5
2024-08-13 00:41:06,423,-118,404,-9,5
2024-08-13 01:23:07,424,-117,399,-9,5
2024-08-13 02:05:08,425,-118,398,-9,5
2024-08-13 02:47:08,426,-111,397,-15,5
2024-08-13 03:29:09,427,-118,396,-9,5
2024-08-13 04:11:10,428,-117,394,-11,5
2024-08-13 04:53:11,429,-118,393,-10,5
2024-08-13 05:35:12,430,-117,391,-11,5
2024-08-13 06:17:13,431,-116,391,-12,5
2024-08-13 06:59:14,432,-118,390,-10,5
2024-08-13 07:41:15,433,-118,391,-11,5
2024-08-13 09:05:17,435,-110,382,-18,5
2024-08-13 10:29:18,437,-117,387,-12,5
2024-08-13 11:11:19,438,-115,406,-12,5
2024-08-13 11:53:20,439,-118,422,-10,5
2024-08-13 12:35:21,440,-116,423,-12,5
2024-08-13 13:17:22,441,-117,416,-11,5
2024-08-13 13:59:23,442,-116,415,-13,5
2024-08-13 14:41:24,443,-117,415,-11,5
2024-08-13 15:23:25,444,-116,426,-11,5
2024-08-13 16:05:26,445,-117,425,-10,5
2024-08-13 16:47:27,446,-117,421,-13,5
2024-08-13 17:29:27,447,-116,424,-12,5
2024-08-13 18:11:28,448,-115,428,-13,5
2024-08-13 18:53:29,449,-115,429,-13,5
2024-08-13 19:35:30,450,-115,424,-12,5
2024-08-13 20:17:31,451,-118,410,-13,5
2024-08-13 20:59:32,452,-116,405,-15,5
2024-08-13 21:41:33,453,-118,394,-12,5
2024-08-13 22:23:34,454,-118,386,-10,5
2024-08-13 23:05:35,455,-117,390,-15,5
2024-08-14 00:29:36,457,-116,384,-18,5
2024-08-14 01:53:38,459,-117,393,-13,5
2024-08-14 02:35:39,460,-117,397,-14,5
2024-08-14 03:17:40,461,-117,387,-13,5
2024-08-14 03:59:41,462,-117,380,-12,5
2024-08-14 04:41:42,463,-117,382,-12,5
2024-08-14 05:23:43,464,-118,381,-11,5
2024-08-14 06:05:44,465,-117,383,-12,5
2024-08-14 06:47:45,466,-117,382,-12,5
2024-08-14 08:11:46,468,-117,378,-14,5
2024-08-14 08:53:47,469,-117,376,-15,5
2024-08-14 09:35:48,470,-114,374,-18,5
2024-08-14 10:17:49,471,-116,373,-14,5
2024-08-14 10:59:50,472,-118,382,-13,5
2024-08-14 11:41:51,473,-117,403,-10,5
2024-08-14 12:23:52,474,-117,413,-12,5
2024-08-14 13:05:53,475,-116,418,-14,5
2024-08-14 13:47:54,476,-117,417,-13,5
2024-08-14 14:29:54,477,-117,411,-14,5
2024-08-14 15:11:55,478,-118,407,-13,5
2024-08-14 15:53:56,479,-118,404,-15,5
2024-08-14 16:35:57,480,-118,399,-12,5
2024-08-14 17:17:58,481,-118,400,-12,5
2024-08-14 18:42:00,483,-116,404,-16,5
2024-08-14 19:24:01,484,-117,395,-16,5
2024-08-14 20:06:02,485,-116,388,-15,5
2024-08-14 21:30:03,487,-116,385,-15,5
2024-08-14 22:54:05,489,-116,399,-18,5
2024-08-14 23:36:06,490,-117,396,-16,5
2024-08-15 00:18:07,491,-117,394,-13,5
2024-08-15 01:00:08,492,-117,384,-13,5
2024-08-15 01:42:09,493,-117,381,-14,5
2024-08-15 02:24:10,494,-117,387,-15,5
2024-08-15 03:48:12,496,-114,380,-16,5
2024-08-15 04:30:12,497,-118,377,-12,5
2024-08-15 05:12:13,498,-117,378,-13,5
2024-08-15 05:54:14,499,-117,377,-13,5
2024-08-15 06:36:15,500,-117,380,-13,5
2024-08-15 07:18:16,501,-115,380,-15,5
2024-08-15 08:00:17,502,-115,377,-15,5
2024-08-15 09:24:19,504,-118,377,-13,5
2024-08-15 10:06:20,505,-118,378,-14,5
2024-08-15 10:48:21,506,-118,373,-11,5
2024-08-15 11:30:21,507,-117,375,-16,5
2024-08-15 12:12:22,508,-118,388,-9,5
2024-08-15 12:54:23,509,-119,403,-13,5
2024-08-15 13:36:24,510,-116,413,-15,5
2024-08-15 14:18:25,511,-117,419,-13,5
2024-08-15 15:00:26,512,-117,422,-14,5
2024-08-15 15:42:27,513,-117,423,-12,5
2024-08-15 16:24:28,514,-117,426,-11,5
2024-08-15 17:06:29,515,-117,425,-12,5
2024-08-15 17:48:30,516,-118,427,-13,5
2024-08-15 18:30:30,517,-116,428,-14,5
2024-08-15 19:12:31,518,-116,426,-14,5
2024-08-15 19:54:32,519,-117,421,-13,5
2024-08-15 20:36:33,520,-118,408,-13,5
2024-08-15 21:18:34,521,-118,397,-14,5
2024-08-15 22:00:35,522,-118,392,-15,5
2024-08-15 22:42:36,523,-118,389,-14,5
2024-08-15 23:24:37,524,-118,386,-13,5
2024-08-16 00:06:38,525,-116,385,-16,5
2024-08-16 00:48:39,526,-117,386,-16,5
2024-08-16 01:30:39,527,-118,388,-14,5
2024-08-16 02:12:40,528,-115,385,-18,5
2024-08-16 02:54:41,529,-118,383,-14,5
2024-08-16 03:36:42,530,-118,388,-14,5
2024-08-16 05:00:44,532,-117,383,-14,5
2024-08-16 06:24:46,534,-118,388,-14,5
2024-08-16 07:06:47,535,-117,0,-11,5
2024-08-16 07:48:48,536,-118,388,-14,5
2024-08-16 08:30:48,537,-117,385,-13,5
2024-08-16 09:12:49,538,-115,380,-15,5
2024-08-16 09:54:50,539,-117,378,-14,5
2024-08-16 10:36:51,540,-118,380,-15,5
2024-08-16 11:18:52,541,-117,394,-16,5
2024-08-16 12:00:53,542,-117,411,-10,5
2024-08-16 12:42:54,543,-118,419,-12,5
2024-08-16 13:24:55,544,-117,424,-13,5
2024-08-16 14:06:56,545,-116,425,-15,5
2024-08-16 14:48:57,546,-117,426,-14,5
2024-08-16 15:30:57,547,-118,424,-14,5
2024-08-16 16:12:58,548,-117,422,-13,5
2024-08-16 16:54:59,549,-118,427,-13,5
2024-08-16 17:37:00,550,-117,429,-16,5
2024-08-16 18:19:01,551,-117,431,-15,5
2024-08-16 19:01:02,552,-118,434,-17,5
2024-08-16 19:43:03,553,-118,435,-13,5
2024-08-16 20:25:04,554,-117,431,-12,5
2024-08-16 21:07:05,555,-115,417,-15,5
2024-08-16 21:49:06,556,-117,408,-14,5
2024-08-16 22:31:06,557,-112,402,-19,5
2024-08-16 23:13:07,558,-118,396,-12,5
2024-08-16 23:55:08,559,-118,393,-12,5
2024-08-17 00:37:09,560,-117,391,-14,5
2024-08-17 01:19:10,561,-119,389,-12,5
2024-08-17 02:01:11,562,-118,389,-13,5
2024-08-17 02:43:12,563,-117,390,-13,5
2024-08-17 03:25:13,564,-118,387,-13,5
2024-08-17 04:07:14,565,-118,386,-12,5
2024-08-17 04:49:15,566,-118,389,-13,5
2024-08-17 05:31:15,567,-118,388,-13,5
2024-08-17 06:13:16,568,-117,388,-14,5
2024-08-17 06:55:17,569,-117,0,-10,5
2024-08-17 07:37:18,570,-117,0,-12,5
2024-08-17 08:19:19,571,-118,0,-10,5
2024-08-17 09:01:20,572,-118,0,-10,5
2024-08-17 09:43:21,573,-118,0,-10,5
2024-08-17 10:25:22,574,-118,387,-13,5
2024-08-17 11:49:24,576,-119,0,-10,5
2024-08-17 12:31:24,577,-117,426,-15,5
2024-08-17 13:13:25,578,-117,0,-11,5
2024-08-17 13:55:26,579,-117,0,-9,5
2024-08-17 14:37:27,580,-110,426,-19,5
2024-08-17 16:01:29,582,-121,0,-11,5
2024-08-17 16:43:30,583,-119,0,-12,5
2024-08-17 17:25:31,584,-118,0,-13,5
2024-08-17 18:49:33,586,-118,0,-18,5
2024-08-17 20:13:34,588,-118,0,-10,5
2024-08-17 20:55:35,589,-120,0,-10,5
2024-08-17 21:37:36,590,-117,387,-13,5
2024-08-17 22:19:37,591,-118,385,-11,5
2024-08-17 23:01:38,592,-116,388,-13,5
2024-08-17 23:43:39,593,-117,385,-12,5
2024-08-18 00:25:40,594,-116,384,-13,5
2024-08-18 01:07:41,595,-118,384,-12,5
2024-08-18 01:49:42,596,-118,387,-12,5
2024-08-18 02:31:43,597,-117,387,-13,5
2024-08-18 03:13:43,598,-118,389,-12,5
2024-08-18 03:55:44,599,-117,413,-15,5
2024-08-18 04:37:45,600,-115,417,-15,5
2024-08-18 05:19:46,601,-116,418,-13,5
2024-08-18 06:01:47,602,-118,411,-12,5
2024-08-18 06:43:48,603,-118,406,-11,5
2024-08-18 07:25:49,604,-118,403,-10,5
2024-08-18 08:07:50,605,-118,410,-12,5
2024-08-18 08:49:51,606,-117,397,-12,5
2024-08-18 09:31:52,607,-118,393,-12,5
2024-08-18 10:13:52,608,-118,395,-13,5
2024-08-18 10:55:53,609,-117,396,-15,5
2024-08-18 11:37:54,610,-118,409,-18,5
2024-08-18 12:19:55,611,-118,414,-13,5
2024-08-18 13:01:56,612,-116,409,-17,5
2024-08-18 14:25:58,614,-117,393,-13,5
2024-08-18 15:07:59,615,-118,386,-14,5
2024-08-18 15:50:00,616,-118,392,-16,5
2024-08-18 16:32:01,617,-114,389,-18,5
2024-08-18 17:14:01,618,-117,390,-14,5
2024-08-18 17:56:02,619,-118,389,-14,5
2024-08-18 18:38:03,620,-117,394,-15,5
2024-08-18 19:20:04,621,-117,398,-17,5
2024-08-18 20:02:05,622,-116,402,-19,5
2024-08-18 20:44:06,623,-117,406,-16,5
2024-08-18 21:26:07,624,-109,410,-22,5
2024-08-18 22:08:08,625,-112,414,-22,5
2024-08-18 22:50:09,626,-115,415,-13,5
2024-08-18 23:32:09,627,-115,413,-19,5
2024-08-19 00:14:10,628,-117,412,-17,5
2024-08-19 01:38:12,630,-117,414,-13,5
2024-08-19 03:44:15,633,-118,424,-16,5
2024-08-19 04:26:16,634,-117,427,-17,5
2024-08-19 05:08:17,635,-118,432,-19,5
2024-08-19 05:50:18,636,-116,433,-16,5
2024-08-19 06:32:18,637,-118,437,-10,5
2024-08-19 07:14:19,638,-117,440,-13,5
2024-08-19 07:56:20,639,-118,435,-11,5
2024-08-19 08:38:21,640,-118,431,-13,5
2024-08-19 09:20:22,641,-118,425,-11,5
2024-08-19 10:02:23,642,-117,416,-11,5
2024-08-19 10:44:24,643,-117,398,-10,5
2024-08-19 11:26:25,644,-117,384,-7,5
2024-08-19 12:08:26,645,-115,385,-7,5
2024-08-19 12:50:27,646,-117,390,-10,5
2024-08-19 13:32:27,647,-115,391,-7,5
2024-08-19 14:14:28,648,-118,401,-16,5
2024-08-19 15:38:30,650,-116,419,-6,5
2024-08-19 16:20:31,651,-116,425,-6,5
2024-08-19 17:02:32,652,-113,426,-10,5
2024-08-19 17:44:33,653,-117,424,-14,5
2024-08-19 19:08:35,655,-117,418,-16,5
2024-08-19 19:50:36,656,-119,410,-17,5
2024-08-19 20:32:36,657,-118,403,-14,5
2024-08-19 21:14:37,658,-118,400,-15,5
2024-08-19 21:56:38,659,-116,401,-19,5
2024-08-19 22:38:39,660,-118,404,-15,5
2024-08-19 23:20:40,661,-118,412,-17,5
2024-08-20 00:02:41,662,-118,421,-16,5
2024-08-20 00:44:42,663,-118,420,-15,5
2024-08-20 01:26:43,664,-118,413,-14,5
2024-08-20 02:08:44,665,-117,416,-15,5
2024-08-20 02:50:44,666,-118,423,-16,5
2024-08-20 03:32:45,667,-117,418,-16,5
2024-08-20 04:14:46,668,-118,417,-15,5
2024-08-20 04:56:47,669,-118,417,-15,5
2024-08-20 05:38:48,670,-118,419,-15,5
2024-08-20 06:20:49,671,-118,419,-14,5
2024-08-20 07:02:50,672,-117,420,-15,5
2024-08-20 07:44:51,673,-117,417,-14,5
2024-08-20 08:26:52,674,-118,410,-10,5
2024-08-20 09:08:53,675,-115,403,-6,5
2024-08-20 10:32:54,677,-117,389,-5,5
2024-08-20 11:14:55,678,-114,394,-17,5
2024-08-20 11:56:56,679,-117,410,-15,5
2024-08-20 12:38:57,680,-118,420,-12,5
2024-08-20 13:20:58,681,-116,430,-17,5
2024-08-20 14:45:00,683,-116,437,-12,5
2024-08-20 16:09:02,685,-114,440,-13,5
2024-08-20 16:51:02,686,-99,441,-23,5
2024-08-20 17:33:03,687,-117,440,-13,5
2024-08-20 18:15:04,688,-117,441,-14,5
2024-08-20 18:57:05,689,-117,440,-15,5
2024-08-20 19:39:06,690,-117,433,-16,5
2024-08-20 20:21:07,691,-118,424,-14,5
2024-08-20 21:03:08,692,-119,412,-14,5
2024-08-20 21:45:09,693,-118,406,-16,5
2024-08-20 22:27:10,694,-118,403,-14,5
2024-08-20 23:09:11,695,-117,402,-15,5
2024-08-20 23:51:11,696,-117,402,-15,5
2024-08-21 00:33:12,697,-118,403,-16,5
2024-08-21 01:15:13,698,-118,402,-15,5
2024-08-21 01:57:14,699,-118,403,-15,5
2024-08-21 02:39:15,700,-118,400,-14,5
2024-08-21 03:21:16,701,-118,401,-14,5
2024-08-21 04:03:17,702,-117,401,-15,5
2024-08-21 04:45:18,703,-117,400,-17,5
2024-08-21 05:27:19,704,-118,402,-15,5
2024-08-21 06:09:20,705,-118,404,-13,5
2024-08-21 06:51:20,706,-118,411,-16,5
2024-08-21 07:33:21,707,-117,415,-17,5
2024-08-21 08:15:22,708,-118,417,-15,5
2024-08-21 08:57:23,709,-117,411,-8,5
2024-08-21 09:39:24,710,-118,407,-10,5
2024-08-21 10:21:25,711,-115,404,-12,5
2024-08-21 11:03:26,712,-117,403,-8,5
2024-08-21 11:45:27,713,-116,397,-15,5
2024-08-21 12:27:28,714,-117,394,-7,5
2024-08-21 13:09:28,715,-117,412,-8,5
2024-08-21 13:51:29,716,-118,423,-9,5
2024-08-21 14:33:30,717,-118,426,-8,5
2024-08-21 15:15:31,718,-116,431,-9,5
2024-08-21 15:57:32,719,-114,436,-9,5
2024-08-21 17:21:34,721,-113,437,-17,5
2024-08-21 18:03:35,722,-117,436,-9,5
2024-08-21 18:45:36,723,-118,432,-15,5
2024-08-21 19:27:37,724,-118,425,-13,5
2024-08-21 20:09:37,725,-116,417,-13,5
2024-08-21 20:51:38,726,-113,410,-19,5
2024-08-21 21:33:39,727,-118,412,-13,5
2024-08-21 22:15:40,728,-114,416,-17,5
2024-08-21 22:57:41,729,-117,418,-15,5
2024-08-21 23:39:42,730,-117,427,-14,5
2024-08-22 00:21:43,731,-117,430,-15,5
2024-08-22 01:03:44,732,-117,441,-14,5
2024-08-22 01:45:45,733,-116,437,-15,5
2024-08-22 02:27:46,734,-118,440,-13,5
2024-08-22 03:09:46,735,-118,436,-13,5
2024-08-22 03:51:47,736,-118,442,-14,5
2024-08-22 05:15:49,738,-118,446,-15,5
2024-08-22 05:57:50,739,-119,456,-13,5
2024-08-22 06:39:51,740,-119,454,-12,5
2024-08-22 07:21:52,741,-118,451,-14,5
2024-08-22 08:03:53,742,-117,445,-13,5
2024-08-22 08:45:54,743,-117,438,-13,5
2024-08-22 09:27:54,744,-117,432,-10,5
2024-08-22 10:09:55,745,-117,421,-5,5
2024-08-22 10:51:56,746,-117,403,-8,5
2024-08-22 12:15:58,748,-118,421,-9,5
2024-08-22 12:57:59,749,-117,434,-11,5
2024-08-22 13:40:00,750,-115,442,-12,5
2024-08-22 14:22:01,751,-111,444,-17,5
2024-08-22 15:04:02,752,-117,449,-10,5
2024-08-22 15:46:03,753,-113,450,-14,5
2024-08-22 16:28:03,754,-117,453,-12,5
2024-08-22 17:10:04,755,-117,454,-12,5
2024-08-22 17:52:05,756,-116,456,-12,5
2024-08-22 18:34:06,757,-117,457,-12,5
2024-08-22 19:16:07,758,-118,460,-11,5
2024-08-22 19:58:08,759,-117,455,-12,5
2024-08-22 20:40:09,760,-118,437,-11,5
2024-08-22 21:22:10,761,-118,422,-13,5
2024-08-22 22:04:11,762,-118,417,-11,5
2024-08-22 22:46:12,763,-117,416,-12,5
2024-08-22 23:28:12,764,-116,416,-13,5
2024-08-23 00:10:13,765,-114,420,-16,5
2024-08-23 00:52:14,766,-118,424,-13,5
2024-08-23 01:34:15,767,-117,424,-12,5
2024-08-23 02:16:16,768,-117,425,-12,5
2024-08-23 02:58:17,769,-118,427,-12,5
2024-08-23 03:40:18,770,-117,431,-12,5
2024-08-23 04:22:19,771,-117,433,-12,5
2024-08-23 05:04:20,772,-117,436,-11,5
2024-08-23 05:46:20,773,-117,438,-11,5
2024-08-23 06:28:21,774,-117,442,-11,5
2024-08-23 07:10:22,775,-116,445,-12,5
2024-08-23 07:52:23,776,-117,446,-6,5
2024-08-23 08:34:24,777,-112,441,-19,5
2024-08-23 09:16:25,778,-116,430,-12,5
2024-08-23 09:58:26,779,-117,416,-12,5
2024-08-23 10:40:27,780,-118,405,-9,5
2024-08-23 12:04:29,782,-117,421,-14,5
2024-08-23 13:28:30,784,-116,449,-9,5
2024-08-23 14:10:31,785,-117,451,-10,5
2024-08-23 14:52:32,786,-117,452,-11,5
2024-08-23 15:34:33,787,-115,447,-13,5
2024-08-23 16:16:34,788,-117,442,-9,5
2024-08-23 16:58:35,789,-117,440,-11,5
2024-08-23 17:40:36,790,-117,441,-11,5
2024-08-23 18:22:37,791,-117,445,-11,5
2024-08-23 19:04:37,792,-117,453,-11,5
2024-08-23 19:46:38,793,-117,461,-11,5
2024-08-23 20:28:39,794,-117,461,-11,5
2024-08-23 21:10:40,795,-118,446,-11,5
2024-08-23 21:52:41,796,-118,433,-11,5
2024-08-23 22:34:42,797,-113,425,-13,5
2024-08-23 23:16:43,798,-117,421,-10,5
2024-08-23 23:58:44,799,-117,417,-10,5
2024-08-24 00:40:45,800,-115,415,-13,5
2024-08-24 01:22:46,801,-118,415,-10,5
2024-08-24 02:04:46,802,-117,413,-10,5
2024-08-24 02:46:47,803,-117,412,-10,5
2024-08-24 03:28:48,804,-118,414,-9,5
2024-08-24 04:10:49,805,-117,415,-9,5
2024-08-24 04:52:50,806,-117,416,-10,5
2024-08-24 05:34:51,807,-117,419,-10,5
2024-08-24 06:16:52,808,-117,418,-9,5
2024-08-24 06:58:53,809,-117,419,-10,5
2024-08-24 07:40:54,810,-116,419,-10,5
2024-08-24 08:22:54,811,-116,413,-11,5
2024-08-24 09:04:55,812,-118,410,-7,5
2024-08-24 09:46:56,813,-117,404,-8,5
2024-08-24 10:28:57,814,-109,402,-16,5
2024-08-24 11:10:58,815,-118,405,-10,5
2024-08-24 11:52:59,816,-118,412,-13,5
2024-08-24 12:35:00,817,-118,416,-13,5
2024-08-24 13:17:01,818,-116,420,-13,5
2024-08-24 13:59:02,819,-118,426,-10,5
2024-08-24 14:41:03,820,-116,428,-13,5
2024-08-24 15:23:03,821,-118,430,-15,5
2024-08-24 16:05:04,822,-118,427,-10,5
2024-08-24 16:47:05,823,-115,426,-13,5
2024-08-24 17:29:06,824,-118,427,-9,5
2024-08-24 18:11:07,825,-118,420,-9,5
2024-08-24 18:53:08,826,-117,415,-11,5
2024-08-24 19:35:09,827,-118,412,-13,5
2024-08-24 20:17:10,828,-118,410,-10,5
2024-08-24 20:59:11,829,-117,410,-12,5
2024-08-24 21:41:12,830,-116,0,-9,5
2024-08-24 22:23:12,831,-107,408,-21,5
2024-08-24 23:05:13,832,-116,406,-10,5
2024-08-25 00:29:15,834,-117,404,-11,5
2024-08-25 01:53:17,836,-117,437,-10,5
2024-08-25 02:35:18,837,-117,437,-11,5
2024-08-25 03:17:19,838,-117,433,-9,5
2024-08-25 03:59:20,839,-117,428,-8,5
2024-08-25 04:41:21,840,-117,420,-9,5
2024-08-25 05:23:21,841,-115,418,-11,5
2024-08-25 06:05:22,842,-117,420,-9,5
2024-08-25 06:47:23,843,-117,419,-9,5
2024-08-25 07:29:24,844,-115,421,-11,5
2024-08-25 08:11:25,845,-115,417,-12,5
2024-08-25 08:53:26,846,-116,412,-10,5
2024-08-25 09:35:27,847,-117,411,-8,5
2024-08-25 10:17:28,848,-113,408,-13,5
2024-08-25 10:59:29,849,-117,402,-8,5
2024-08-25 11:41:29,850,-118,395,-9,5
2024-08-25 12:23:30,851,-116,398,-9,5
2024-08-25 13:05:31,852,-117,406,-11,5
2024-08-25 13:47:32,853,-118,406,-8,5
2024-08-25 14:29:33,854,-118,408,-9,5
2024-08-25 15:11:34,855,-116,410,-10,5
2024-08-25 15:53:35,856,-117,417,-8,5
2024-08-25 16:35:36,857,-118,418,-10,5
2024-08-25 17:17:37,858,-116,421,-11,5
2024-08-25 17:59:38,859,-118,426,-10,5
2024-08-25 18:41:39,860,-118,424,-11,5
2024-08-25 19:23:39,861,-117,421,-10,5
2024-08-25 20:05:40,862,-118,413,-9,5
2024-08-25 20:47:41,863,-111,409,-16,5
2024-08-25 21:29:42,864,-116,416,-11,5
2024-08-25 22:11:43,865,-117,422,-10,5
2024-08-25 22:53:44,866,-117,427,-9,5
2024-08-25 23:35:45,867,-117,433,-9,5
2024-08-26 00:17:46,868,-117,437,-10,5
2024-08-26 00:59:47,869,-116,441,-10,5
2024-08-26 01:41:47,870,-115,440,-12,5
2024-08-26 02:23:48,871,-117,444,-10,5
2024-08-26 03:05:49,872,-117,449,-9,5
2024-08-26 03:47:50,873,-118,452,-11,5
2024-08-26 05:11:52,875,-117,456,-9,5
2024-08-26 05:53:53,876,-118,458,-8,5
2024-08-26 06:35:54,877,-117,460,-12,5
2024-08-26 07:59:56,879,-117,460,-9,5
2024-08-26 12:12:01,885,-116,407,-2,5
2024-08-26 12:54:02,886,-115,415,-2,5
2024-08-26 13:36:03,887,-115,422,-4,5
2024-08-26 14:18:04,888,-116,428,-7,5
2024-08-26 15:00:04,889,-115,429,-10,5
2024-08-26 16:24:06,891,-117,438,-10,5
2024-08-26 17:06:07,892,-116,439,-11,5
2024-08-26 17:48:08,893,-118,437,-12,5
2024-08-26 18:30:09,894,-116,435,-14,5
2024-08-26 19:12:10,895,-116,429,-9,5
2024-08-26 19:54:11,896,-114,424,-16,5
2024-08-26 20:36:12,897,-117,421,-12,5
2024-08-26 21:18:13,898,-117,426,-14,5
2024-08-26 22:00:13,899,-117,429,-10,5
2024-08-26 22:42:14,900,-115,435,-12,5
2024-08-26 23:24:15,901,-116,438,-15,5
2024-08-27 00:48:17,903,-117,450,-11,5
2024-08-27 01:30:18,904,-112,452,-16,5
2024-08-27 02:12:19,905,-117,454,-11,5
2024-08-27 02:54:20,906,-116,457,-12,5
2024-08-27 03:36:21,907,-117,458,-10,5
2024-08-27 04:18:21,908,-116,452,-11,5
2024-08-27 05:00:22,909,-116,456,-10,5
2024-08-27 05:42:23,910,-116,463,-13,5
2024-08-27 06:24:24,911,-116,466,-10,5
2024-08-27 07:06:25,912,-117,465,-10,5
2024-08-27 07:48:26,913,-116,460,-12,5
2024-08-27 08:30:27,914,-112,459,5,5
2024-08-27 09:12:28,915,-108,462,-4,5
2024-08-27 09:54:29,916,-112,457,2,5
2024-08-27 10:36:29,917,-111,428,-1,5
2024-08-27 11:18:30,918,-114,420,2,5
2024-08-27 12:00:31,919,-114,431,2,5
2024-08-27 12:42:32,920,-114,434,-1,5
2024-08-27 13:24:33,921,-110,446,-10,5
2024-08-27 14:06:34,922,-115,457,-4,5
2024-08-27 14:48:35,923,-115,464,-5,5
2024-08-27 15:30:36,924,-116,466,-12,5
2024-08-27 17:36:38,927,-114,468,-14,5
2024-08-27 18:18:39,928,-117,469,-8,5
2024-08-27 19:00:40,929,-116,470,-9,5
2024-08-27 19:42:41,930,-107,468,-20,5
2024-08-27 20:24:42,931,-105,456,-22,5
2024-08-27 21:48:44,933,-113,432,-14,5
2024-08-27 23:12:46,935,-110,428,-19,5
2024-08-27 23:54:46,936,-115,0,-11,5
2024-08-28 00:36:47,937,-117,429,-12,5
2024-08-28 01:18:48,938,-117,429,-13,5
2024-08-28 02:00:49,939,-113,430,-17,5
2024-08-28 02:42:50,940,-115,430,-15,5
2024-08-28 03:24:51,941,-113,432,-17,5
2024-08-28 04:06:52,942,-114,432,-16,5
2024-08-28 04:48:53,943,-113,435,-17,5
2024-08-28 05:30:54,944,-116,436,-14,5
2024-08-28 06:54:55,946,-118,0,-14,5
2024-08-28 07:36:56,947,-105,436,-23,5
2024-08-28 08:18:57,948,-111,432,-7,5
2024-08-28 09:00:58,949,-112,427,-13,5
2024-08-28 09:42:59,950,-101,424,-21,5
2024-08-28 10:25:00,951,-116,0,-12,5
2024-08-28 11:07:01,952,-111,419,-16,5
2024-08-28 11:49:02,953,-105,432,-24,5
2024-08-28 13:55:04,956,-110,453,-18,5
2024-08-28 14:37:05,957,-112,452,-9,5
2024-08-28 15:19:06,958,-112,453,-10,5
2024-08-28 16:01:07,959,-114,453,-17,5
2024-08-28 16:43:08,960,-117,455,-9,5
2024-08-28 17:25:09,961,-111,455,-18,5
2024-08-28 18:07:10,962,-114,456,-11,5
2024-08-28 18:49:11,963,-114,457,-12,5
2024-08-28 19:31:12,964,-116,454,-9,5
2024-08-28 20:13:12,965,-117,447,-9,5
2024-08-28 20:55:13,966,-113,438,-14,5
2024-08-28 21:37:14,967,-117,436,-9,5
2024-08-28 22:19:15,968,-117,433,-8,5
2024-08-28 23:01:16,969,-114,426,-10,5
2024-08-28 23:43:17,970,-117,423,-9,5
2024-08-29 00:25:18,971,-113,422,-12,5
2024-08-29 01:07:19,972,-117,421,-9,5
2024-08-29 01:49:20,973,-117,421,-10,5
2024-08-29 02:31:21,974,-116,422,-10,5
2024-08-29 03:13:21,975,-116,420,-10,5
2024-08-29 03:55:22,976,-117,419,-9,5
2024-08-29 05:19:24,978,-117,419,-9,5
2024-08-29 06:43:26,980,-117,420,-9,5
2024-08-29 07:25:27,981,-116,422,-9,5
2024-08-29 08:07:28,982,-111,419,-18,5
2024-08-29 08:49:29,983,-112,416,-11,5
2024-08-29 09:31:29,984,-115,415,-20,5
2024-08-29 10:13:30,985,-118,412,-12,5
2024-08-29 10:55:31,986,-118,408,-9,5
2024-08-29 11:37:32,987,-119,421,-13,5
2024-08-29 12:19:33,988,-117,436,-7,5
2024-08-29 13:43:35,990,-117,450,-9,5
2024-08-29 14:25:36,991,-116,450,-8,5
2024-08-29 15:07:37,992,-117,448,-7,5
2024-08-29 15:49:38,993,-116,441,-8,5
2024-08-29 16:31:38,994,-117,438,-7,5
2024-08-29 17:13:39,995,-117,434,-8,5
2024-08-29 18:37:41,997,-117,437,-13,5
2024-08-29 19:19:42,998,-118,463,-12,5
2024-08-29 20:01:43,999,-117,465,-13,5
2024-08-29 20:43:44,1000,-116,456,-14,5
2024-08-29 21:25:45,1001,-111,449,-20,5
2024-08-29 22:07:46,1002,-113,444,-14,5
2024-08-29 22:49:47,1003,-114,433,-13,5
2024-08-29 23:31:47,1004,-117,430,-10,5
2024-08-30 00:13:48,1005,-117,428,-10,5
2024-08-30 00:55:49,1006,-117,427,-10,5
2024-08-30 01:37:50,1007,-117,425,-10,5
2024-08-30 02:19:51,1008,-117,422,-10,5
2024-08-30 03:01:52,1009,-117,421,-10,5
2024-08-30 03:43:53,1010,-118,420,-9,5
2024-08-30 04:25:54,1011,-118,420,-9,5
2024-08-30 05:07:55,1012,-117,420,-10,5
2024-08-30 06:31:56,1014,-110,419,-17,5
2024-08-30 07:13:57,1015,-117,418,-6,5
2024-08-30 07:55:58,1016,-118,417,-9,5
2024-08-30 08:37:59,1017,-116,416,-4,5
2024-08-30 09:20:00,1018,-117,419,-7,5
2024-08-30 10:02:01,1019,-116,418,-15,5
2024-08-30 10:44:02,1020,-117,322,-18,5
2024-08-30 11:26:03,1021,-114,426,-8,5
2024-08-30 12:08:04,1022,-115,436,-4,5
2024-08-30 12:50:04,1023,-117,436,-6,5
2024-08-30 13:32:05,1024,-117,447,-5,5
2024-08-30 14:14:06,1025,-116,455,-6,5
2024-08-30 14:56:07,1026,-116,452,-5,5
2024-08-30 15:38:08,1027,-114,460,-8,5
2024-08-30 16:20:09,1028,-115,461,-4,5
2024-08-30 17:02:10,1029,-117,461,-6,5
2024-08-30 17:44:11,1030,-114,462,-9,5
2024-08-30 19:08:13,1032,-115,463,-9,5
2024-08-30 20:32:14,1034,-117,443,-7,5
2024-08-30 21:14:15,1035,-117,439,-7,5
2024-08-30 22:38:17,1037,-117,433,-8,5
2024-08-30 23:20:18,1038,-116,429,-10,5
2024-08-31 00:02:19,1039,-117,423,-7,5
2024-08-31 00:44:20,1040,-115,421,-10,5
2024-08-31 01:26:21,1041,-116,420,-10,5
2024-08-31 02:08:22,1042,-116,420,-9,5
2024-08-31 02:50:22,1043,-113,419,-13,5
2024-08-31 03:32:23,1044,-116,419,-9,5
2024-08-31 04:14:24,1045,-117,419,-8,5
2024-08-31 04:56:25,1046,-112,418,-14,5
2024-08-31 05:38:26,1047,-117,418,-8,5
2024-08-31 06:20:27,1048,-115,418,-10,5
2024-08-31 07:02:28,1049,-117,417,-8,5
2024-08-31 07:44:29,1050,-116,416,-9,5
2024-08-31 08:26:30,1051,-116,414,-9,5
2024-08-31 09:08:31,1052,-117,414,-6,5
2024-08-31 09:50:31,1053,-117,414,-8,5
2024-08-31 10:32:32,1054,-116,415,-9,5
2024-08-31 11:14:33,1055,-117,431,-7,5
2024-08-31 11:56:34,1056,-115,447,-9,5
2024-08-31 12:38:35,1057,-116,454,-8,5
2024-08-31 13:20:36,1058,-111,0,-6,5
2024-08-31 14:02:37,1059,-116,455,-8,5
2024-08-31 14:44:38,1060,-115,455,-8,5
2024-08-31 15:26:39,1061,-116,455,-8,5
2024-08-31 16:08:39,1062,-115,455,-11,5
2024-08-31 16:50:40,1063,-114,457,-9,5
2024-08-31 17:32:41,1064,-116,455,-6,5
2024-08-31 18:14:42,1065,-117,458,-6,5
2024-08-31 18:56:43,1066,-117,460,-6,5
2024-08-31 19:38:44,1067,-116,459,-7,5
2024-08-31 20:20:45,1068,-108,449,-17,5
2024-08-31 21:02:46,1069,-116,442,-9,5
2024-08-31 21:44:47,1070,-113,440,-12,5
2024-08-31 22:26:48,1071,-114,437,-11,5
2024-08-31 23:08:48,1072,-113,433,-13,5
2024-08-31 23:50:49,1073,-117,429,-8,5
2024-09-01 00:32:50,1074,-117,427,-8,5
2024-09-01 01:56:52,1076,-117,423,-8,5
2024-09-01 02:38:53,1077,-117,422,-8,5
2024-09-01 04:02:55,1079,-117,422,-8,5
2024-09-01 04:44:56,1080,-117,423,-8,5
2024-09-01 05:26:56,1081,-117,421,-8,5
2024-09-01 06:50:58,1083,-117,421,-8,5
2024-09-01 08:15:00,1085,-117,422,-8,5
2024-09-01 08:57:01,1086,-118,416,-7,5
2024-09-01 09:39:02,1087,-116,415,-8,5
2024-09-01 10:21:03,1088,-117,419,-8,5
2024-09-01 11:03:04,1089,-116,421,-9,5
2024-09-01 11:45:05,1090,-117,438,-8,5
2024-09-01 12:27:05,1091,-117,437,-7,5
2024-09-01 13:09:06,1092,-116,429,-9,5
2024-09-01 13:51:07,1093,-117,424,-8,5
2024-09-01 14:33:08,1094,-116,427,-9,5
2024-09-01 15:15:09,1095,-117,435,-7,5
2024-09-01 15:57:10,1096,-114,446,-10,5
2024-09-01 16:39:11,1097,-117,449,-7,5
2024-09-01 17:21:12,1098,-110,453,-15,5
2024-09-01 18:03:13,1099,-116,451,-8,5
2024-09-01 18:45:14,1100,-116,450,-7,5
2024-09-01 19:27:14,1101,-115,445,-7,5
2024-09-01 20:09:15,1102,-117,430,-7,5
2024-09-01 20:51:16,1103,-117,421,-5,5
2024-09-01 21:33:17,1104,-115,424,-9,5
2024-09-01 22:15:18,1105,-117,422,-9,5
2024-09-01 22:57:19,1106,-114,419,-12,5
2024-09-01 23:39:20,1107,-116,419,-9,5
2024-09-02 00:21:21,1108,-117,421,-8,5
2024-09-02 01:03:22,1109,-116,418,-10,5
2024-09-02 02:27:23,1111,-117,418,-8,5
2024-09-02 03:09:24,1112,-117,422,-8,5
2024-09-02 03:51:25,1113,-111,423,-14,5
2024-09-02 04:33:26,1114,-117,423,-8,5
2024-09-02 05:15:27,1115,-117,423,-8,5
2024-09-02 05:57:28,1116,-118,421,-8,5
2024-09-02 06:39:29,1117,-117,424,-8,5
2024-09-02 07:21:30,1118,-115,427,-4,5
2024-09-02 08:03:31,1119,-115,428,-3,5
2024-09-02 08:45:31,1120,-114,424,-2,5
2024-09-02 10:09:33,1122,-115,414,-6,5
