2024-08-14 14:30:22,1/51,866.1,-116,0,-2,6
2024-08-14 15:09:31,1/20,865.9,-117,452,-3,5
2024-08-14 15:10:23,1/51,865.9,-115,0,0,5
2024-08-14 15:50:24,1/51,868.5,-114,0,-14,21
2024-08-14 16:29:33,1/20,867.9,-120,446,-22,18
2024-08-14 16:30:24,1/51,867.9,-117,0,-7,18
2024-08-14 17:09:34,2/20,866.1,-118,443,-11,6
2024-08-14 17:49:34,2/20,865.9,-117,454,-11,5
2024-08-14 17:50:26,2/51,865.9,-118,454,-9,5
2024-08-14 18:29:35,2/20,868.5,-117,455,-5,21
2024-08-14 18:30:27,2/51,868.5,-117,455,-10,21
2024-08-14 19:09:36,2/20,867.9,-120,445,-15,18
2024-08-14 19:10:27,2/51,867.9,-120,0,-8,18
2024-08-14 19:49:37,3/20,866.1,-116,433,-6,6
2024-08-14 19:50:28,3/51,866.1,-117,433,-5,6
2024-08-14 20:29:37,3/20,865.9,-115,429,-3,5
2024-08-14 20:30:29,3/51,865.9,-116,429,-4,5
2024-08-14 21:09:38,3/20,868.5,-118,429,-8,21
2024-08-14 21:10:30,3/51,868.5,-118,0,-7,21
2024-08-14 21:49:39,3/20,867.9,-117,433,-1,18
2024-08-14 21:50:31,3/51,867.9,-117,434,-6,18
2024-08-14 23:09:41,4/20,865.9,-116,441,-10,5
2024-08-14 23:10:32,4/51,865.9,-117,441,-10,5
2024-08-14 23:49:41,4/20,868.5,-117,442,-9,21
2024-08-14 23:50:33,4/51,868.5,-118,442,-7,21
2024-08-15 00:30:34,4/51,867.9,-119,434,-17,18
2024-08-15 01:09:43,5/20,866.1,-118,427,-21,6
2024-08-15 01:10:34,5/51,866.1,-117,427,-12,6
2024-08-15 01:49:44,5/20,865.9,-116,425,-5,5
2024-08-15 01:50:35,5/51,865.9,-114,426,-7,5
2024-08-15 02:29:44,5/20,868.5,-117,430,-6,21
2024-08-15 02:30:36,5/51,868.5,-112,430,-11,21
2024-08-15 03:09:45,5/20,867.9,-119,427,-13,18
2024-08-15 03:10:37,5/51,867.9,-119,426,-14,18
2024-08-15 03:49:46,6/20,866.1,-117,421,-11,6
2024-08-15 03:50:37,6/51,866.1,-117,0,-6,6
2024-08-15 04:29:47,6/20,865.9,-117,419,-9,5
2024-08-15 04:30:38,6/51,865.9,-116,419,-8,5
2024-08-15 05:10:39,6/51,868.5,-120,0,-13,21
2024-08-15 06:30:41,7/51,866.1,-117,421,-17,6
2024-08-15 07:09:50,7/20,865.9,-117,421,-7,5
2024-08-15 07:10:41,7/51,865.9,-117,0,-4,5
2024-08-15 07:50:42,7/51,868.5,-116,0,-9,21
2024-08-15 08:29:51,7/20,867.9,-119,419,-8,18
2024-08-15 08:30:43,7/51,867.9,-119,418,-11,18
2024-08-15 09:09:52,8/20,866.1,-117,416,-11,6
2024-08-15 09:10:44,8/51,866.1,-112,416,-15,6
2024-08-15 09:49:53,8/20,865.9,-116,418,-13,5
2024-08-15 10:29:54,8/20,868.5,-118,417,-6,21
2024-08-15 10:30:45,8/51,868.5,-110,418,-14,21
2024-08-15 11:09:54,8/20,867.9,-117,416,-2,18
2024-08-15 11:10:46,8/51,867.9,-117,416,0,18
2024-08-15 11:49:55,9/20,866.1,-118,421,-12,6
2024-08-15 11:50:47,9/51,866.1,-118,421,-11,6
2024-08-15 12:29:56,9/20,865.9,-117,437,-3,5
2024-08-15 12:30:47,9/51,865.9,-117,0,-0,5
2024-08-15 13:10:48,9/51,868.5,-117,454,-17,21
2024-08-15 13:49:57,9/20,867.9,-118,461,-10,18
2024-08-15 14:29:58,10/20,866.1,-116,464,-15,6
2024-08-15 14:30:50,10/51,866.1,-117,0,-17,6
2024-08-15 15:09:59,10/20,865.9,-116,468,-7,5
2024-08-15 15:10:51,10/51,865.9,-117,468,-6,5
2024-08-15 15:50:00,10/20,868.5,-113,472,-13,21
2024-08-15 15:50:51,10/51,868.5,-117,0,-8,21
2024-08-15 16:30:00,10/20,867.9,-117,473,-4,18
2024-08-15 16:30:52,10/51,867.9,-118,473,-5,18
2024-08-15 17:10:01,11/20,866.1,-117,470,-15,6
2024-08-15 17:50:54,11/51,865.9,-116,0,-7,5
2024-08-15 18:30:54,11/51,868.5,-115,0,-6,21
2024-08-15 19:10:04,11/20,867.9,-118,471,-8,18
2024-08-15 19:10:55,11/51,867.9,-117,0,-5,18
2024-08-15 19:50:04,12/20,866.1,-117,464,-9,6
2024-08-15 19:50:56,12/51,866.1,-115,464,-7,6
2024-08-15 20:30:05,12/20,865.9,-117,451,-7,5
2024-08-15 20:30:57,12/51,865.9,-117,450,-6,5
2024-08-15 21:10:06,12/20,868.5,-117,441,-20,21
2024-08-15 21:10:57,12/51,868.5,-120,0,-18,21
2024-08-15 22:30:07,13/20,866.1,-116,431,-8,6
2024-08-15 22:30:59,13/51,866.1,-116,431,-6,6
2024-08-15 23:10:08,13/20,865.9,-115,428,-4,5
2024-08-15 23:11:00,13/51,865.9,-116,428,-2,5
2024-08-15 23:50:09,13/20,868.5,-119,429,-13,21
2024-08-15 23:51:01,13/51,868.5,-116,429,-18,21
2024-08-16 00:30:10,13/20,867.9,-120,429,-16,18
2024-08-16 00:31:01,13/51,867.9,-117,0,-17,18
2024-08-16 01:10:11,14/20,866.1,-117,429,-12,6
2024-08-16 01:11:02,14/51,866.1,-118,429,-13,6
2024-08-16 01:50:11,14/20,865.9,-117,429,-6,5
2024-08-16 01:51:03,14/51,865.9,-116,0,-3,5
2024-08-16 03:10:13,14/20,867.9,-119,428,-11,18
2024-08-16 03:11:04,14/51,867.9,-119,428,-9,18
2024-08-16 03:50:14,15/20,866.1,-117,430,-12,6
2024-08-16 03:51:05,15/51,866.1,-118,0,-7,6
2024-08-16 04:30:14,15/20,865.9,-118,428,-6,5
2024-08-16 04:31:06,15/51,865.9,-115,0,-3,5
2024-08-16 05:11:07,15/51,868.5,-120,0,-18,21
2024-08-16 05:50:16,15/20,867.9,-119,427,-9,18
2024-08-16 05:51:07,15/51,867.9,-118,0,-8,18
2024-08-16 06:30:17,16/20,866.1,-118,430,-9,6
2024-08-16 06:31:08,16/51,866.1,-118,430,-9,6
2024-08-16 07:10:17,16/20,865.9,-117,430,-7,5
2024-08-16 07:11:09,16/51,865.9,-117,430,-7,5
2024-08-16 07:50:18,16/20,868.5,-119,432,-16,21
2024-08-16 07:51:10,16/51,868.5,-119,432,-17,21
2024-08-16 08:30:19,16/20,867.9,-119,427,-8,18
2024-08-16 08:31:11,16/51,867.9,-120,0,-11,18
2024-08-16 09:11:11,17/51,866.1,-118,420,-8,6
2024-08-16 09:50:20,17/20,865.9,-117,422,-7,5
2024-08-16 09:51:12,17/51,865.9,-117,0,-4,5
2024-08-16 10:30:21,17/20,868.5,-109,425,-16,21
2024-08-16 11:10:22,17/20,867.9,-119,436,-13,18
2024-08-16 11:11:14,17/51,867.9,-119,436,-8,18
2024-08-16 11:51:14,18/51,866.1,-117,0,-4,6
2024-08-16 12:31:15,18/51,865.9,-116,463,-6,5
2024-08-16 13:10:24,18/20,868.5,-119,472,-12,21
2024-08-16 13:51:17,18/51,867.9,-118,473,-9,18
2024-08-16 14:31:17,19/51,866.1,-117,471,-12,6
2024-08-16 15:10:27,19/20,865.9,-117,472,-14,5
2024-08-16 15:11:18,19/51,865.9,-117,473,-8,5
2024-08-16 16:30:28,19/20,867.9,-119,471,-14,18
2024-08-16 16:31:20,19/51,867.9,-117,0,-6,18
2024-08-16 17:10:29,20/20,866.1,-116,474,-16,6
2024-08-16 17:50:30,20/20,865.9,-117,477,-12,5
2024-08-16 17:51:21,20/51,865.9,-117,0,-12,5
2024-08-16 18:31:22,20/51,868.5,-118,481,-10,21
2024-08-16 19:11:23,20/51,867.9,-118,482,-11,18
2024-08-16 19:50:32,21/20,866.1,-117,480,-16,6
2024-08-16 19:51:24,21/51,866.1,-118,480,-13,6
2024-08-16 20:30:33,21/20,865.9,-117,475,-11,5
2024-08-16 20:31:24,21/51,865.9,-119,0,-8,5
2024-08-16 21:10:34,21/20,868.5,-119,464,-15,21
2024-08-16 21:50:34,21/20,867.9,-119,455,-15,18
2024-08-16 21:51:26,21/51,867.9,-122,0,-12,18
2024-08-16 22:30:35,22/20,866.1,-118,447,-14,6
2024-08-16 22:31:27,22/51,866.1,-117,0,-16,6
2024-08-16 23:10:36,22/20,865.9,-116,442,-5,5
2024-08-16 23:11:27,22/51,865.9,-117,442,-12,5
2024-08-16 23:50:37,22/20,868.5,-119,440,-12,21
2024-08-17 00:30:37,22/20,867.9,-119,437,-17,18
2024-08-17 01:10:38,23/20,866.1,-117,432,-13,6
2024-08-17 01:11:30,23/51,866.1,-117,0,-10,6
2024-08-17 01:51:31,23/51,865.9,-117,433,-7,5
2024-08-17 03:10:40,23/20,867.9,-118,432,-10,18
2024-08-17 03:11:32,23/51,867.9,-118,0,-6,18
2024-08-17 03:50:41,24/20,866.1,-117,429,-12,6
2024-08-17 03:51:33,24/51,866.1,-112,429,-17,6
2024-08-17 04:30:42,24/20,865.9,-117,433,-7,5
2024-08-17 04:31:34,24/51,865.9,-117,433,-7,5
2024-08-17 05:10:43,24/20,868.5,-118,434,-17,21
2024-08-17 05:50:44,24/20,867.9,-119,435,-12,18
2024-08-17 05:51:35,24/51,867.9,-118,0,-10,18
2024-08-17 06:30:44,25/20,866.1,-117,430,-11,6
2024-08-17 06:31:36,25/51,866.1,-117,430,-11,6
2024-08-17 07:10:45,25/20,865.9,-108,431,-17,5
2024-08-17 07:11:37,25/51,865.9,-113,431,-11,5
2024-08-17 08:30:47,25/20,867.9,-119,431,-11,18
2024-08-17 08:31:38,25/51,867.9,-120,0,-9,18
2024-08-17 09:10:47,26/20,866.1,-109,426,-21,6
2024-08-17 09:11:39,26/51,866.1,-117,0,-9,6
2024-08-17 09:50:48,26/20,865.9,-113,430,-12,5
2024-08-17 09:51:40,26/51,865.9,-118,0,-6,5
2024-08-17 10:30:49,26/20,868.5,-117,436,-11,21
2024-08-17 10:31:40,26/51,868.5,-120,0,-10,21
2024-08-17 11:10:50,26/20,867.9,-119,451,-5,18
2024-08-17 11:11:41,26/51,867.9,-118,451,-4,18
2024-08-17 11:51:42,27/51,866.1,-115,0,-4,6
2024-08-17 12:30:51,27/20,865.9,-116,472,-7,5
2024-08-17 12:31:43,27/51,865.9,-116,0,-3,5
2024-08-17 13:11:44,27/51,868.5,-117,0,0,21
2024-08-17 13:51:44,27/51,867.9,-116,0,-2,18
2024-08-17 14:30:54,28/20,866.1,-116,473,-10,6
2024-08-17 14:31:45,28/51,866.1,-113,473,-6,6
2024-08-17 15:10:54,28/20,865.9,-100,477,-22,5
2024-08-17 15:11:46,28/51,865.9,-100,477,-22,5
2024-08-17 15:50:55,28/20,868.5,-106,478,-14,21
2024-08-17 15:51:47,28/51,868.5,-117,478,-4,21
2024-08-17 16:30:56,28/20,867.9,-117,476,-4,18
2024-08-17 16:31:47,28/51,867.9,-118,476,-5,18
2024-08-17 17:10:57,29/20,866.1,-117,461,-7,6
2024-08-17 17:11:48,29/51,866.1,-112,460,-16,6
2024-08-17 17:50:57,29/20,865.9,-103,446,-21,5
2024-08-17 17:51:49,29/51,865.9,-104,446,-19,5
2024-08-17 19:10:59,29/20,867.9,-119,458,-6,18
2024-08-17 19:11:50,29/51,867.9,-118,458,-8,18
2024-08-17 19:51:00,30/20,866.1,-118,0,-14,6
2024-08-17 19:51:51,30/51,866.1,-118,0,-15,6
2024-08-17 20:31:00,30/20,865.9,-101,437,-24,5
2024-08-17 20:31:52,30/51,865.9,-118,0,-6,5
2024-08-17 21:11:01,30/20,868.5,-118,439,-11,21
2024-08-17 21:51:02,30/20,867.9,-118,432,-5,18
2024-08-17 21:51:54,30/51,867.9,-117,0,-1,18
2024-08-17 22:31:03,31/20,866.1,-118,430,-10,6
2024-08-17 22:31:54,31/51,866.1,-120,0,-9,6
2024-08-17 23:11:03,31/20,865.9,-116,431,-9,5
2024-08-17 23:11:55,31/51,865.9,-117,430,-7,5
2024-08-17 23:51:04,31/20,868.5,-116,428,-11,21
2024-08-17 23:51:56,31/51,868.5,-118,0,-6,21
2024-08-18 00:31:05,31/20,867.9,-118,427,-4,18
2024-08-18 00:31:57,31/51,867.9,-118,427,-4,18
2024-08-18 01:11:06,32/20,866.1,-118,425,-10,6
2024-08-18 01:11:57,32/51,866.1,-118,426,-10,6
2024-08-18 01:51:07,32/20,865.9,-117,428,-7,5
2024-08-18 01:51:58,32/51,865.9,-117,0,-4,5
2024-08-18 02:31:07,32/20,868.5,-118,430,-10,21
2024-08-18 02:31:59,32/51,868.5,-119,429,-10,21
2024-08-18 03:11:08,32/20,867.9,-119,430,-15,18
2024-08-18 03:12:00,32/51,867.9,-120,0,-15,18
2024-08-18 03:52:00,33/51,866.1,-118,0,-8,6
2024-08-18 04:31:10,33/20,865.9,-118,459,-11,5
2024-08-18 04:32:01,33/51,865.9,-117,0,-10,5
2024-08-18 05:51:11,33/20,867.9,-119,457,-16,18
2024-08-18 05:52:03,33/51,867.9,-118,0,-9,18
2024-08-18 06:31:12,34/20,866.1,-118,448,-11,6
2024-08-18 06:32:03,34/51,866.1,-116,448,-14,6
2024-08-18 07:11:13,34/20,865.9,-117,443,-4,5
2024-08-18 07:12:04,34/51,865.9,-117,0,-2,5
2024-08-18 07:51:13,34/20,868.5,-118,455,-14,21
2024-08-18 07:52:05,34/51,868.5,-117,455,-11,21
2024-08-18 08:32:06,34/51,867.9,-119,446,-8,18
2024-08-18 09:11:15,35/20,866.1,-118,436,-6,6
2024-08-18 09:12:07,35/51,866.1,-117,436,-5,6
2024-08-18 09:51:16,35/20,865.9,-117,440,-6,5
2024-08-18 09:52:07,35/51,865.9,-115,0,0,5
2024-08-18 10:31:16,35/20,868.5,-112,443,-11,21
2024-08-18 10:32:08,35/51,868.5,-112,444,-9,21
2024-08-18 11:11:17,35/20,867.9,-118,450,-4,18
2024-08-18 11:12:09,35/51,867.9,-119,451,-12,18
2024-08-18 11:51:18,36/20,866.1,-116,461,-11,6
2024-08-18 11:52:10,36/51,866.1,-116,462,-10,6
2024-08-18 12:31:19,36/20,865.9,-116,463,-6,5
2024-08-18 12:32:10,36/51,865.9,-114,0,-4,5
2024-08-18 13:12:11,36/51,868.5,-119,462,-16,21
2024-08-18 13:51:20,36/20,867.9,-118,450,-8,18
2024-08-18 14:31:21,37/20,866.1,-116,441,-10,6
2024-08-18 14:32:13,37/51,866.1,-116,440,-9,6
2024-08-18 15:11:22,37/20,865.9,-114,437,-8,5
2024-08-18 15:12:13,37/51,865.9,-118,0,-2,5
2024-08-18 15:51:23,37/20,868.5,-115,445,-18,21
2024-08-18 15:52:14,37/51,868.5,-115,445,-15,21
2024-08-18 16:31:23,37/20,867.9,-118,441,-15,18
2024-08-18 17:11:24,38/20,866.1,-117,440,-9,6
2024-08-18 17:12:16,38/51,866.1,-116,440,-9,6
2024-08-18 17:51:25,38/20,865.9,-116,440,-4,5
2024-08-18 17:52:16,38/51,865.9,-117,440,-9,5
2024-08-18 18:32:17,38/51,868.5,-118,0,-6,21
2024-08-18 19:11:26,38/20,867.9,-118,448,-6,18
2024-08-18 19:12:18,38/51,867.9,-119,449,-11,18
2024-08-18 19:51:27,39/20,866.1,-117,451,-5,6
2024-08-18 19:52:19,39/51,866.1,-117,451,-9,6
2024-08-18 20:31:28,39/20,865.9,-115,457,-5,5
2024-08-18 20:32:20,39/51,865.9,-115,457,-4,5
2024-08-18 21:11:29,39/20,868.5,-118,462,-17,21
2024-08-18 21:12:20,39/51,868.5,-120,0,-6,21
2024-08-18 21:51:29,39/20,867.9,-118,466,-10,18
2024-08-18 22:31:30,40/20,866.1,-113,464,-10,6
2024-08-18 22:32:22,40/51,866.1,-118,0,-2,6
2024-08-18 23:11:31,40/20,865.9,-114,463,-4,5
2024-08-18 23:12:23,40/51,865.9,-113,463,-7,5
2024-08-18 23:51:32,40/20,868.5,-120,0,-9,21
2024-08-19 00:31:33,40/20,867.9,-119,462,-7,18
2024-08-19 00:32:24,40/51,867.9,-119,462,-6,18
2024-08-19 01:11:33,41/20,866.1,-116,458,-5,6
2024-08-19 01:12:25,41/51,866.1,-117,0,0,6
2024-08-19 01:51:34,41/20,865.9,-114,461,-4,5
2024-08-19 01:52:26,41/51,865.9,-115,0,2,5
2024-08-19 02:31:35,41/20,868.5,-117,466,-10,21
2024-08-19 03:11:36,41/20,867.9,-119,469,-7,18
2024-08-19 03:12:27,41/51,867.9,-117,0,-5,18
2024-08-19 03:51:36,42/20,866.1,-117,470,-15,6
2024-08-19 04:31:37,42/20,865.9,-117,473,-11,5
2024-08-19 04:32:29,42/51,865.9,-115,0,-2,5
2024-08-19 05:11:38,42/20,868.5,-112,480,-22,21
2024-08-19 05:51:39,42/20,867.9,-118,480,-6,18
2024-08-19 07:11:40,43/20,865.9,-117,485,-5,5
2024-08-19 07:12:32,43/51,865.9,-112,0,-6,5
2024-08-19 07:51:41,43/20,868.5,-117,484,-13,21
2024-08-19 08:31:42,43/20,867.9,-118,479,-5,18
2024-08-19 08:32:33,43/51,867.9,-120,0,-4,18
2024-08-19 09:11:42,44/20,866.1,-117,472,-9,6
2024-08-19 09:12:34,44/51,866.1,-111,0,-1,6
2024-08-19 09:51:43,44/20,865.9,-115,468,-6,5
2024-08-19 09:52:35,44/51,865.9,-116,468,-9,5
2024-08-19 10:32:36,44/51,868.5,-113,455,-10,21
2024-08-19 11:11:45,44/20,867.9,-118,439,-10,18
2024-08-19 11:12:36,44/51,867.9,-102,0,-3,18
2024-08-19 11:51:46,45/20,866.1,-116,434,-5,6
2024-08-19 11:52:37,45/51,866.1,-117,0,1,6
2024-08-19 12:31:46,45/20,865.9,-117,439,-11,5
2024-08-19 13:11:47,45/20,868.5,-119,444,-12,21
2024-08-19 13:12:39,45/51,868.5,-119,443,-10,21
2024-08-19 13:51:48,45/20,867.9,-119,447,-14,18
2024-08-19 14:31:49,46/20,866.1,-118,454,-18,6
2024-08-19 14:32:40,46/51,866.1,-117,0,-5,6
2024-08-19 15:11:49,46/20,865.9,-117,467,-4,5
2024-08-19 15:12:41,46/51,865.9,-118,468,-11,5
2024-08-19 15:51:50,46/20,868.5,-112,473,-15,21
2024-08-19 17:11:52,47/20,866.1,-117,474,-13,6
2024-08-19 17:12:43,47/51,866.1,-117,474,-8,6
2024-08-19 17:51:52,47/20,865.9,-117,472,-6,5
2024-08-19 17:52:44,47/51,865.9,-118,0,-10,5
2024-08-19 18:31:53,47/20,868.5,-118,472,-5,21
2024-08-19 18:32:45,47/51,868.5,-118,0,-11,21
2024-08-19 19:11:54,47/20,867.9,-120,465,-16,18
2024-08-19 19:12:45,47/51,867.9,-120,465,-12,18
2024-08-19 19:51:55,48/20,866.1,-118,456,-9,6
2024-08-19 19:52:46,48/51,866.1,-117,456,-9,6
2024-08-19 20:31:55,48/20,865.9,-117,451,-7,5
2024-08-19 20:32:47,48/51,865.9,-115,0,-13,5
2024-08-19 21:11:56,48/20,868.5,-119,450,-19,21
2024-08-19 21:12:48,48/51,868.5,-119,450,-11,21
2024-08-19 22:31:58,49/20,866.1,-118,451,-14,6
2024-08-19 22:32:49,49/51,866.1,-117,451,-11,6
2024-08-19 23:11:58,49/20,865.9,-117,456,-10,5
2024-08-19 23:12:50,49/51,865.9,-117,456,-5,5
2024-08-19 23:51:59,49/20,868.5,-119,467,-11,21
2024-08-19 23:52:51,49/51,868.5,-120,0,-8,21
2024-08-20 00:32:00,49/20,867.9,-119,470,-11,18
2024-08-20 01:12:01,50/20,866.1,-113,463,-17,6
2024-08-20 01:12:52,50/51,866.1,-118,0,-13,6
2024-08-20 01:52:02,50/20,865.9,-117,461,-6,5
2024-08-20 01:52:53,50/51,865.9,-117,0,-3,5
2024-08-20 03:12:03,50/20,867.9,-119,468,-11,18
2024-08-20 03:12:55,50/51,867.9,-118,0,-8,18
2024-08-20 03:52:04,51/20,866.1,-118,460,-9,6
2024-08-20 03:52:55,51/51,866.1,-118,460,-9,6
2024-08-20 04:32:05,51/20,865.9,-117,464,-5,5
2024-08-20 04:32:56,51/51,865.9,-117,464,-4,5
2024-08-20 05:12:05,51/20,868.5,-119,464,-12,21
2024-08-20 05:12:57,51/51,868.5,-117,464,-13,21
2024-08-20 05:52:06,51/20,867.9,-119,465,-11,18
2024-08-20 05:52:58,51/51,867.9,-119,465,-11,18
2024-08-20 06:32:07,52/20,866.1,-117,463,-11,6
2024-08-20 06:32:58,52/51,866.1,-118,463,-11,6
2024-08-20 07:12:08,52/20,865.9,-117,465,-8,5
2024-08-20 07:12:59,52/51,865.9,-116,0,-6,5
2024-08-20 07:52:08,52/20,868.5,-118,463,-12,21
2024-08-20 07:53:00,52/51,868.5,-112,462,-16,21
2024-08-20 08:32:09,52/20,867.9,-117,455,-15,18
2024-08-20 08:33:01,52/51,867.9,-118,0,-10,18
2024-08-20 09:12:10,53/20,866.1,-117,448,-14,6
2024-08-20 09:13:02,53/51,866.1,-117,0,-12,6
2024-08-20 09:52:11,53/20,865.9,-114,444,-21,5
2024-08-20 09:53:02,53/51,865.9,-117,444,-5,5
2024-08-20 10:32:11,53/20,868.5,-118,439,-6,21
2024-08-20 10:33:03,53/51,868.5,-106,439,-17,21
2024-08-20 11:12:12,53/20,867.9,-120,442,-19,18
2024-08-20 11:52:13,54/20,866.1,-117,456,-9,6
2024-08-20 11:53:05,54/51,866.1,-118,0,-7,6
2024-08-20 12:32:14,54/20,865.9,-115,467,-6,5
2024-08-20 12:33:05,54/51,865.9,-116,0,-5,5
2024-08-20 13:13:06,54/51,868.5,-118,478,-16,21
2024-08-20 13:53:07,54/51,867.9,-118,484,-18,18
2024-08-20 14:32:16,55/20,866.1,-116,484,-9,6
2024-08-20 14:33:08,55/51,866.1,-116,484,-6,6
2024-08-20 15:12:17,55/20,865.9,-115,485,-4,5
2024-08-20 15:13:08,55/51,865.9,-116,485,-6,5
2024-08-20 16:32:18,55/20,867.9,-119,488,-20,18
2024-08-20 17:12:19,56/20,866.1,-115,485,-11,6
2024-08-20 17:13:11,56/51,866.1,-117,485,-9,6
2024-08-20 17:52:20,56/20,865.9,-117,487,-12,5
2024-08-20 17:53:11,56/51,865.9,-113,486,-11,5
2024-08-20 18:32:21,56/20,868.5,-115,488,-9,21
2024-08-20 18:33:12,56/51,868.5,-116,0,-6,21
2024-08-20 19:12:21,56/20,867.9,-117,485,-9,18
2024-08-20 19:13:13,56/51,867.9,-117,485,-8,18
2024-08-20 19:52:22,57/20,866.1,-114,474,-8,6
2024-08-20 19:53:14,57/51,866.1,-118,474,-12,6
2024-08-20 20:32:23,57/20,865.9,-117,466,-4,5
2024-08-20 20:33:15,57/51,865.9,-116,0,-1,5
2024-08-20 21:12:24,57/20,868.5,-117,457,-6,21
2024-08-20 21:13:15,57/51,868.5,-98,456,-24,21
2024-08-20 21:52:25,57/20,867.9,-118,450,-3,18
2024-08-20 21:53:16,57/51,867.9,-117,0,-1,18
2024-08-20 22:32:25,58/20,866.1,-117,446,-7,6
2024-08-20 22:33:17,58/51,866.1,-117,0,-4,6
2024-08-20 23:12:26,58/20,865.9,-117,445,-4,5
2024-08-20 23:13:18,58/51,865.9,-116,445,-5,5
2024-08-21 00:32:28,58/20,867.9,-119,446,-7,18
2024-08-21 00:33:19,58/51,867.9,-118,446,-8,18
2024-08-21 01:12:28,59/20,866.1,-117,442,-9,6
2024-08-21 01:13:20,59/51,866.1,-117,0,-7,6
2024-08-21 01:52:29,59/20,865.9,-115,444,-9,5
2024-08-21 01:53:21,59/51,865.9,-117,444,-7,5
2024-08-21 02:32:30,59/20,868.5,-118,444,-7,21
2024-08-21 03:12:31,59/20,867.9,-119,445,-6,18
2024-08-21 03:13:22,59/51,867.9,-118,445,-7,18
2024-08-21 03:52:31,60/20,866.1,-116,442,-6,6
2024-08-21 03:53:23,60/51,866.1,-116,0,-5,6
2024-08-21 04:32:32,60/20,865.9,-115,442,-5,5
2024-08-21 04:33:24,60/51,865.9,-116,442,-5,5
2024-08-21 05:12:33,60/20,868.5,-118,446,-5,21
2024-08-21 05:13:24,60/51,868.5,-115,0,-5,21
2024-08-21 05:53:25,60/51,867.9,-118,447,-4,18
2024-08-21 06:32:34,61/20,866.1,-117,451,-11,6
2024-08-21 06:33:26,61/51,866.1,-117,451,-11,6
2024-08-21 07:12:35,61/20,865.9,-116,457,-4,5
2024-08-21 07:13:27,61/51,865.9,-115,0,-1,5
2024-08-21 08:33:28,61/51,867.9,-118,459,-5,18
2024-08-21 09:12:37,62/20,866.1,-117,451,-9,6
2024-08-21 09:13:29,62/51,866.1,-117,0,-6,6
2024-08-21 09:52:38,62/20,865.9,-117,448,-4,5
2024-08-21 09:53:30,62/51,865.9,-117,0,-4,5
2024-08-21 10:33:31,62/51,868.5,-117,0,-12,21
2024-08-21 11:12:40,62/20,867.9,-118,445,-5,18
2024-08-21 11:13:31,62/51,867.9,-118,444,-3,18
2024-08-21 11:52:41,63/20,866.1,-117,437,-6,6
2024-08-21 12:32:41,63/20,865.9,-115,436,1,5
2024-08-21 12:33:33,63/51,865.9,-116,437,-11,5
2024-08-21 13:12:42,63/20,868.5,-102,457,-21,21
2024-08-21 13:52:43,63/20,867.9,-117,467,-1,18
2024-08-21 13:53:34,63/51,867.9,-118,467,-4,18
2024-08-21 14:32:44,64/20,866.1,-114,469,-4,6
2024-08-21 14:33:35,64/51,866.1,-102,0,-3,6
2024-08-21 15:12:44,64/20,865.9,-111,474,-8,5
2024-08-21 15:13:36,64/51,865.9,-114,475,-7,5
2024-08-21 15:52:45,64/20,868.5,-115,481,-4,21
2024-08-21 16:32:46,64/20,867.9,-118,481,-6,18
2024-08-21 17:12:47,65/20,866.1,-116,477,-10,6
2024-08-21 17:13:38,65/51,866.1,-117,0,-11,6
2024-08-21 17:52:47,65/20,865.9,-117,476,-14,5
2024-08-21 17:53:39,65/51,865.9,-116,475,-9,5
2024-08-21 18:32:48,65/20,868.5,-109,474,-12,21
2024-08-21 18:33:40,65/51,868.5,-118,474,-7,21
2024-08-21 19:12:49,65/20,867.9,-119,465,-9,18
2024-08-21 19:13:41,65/51,867.9,-119,465,-10,18
2024-08-21 19:52:50,66/20,866.1,-113,456,-12,6
2024-08-21 19:53:41,66/51,866.1,-116,456,-9,6
2024-08-21 20:32:50,66/20,865.9,-116,450,-5,5
2024-08-21 20:33:42,66/51,865.9,-117,450,-5,5
2024-08-21 21:52:52,66/20,867.9,-119,455,-11,18
2024-08-21 22:32:53,67/20,866.1,-114,457,-16,6
2024-08-21 22:33:44,67/51,866.1,-118,0,-10,6
2024-08-21 23:12:54,67/20,865.9,-116,466,-8,5
2024-08-21 23:13:45,67/51,865.9,-116,466,-7,5
2024-08-21 23:52:54,67/20,868.5,-117,471,-18,21
2024-08-21 23:53:46,67/51,868.5,-117,472,-21,21
2024-08-22 00:33:47,67/51,867.9,-119,474,-17,18
2024-08-22 01:12:56,68/20,866.1,-117,481,-21,6
2024-08-22 01:13:47,68/51,866.1,-117,482,-13,6
2024-08-22 01:52:57,68/20,865.9,-117,480,-5,5
2024-08-22 01:53:48,68/51,865.9,-114,0,-3,5
2024-08-22 02:32:57,68/20,868.5,-119,483,-16,21
2024-08-22 02:33:49,68/51,868.5,-120,0,-10,21
2024-08-22 03:12:58,68/20,867.9,-118,479,-13,18
2024-08-22 03:13:50,68/51,867.9,-118,0,-8,18
2024-08-22 03:53:50,69/51,866.1,-118,0,-9,6
2024-08-22 04:33:00,69/20,865.9,-117,485,-5,5
2024-08-22 05:13:00,69/20,868.5,-117,488,-13,21
2024-08-22 05:13:52,69/51,868.5,-119,488,-12,21
2024-08-22 05:53:01,69/20,867.9,-118,497,-11,18
2024-08-22 05:53:53,69/51,867.9,-119,0,-8,18
2024-08-22 06:33:02,70/20,866.1,-118,492,-10,6
2024-08-22 06:33:53,70/51,866.1,-110,0,-7,6
2024-08-22 07:13:03,70/20,865.9,-114,491,-10,5
2024-08-22 07:13:54,70/51,865.9,-117,491,-6,5
2024-08-22 07:53:55,70/51,868.5,-119,487,-8,21
2024-08-22 08:33:04,70/20,867.9,-113,478,-14,18
2024-08-22 08:33:56,70/51,867.9,-119,478,-9,18
2024-08-22 09:13:05,71/20,866.1,-117,469,-11,6
2024-08-22 09:13:57,71/51,866.1,-120,0,-16,6
2024-08-22 09:53:06,71/20,865.9,-103,467,-22,5
2024-08-22 09:53:57,71/51,865.9,-108,467,-16,5
2024-08-22 10:33:58,71/51,868.5,-118,0,-9,21
2024-08-22 11:13:07,71/20,867.9,-118,441,-15,18
2024-08-22 11:13:59,71/51,867.9,-118,0,-9,18
2024-08-22 11:53:08,72/20,866.1,-118,450,-8,6
2024-08-22 11:54:00,72/51,866.1,-117,0,-17,6
2024-08-22 12:33:09,72/20,865.9,-118,467,-6,5
2024-08-22 12:34:00,72/51,865.9,-118,0,-4,5
2024-08-22 13:13:10,72/20,868.5,-106,480,-23,21
2024-08-22 13:14:01,72/51,868.5,-110,0,-6,21
2024-08-22 13:53:10,72/20,867.9,-117,485,-5,18
2024-08-22 14:33:11,73/20,866.1,-115,487,-12,6
2024-08-22 14:34:03,73/51,866.1,-116,487,-11,6
2024-08-22 15:13:12,73/20,865.9,-117,491,-15,5
2024-08-22 15:14:03,73/51,865.9,-117,491,-9,5
2024-08-22 15:53:13,73/20,868.5,-114,493,-17,21
2024-08-22 16:33:13,73/20,867.9,-117,493,-8,18
2024-08-22 16:34:05,73/51,867.9,-118,493,-9,18
2024-08-22 17:13:14,74/20,866.1,-117,491,-20,6
2024-08-22 17:14:06,74/51,866.1,-116,491,-17,6
2024-08-22 18:33:16,74/20,868.5,-115,497,-9,21
2024-08-22 18:34:07,74/51,868.5,-119,0,-4,21
2024-08-22 19:13:16,74/20,867.9,-117,497,-4,18
2024-08-22 19:14:08,74/51,867.9,-117,497,-2,18
2024-08-22 19:53:17,75/20,866.1,-117,490,-8,6
2024-08-22 20:33:18,75/20,865.9,-115,474,-5,5
2024-08-22 20:34:10,75/51,865.9,-116,474,-5,5
2024-08-22 21:13:19,75/20,868.5,-118,460,-7,21
2024-08-22 21:14:10,75/51,868.5,-118,460,-8,21
2024-08-22 21:53:20,75/20,867.9,-118,453,-5,18
2024-08-22 23:13:21,76/20,865.9,-116,451,-5,5
2024-08-22 23:14:13,76/51,865.9,-115,451,-7,5
2024-08-22 23:53:22,76/20,868.5,-116,455,-9,21
2024-08-22 23:54:13,76/51,868.5,-118,0,-5,21
2024-08-23 00:33:23,76/20,867.9,-119,457,-7,18
2024-08-23 00:34:14,76/51,867.9,-118,0,-6,18
2024-08-23 01:13:23,77/20,866.1,-117,457,-9,6
2024-08-23 01:14:15,77/51,866.1,-118,0,-6,6
2024-08-23 01:53:24,77/20,865.9,-116,457,-5,5
2024-08-23 02:33:25,77/20,868.5,-118,462,-7,21
2024-08-23 02:34:16,77/51,868.5,-120,0,-6,21
2024-08-23 03:13:26,77/20,867.9,-118,464,-5,18
2024-08-23 03:14:17,77/51,867.9,-117,0,-4,18
2024-08-23 03:53:26,78/20,866.1,-117,465,-10,6
2024-08-23 03:54:18,78/51,866.1,-117,465,-10,6
2024-08-23 04:33:27,78/20,865.9,-116,468,-8,5
2024-08-23 04:34:19,78/51,865.9,-116,468,-8,5
2024-08-23 05:13:28,78/20,868.5,-114,471,-15,21
2024-08-23 05:53:29,78/20,867.9,-119,472,-6,18
2024-08-23 06:33:29,79/20,866.1,-117,474,-9,6
2024-08-23 06:34:21,79/51,866.1,-114,474,-12,6
2024-08-23 07:13:30,79/20,865.9,-115,478,-8,5
2024-08-23 07:14:22,79/51,865.9,-117,0,-5,5
2024-08-23 07:53:31,79/20,868.5,-116,481,-11,21
2024-08-23 08:34:23,79/51,867.9,-117,477,-3,18
2024-08-23 09:13:33,80/20,866.1,-117,466,-10,6
2024-08-23 09:14:24,80/51,866.1,-118,465,-13,6
2024-08-23 09:53:33,80/20,865.9,-112,454,-13,5
2024-08-23 09:54:25,80/51,865.9,-117,0,-5,5
2024-08-23 10:33:34,80/20,868.5,-116,445,-18,21
2024-08-23 11:13:35,80/20,867.9,-118,439,-6,18
2024-08-23 11:14:26,80/51,867.9,-118,440,-4,18
2024-08-23 11:53:36,81/20,866.1,-118,452,-11,6
2024-08-23 11:54:27,81/51,866.1,-118,452,-11,6
2024-08-23 12:33:36,81/20,865.9,-116,465,-10,5
2024-08-23 12:34:28,81/51,865.9,-117,466,-6,5
2024-08-23 13:14:29,81/51,868.5,-116,483,-7,21
2024-08-23 13:54:29,81/51,867.9,-116,490,-1,18
2024-08-23 14:33:39,82/20,866.1,-116,488,-16,6
2024-08-23 15:13:39,82/20,865.9,-117,491,-16,5
2024-08-23 15:14:31,82/51,865.9,-117,491,-13,5
2024-08-23 15:53:40,82/20,868.5,-104,490,-19,21
2024-08-23 15:54:32,82/51,868.5,-108,490,-13,21
2024-08-23 16:33:41,82/20,867.9,-119,480,-9,18
2024-08-23 16:34:32,82/51,867.9,-119,0,-7,18
2024-08-23 17:13:42,83/20,866.1,-117,483,-14,6
2024-08-23 17:53:42,83/20,865.9,-116,481,-14,5
2024-08-23 17:54:34,83/51,865.9,-117,481,-12,5
2024-08-23 18:33:43,83/20,868.5,-109,488,-15,21
2024-08-23 18:34:35,83/51,868.5,-102,487,-24,21
2024-08-23 19:13:44,83/20,867.9,-117,492,-6,18
2024-08-23 19:14:36,83/51,867.9,-118,492,-8,18
2024-08-23 19:53:45,84/20,866.1,-118,497,-13,6
2024-08-23 19:54:36,84/51,866.1,-119,0,-6,6
2024-08-23 20:33:45,84/20,865.9,-117,495,-9,5
2024-08-23 21:13:46,84/20,868.5,-116,482,-9,21
2024-08-23 21:14:38,84/51,868.5,-113,0,-6,21
2024-08-23 21:53:47,84/20,867.9,-118,469,-8,18
2024-08-23 21:54:39,84/51,867.9,-118,469,-7,18
2024-08-23 22:33:48,85/20,866.1,-114,458,-13,6
2024-08-23 22:34:39,85/51,866.1,-115,458,-18,6
2024-08-23 23:13:49,85/20,865.9,-117,455,-11,5
2024-08-23 23:14:40,85/51,865.9,-115,0,-8,5
2024-08-23 23:53:49,85/20,868.5,-119,454,-10,21
2024-08-23 23:54:41,85/51,868.5,-118,454,-10,21
2024-08-24 00:33:50,85/20,867.9,-118,450,-7,18
2024-08-24 00:34:42,85/51,867.9,-119,451,-7,18
2024-08-24 01:13:51,86/20,866.1,-117,448,-14,6
2024-08-24 01:14:42,86/51,866.1,-118,448,-14,6
2024-08-24 01:53:52,86/20,865.9,-117,448,-12,5
2024-08-24 01:54:43,86/51,865.9,-120,0,-10,5
2024-08-24 02:33:52,86/20,868.5,-117,447,-5,21
2024-08-24 02:34:44,86/51,868.5,-116,447,-6,21
2024-08-24 03:13:53,86/20,867.9,-113,448,-15,18
2024-08-24 03:14:45,86/51,867.9,-118,0,-6,18
2024-08-24 03:53:54,87/20,866.1,-118,448,-11,6
2024-08-24 03:54:46,87/51,866.1,-120,0,-12,6
2024-08-24 04:33:55,87/20,865.9,-117,451,-7,5
2024-08-24 04:34:46,87/51,865.9,-117,450,-7,5
2024-08-24 05:13:55,87/20,868.5,-112,455,-20,21
2024-08-24 05:53:56,87/20,867.9,-118,455,-10,18
2024-08-24 05:54:48,87/51,867.9,-117,0,-5,18
2024-08-24 06:33:57,88/20,866.1,-116,453,-12,6
2024-08-24 06:34:49,88/51,866.1,-117,0,-8,6
2024-08-24 07:13:58,88/20,865.9,-117,455,-7,5
2024-08-24 07:14:49,88/51,865.9,-117,0,-4,5
2024-08-24 07:53:59,88/20,868.5,-117,455,-13,21
2024-08-24 09:14:00,89/20,866.1,-114,444,-18,6
2024-08-24 09:14:52,89/51,866.1,-118,444,-9,6
2024-08-24 09:54:01,89/20,865.9,-118,441,-11,5
2024-08-24 09:54:52,89/51,865.9,-118,441,-11,5
2024-08-24 10:34:02,89/20,868.5,-116,440,-6,21
2024-08-24 10:34:53,89/51,868.5,-117,0,-3,21
2024-08-24 11:14:02,89/20,867.9,-119,445,-21,18
2024-08-24 11:14:54,89/51,867.9,-120,0,-7,18
2024-08-24 11:54:03,90/20,866.1,-117,447,-6,6
2024-08-24 11:54:55,90/51,866.1,-118,0,-13,6
2024-08-24 12:34:04,90/20,865.9,-118,452,-6,5
2024-08-24 12:34:55,90/51,865.9,-115,452,0,5
2024-08-24 13:14:05,90/20,868.5,-117,458,-5,21
2024-08-24 13:14:56,90/51,868.5,-117,458,-4,21
2024-08-24 13:54:05,90/20,867.9,-119,462,-12,18
2024-08-24 13:54:57,90/51,867.9,-118,0,-13,18
2024-08-24 14:34:06,91/20,866.1,-118,461,-13,6
2024-08-24 14:34:58,91/51,866.1,-118,462,-10,6
2024-08-24 15:14:07,91/20,865.9,-116,465,-5,5
2024-08-24 15:14:59,91/51,865.9,-116,0,-0,5
2024-08-24 15:54:08,91/20,868.5,-112,463,-10,21
2024-08-24 16:34:08,91/20,867.9,-119,462,-13,18
2024-08-24 16:35:00,91/51,867.9,-120,0,-10,18
2024-08-24 17:14:09,92/20,866.1,-117,460,-8,6
2024-08-24 17:15:01,92/51,866.1,-118,0,-11,6
2024-08-24 17:55:02,92/51,865.9,-115,458,-2,5
2024-08-24 18:34:11,92/20,868.5,-118,455,-18,21
2024-08-24 19:14:12,92/20,867.9,-118,449,-5,18
2024-08-24 19:54:12,93/20,866.1,-120,0,-14,6
2024-08-24 19:55:04,93/51,866.1,-118,445,-9,6
2024-08-24 20:34:13,93/20,865.9,-116,446,-7,5
2024-08-24 20:35:05,93/51,865.9,-120,0,-6,5
2024-08-24 21:14:14,93/20,868.5,-110,447,-13,21
2024-08-24 21:15:05,93/51,868.5,-116,447,-6,21
2024-08-24 21:54:15,93/20,867.9,-116,445,-6,18
2024-08-24 21:55:06,93/51,867.9,-120,0,-6,18
2024-08-24 22:34:15,94/20,866.1,-118,442,-18,6
2024-08-24 23:14:16,94/20,865.9,-116,441,-14,5
2024-08-24 23:15:08,94/51,865.9,-115,0,-9,5
2024-08-25 00:35:09,94/51,867.9,-119,440,-7,18
2024-08-25 01:14:18,95/20,866.1,-118,440,-12,6
2024-08-25 01:15:10,95/51,866.1,-117,441,-12,6
2024-08-25 01:55:11,95/51,865.9,-117,474,-18,5
2024-08-25 02:34:20,95/20,868.5,-116,477,-16,21
2024-08-25 02:35:12,95/51,868.5,-118,0,-10,21
2024-08-25 03:14:21,95/20,867.9,-118,472,-5,18
2024-08-25 03:15:12,95/51,867.9,-118,472,-6,18
2024-08-25 03:54:21,96/20,866.1,-116,464,-11,6
2024-08-25 03:55:13,96/51,866.1,-117,464,-10,6
2024-08-25 04:34:22,96/20,865.9,-117,458,-10,5
2024-08-25 04:35:14,96/51,865.9,-117,0,-7,5
2024-08-25 05:15:15,96/51,868.5,-117,457,-13,21
2024-08-25 05:54:24,96/20,867.9,-119,456,-6,18
2024-08-25 06:34:25,97/20,866.1,-116,456,-13,6
2024-08-25 06:35:16,97/51,866.1,-117,456,-13,6
2024-08-25 07:14:25,97/20,865.9,-114,459,-11,5
2024-08-25 07:15:17,97/51,865.9,-115,459,-9,5
2024-08-25 07:54:26,97/20,868.5,-109,460,-20,21
2024-08-25 07:55:18,97/51,868.5,-120,0,-9,21
2024-08-25 08:34:27,97/20,867.9,-119,454,-6,18
2024-08-25 09:14:28,98/20,866.1,-116,448,-9,6
2024-08-25 09:15:19,98/51,866.1,-118,0,-6,6
2024-08-25 09:54:28,98/20,865.9,-117,448,-9,5
2024-08-25 09:55:20,98/51,865.9,-114,447,-9,5
2024-08-25 10:34:29,98/20,868.5,-118,444,-7,21
2024-08-25 11:15:21,98/51,867.9,-118,441,-4,18
2024-08-25 11:54:31,99/20,866.1,-116,435,-11,6
2024-08-25 12:34:31,99/20,865.9,-116,441,-8,5
2024-08-25 12:35:23,99/51,865.9,-116,441,-4,5
2024-08-25 13:14:32,99/20,868.5,-119,450,-10,21
2024-08-25 13:54:33,99/20,867.9,-118,450,-6,18
2024-08-25 13:55:25,99/51,867.9,-120,0,-2,18
2024-08-25 14:34:34,100/20,866.1,-112,449,-15,6
2024-08-25 15:15:26,100/51,865.9,-118,0,-7,5
2024-08-25 15:55:27,100/51,868.5,-116,461,-14,21
2024-08-25 16:34:36,100/20,867.9,-120,460,-12,18
2024-08-25 16:35:28,100/51,867.9,-119,460,-8,18
2024-08-25 17:14:37,101/20,866.1,-116,460,-16,6
2024-08-25 17:15:28,101/51,866.1,-115,460,-8,6
2024-08-25 17:54:38,101/20,865.9,-117,468,-14,5
2024-08-25 17:55:29,101/51,865.9,-120,0,-3,5
2024-08-25 18:34:38,101/20,868.5,-119,469,-19,21
2024-08-25 19:14:39,101/20,867.9,-118,466,-5,18
2024-08-25 19:15:31,101/51,867.9,-118,0,-6,18
2024-08-25 19:54:40,102/20,866.1,-117,457,-7,6
2024-08-25 19:55:31,102/51,866.1,-120,0,-4,6
2024-08-25 20:34:41,102/20,865.9,-117,453,-5,5
2024-08-25 20:35:32,102/51,865.9,-116,0,-2,5
2024-08-25 21:15:33,102/51,868.5,-116,458,-22,21
2024-08-25 22:34:43,103/20,866.1,-116,465,-7,6
2024-08-25 22:35:34,103/51,866.1,-114,0,-4,6
2024-08-25 23:14:44,103/20,865.9,-116,473,-3,5
2024-08-26 00:34:45,103/20,867.9,-116,479,-10,18
2024-08-26 00:35:37,103/51,867.9,-118,0,-4,18
2024-08-26 01:14:46,104/20,866.1,-116,479,-3,6
2024-08-26 01:54:47,104/20,865.9,-115,481,-1,5
2024-08-26 01:55:38,104/51,865.9,-116,480,-9,5
2024-08-26 03:14:48,104/20,867.9,-120,491,-10,18
2024-08-26 03:15:40,104/51,867.9,-120,491,-11,18
2024-08-26 03:54:49,105/20,866.1,-116,492,-3,6
2024-08-26 03:55:41,105/51,866.1,-116,492,-3,6
2024-08-26 04:34:50,105/20,865.9,-116,495,-3,5
2024-08-26 04:35:41,105/51,865.9,-116,0,-2,5
2024-08-26 05:14:51,105/20,868.5,-120,500,-12,21
2024-08-26 05:15:42,105/51,868.5,-119,0,-12,21
2024-08-26 05:55:43,105/51,867.9,-121,0,-4,18
2024-08-26 06:34:52,106/20,866.1,-117,501,-11,6
2024-08-26 06:35:44,106/51,866.1,-118,0,-14,6
2024-08-26 07:14:53,106/20,865.9,-113,504,-11,5
2024-08-26 07:15:44,106/51,865.9,-117,504,-9,5
2024-08-26 07:54:54,106/20,868.5,-120,504,-15,21
2024-08-26 08:34:54,106/20,867.9,-120,501,-12,18
2024-08-26 11:54:58,108/20,866.1,-115,446,-10,6
2024-08-26 11:55:50,108/51,866.1,-114,0,-2,6
2024-08-26 12:34:59,108/20,865.9,-117,452,-5,5
2024-08-26 12:35:51,108/51,865.9,-117,0,-3,5
2024-08-26 13:15:51,108/51,868.5,-118,0,-18,21
2024-08-26 13:55:00,108/20,867.9,-119,463,-15,18
2024-08-26 13:55:52,108/51,867.9,-119,0,-6,18
2024-08-26 14:35:01,109/20,866.1,-115,465,-12,6
2024-08-26 15:15:02,109/20,865.9,-115,468,-14,5
2024-08-26 15:15:54,109/51,865.9,-117,0,-4,5
2024-08-26 16:35:04,109/20,867.9,-118,478,-10,18
2024-08-26 16:35:55,109/51,867.9,-119,0,-3,18
2024-08-26 17:15:04,110/20,866.1,-117,475,-7,6
2024-08-26 17:15:56,110/51,866.1,-111,0,-6,6
2024-08-26 17:55:05,110/20,865.9,-117,475,-9,5
2024-08-26 17:55:57,110/51,865.9,-117,476,-6,5
2024-08-26 19:15:06,110/20,867.9,-118,466,-7,18
2024-08-26 19:15:58,110/51,867.9,-117,466,-6,18
2024-08-26 19:55:07,111/20,866.1,-116,460,-12,6
2024-08-26 19:55:59,111/51,866.1,-116,0,-16,6
2024-08-26 20:35:08,111/20,865.9,-114,459,-12,5
2024-08-26 20:36:00,111/51,865.9,-117,0,-2,5
2024-08-26 21:15:09,111/20,868.5,-118,465,-7,21
2024-08-26 21:16:00,111/51,868.5,-119,464,-14,21
2024-08-26 21:55:10,111/20,867.9,-119,466,-7,18
2024-08-26 22:35:10,112/20,866.1,-116,467,-8,6
2024-08-26 22:36:02,112/51,866.1,-116,467,-9,6
2024-08-26 23:15:11,112/20,865.9,-115,472,-6,5
2024-08-26 23:16:03,112/51,865.9,-115,472,-5,5
2024-08-26 23:56:03,112/51,868.5,-117,478,-7,21
2024-08-27 00:35:13,112/20,867.9,-119,482,-12,18
2024-08-27 01:15:13,113/20,866.1,-115,484,-3,6
2024-08-27 01:16:05,113/51,866.1,-117,0,-11,6
2024-08-27 01:55:14,113/20,865.9,-116,485,-7,5
2024-08-27 02:35:15,113/20,868.5,-119,490,-16,21
2024-08-27 02:36:07,113/51,868.5,-116,489,-18,21
2024-08-27 03:15:16,113/20,867.9,-119,491,-7,18
2024-08-27 03:16:07,113/51,867.9,-115,490,-13,18
2024-08-27 03:55:16,114/20,866.1,-116,482,-16,6
2024-08-27 03:56:08,114/51,866.1,-117,482,-13,6
2024-08-27 04:35:17,114/20,865.9,-116,483,-8,5
2024-08-27 04:36:09,114/51,865.9,-116,0,-9,5
2024-08-27 05:16:10,114/51,868.5,-110,0,-14,21
2024-08-27 05:55:19,114/20,867.9,-119,493,-10,18
2024-08-27 05:56:10,114/51,867.9,-120,494,-12,18
2024-08-27 06:35:19,115/20,866.1,-115,491,-12,6
2024-08-27 06:36:11,115/51,866.1,-118,0,-10,6
2024-08-27 07:15:20,115/20,865.9,-116,490,-6,5
2024-08-27 07:16:12,115/51,865.9,-116,0,-4,5
2024-08-27 08:35:22,115/20,867.9,-119,478,-16,18
2024-08-27 08:36:13,115/51,867.9,-118,0,-8,18
2024-08-27 09:15:23,116/20,866.1,-117,473,-12,6
2024-08-27 09:16:14,116/51,866.1,-118,0,-17,6
2024-08-27 09:55:23,116/20,865.9,-111,469,-13,5
2024-08-27 09:56:15,116/51,865.9,-110,468,-14,5
2024-08-27 10:35:24,116/20,868.5,-107,450,-25,21
2024-08-27 11:15:25,116/20,867.9,-119,446,-10,18
2024-08-27 11:16:16,116/51,867.9,-119,446,-10,18
2024-08-27 11:55:26,117/20,866.1,-118,455,-7,6
2024-08-27 11:56:17,117/51,866.1,-116,0,-5,6
2024-08-27 12:35:26,117/20,865.9,-116,466,-10,5
2024-08-27 13:15:27,117/20,868.5,-117,477,-6,21
2024-08-27 13:16:19,117/51,868.5,-115,477,-13,21
2024-08-27 13:55:28,117/20,867.9,-118,483,-8,18
2024-08-27 13:56:19,117/51,867.9,-119,484,-12,18
2024-08-27 14:35:29,118/20,866.1,-114,490,-16,6
2024-08-27 14:36:20,118/51,866.1,-115,490,-18,6
2024-08-27 15:15:29,118/20,865.9,-112,494,-13,5
2024-08-27 15:16:21,118/51,865.9,-116,0,-14,5
2024-08-27 15:55:30,118/20,868.5,-112,496,-15,21
2024-08-27 15:56:22,118/51,868.5,-116,0,-9,21
2024-08-27 19:15:34,119/20,867.9,-108,499,-16,18
2024-08-27 19:56:26,120/51,866.1,-102,0,-8,6
2024-08-27 20:35:36,120/20,865.9,-115,478,-9,5
2024-08-27 20:36:27,120/51,865.9,-104,478,-20,5
2024-08-27 21:15:36,120/20,868.5,-113,465,-18,21
2024-08-27 21:16:28,120/51,868.5,-119,465,-15,21
2024-08-27 21:55:37,120/20,867.9,-115,458,-16,18
2024-08-27 21:56:29,120/51,867.9,-118,458,-13,18
2024-08-27 22:35:38,121/20,866.1,-117,453,-11,6
2024-08-27 22:36:29,121/51,866.1,-113,453,-14,6
2024-08-27 23:15:39,121/20,865.9,-113,452,-13,5
2024-08-27 23:16:30,121/51,865.9,-114,452,-11,5
2024-08-27 23:55:39,121/20,868.5,-115,454,-13,21
2024-08-28 01:15:41,122/20,866.1,-115,450,-10,6
2024-08-28 01:16:32,122/51,866.1,-114,450,-9,6
2024-08-28 01:55:42,122/20,865.9,-111,451,-12,5
2024-08-28 01:56:33,122/51,865.9,-113,451,-10,5
2024-08-28 02:35:42,122/20,868.5,-115,453,-18,21
2024-08-28 02:36:34,122/51,868.5,-114,453,-20,21
2024-08-28 03:55:44,123/20,866.1,-117,451,-11,6
2024-08-28 03:56:36,123/51,866.1,-116,0,-8,6
2024-08-28 04:35:45,123/20,865.9,-116,456,-12,5
2024-08-28 04:36:36,123/51,865.9,-116,456,-8,5
2024-08-28 05:15:45,123/20,868.5,-113,460,-17,21
2024-08-28 05:16:37,123/51,868.5,-103,461,-24,21
2024-08-28 06:35:47,124/20,866.1,-114,460,-15,6
2024-08-28 06:36:39,124/51,866.1,-112,461,-17,6
2024-08-28 07:15:48,124/20,865.9,-115,0,-6,5
2024-08-28 07:16:39,124/51,865.9,-109,0,-6,5
2024-08-28 07:55:49,124/20,868.5,-116,461,-11,21
2024-08-28 07:56:40,124/51,868.5,-111,461,-16,21
2024-08-28 08:36:41,124/51,867.9,-120,0,-16,18
2024-08-28 09:15:50,125/20,866.1,-108,448,-17,6
2024-08-28 09:16:42,125/51,866.1,-115,448,-7,6
2024-08-28 09:55:51,125/20,865.9,-102,446,-23,5
2024-08-28 09:56:42,125/51,865.9,-118,0,-5,5
2024-08-28 10:35:52,125/20,868.5,-116,443,-18,21
2024-08-28 10:36:43,125/51,868.5,-116,443,-14,21
2024-08-28 11:15:52,125/20,867.9,-119,449,-11,18
2024-08-28 11:16:44,125/51,867.9,-119,449,-13,18
2024-08-28 11:55:53,126/20,866.1,-113,462,-7,6
2024-08-28 11:56:45,126/51,866.1,-108,462,-17,6
2024-08-28 12:35:54,126/20,865.9,-104,478,-20,5
2024-08-28 12:36:45,126/51,865.9,-113,478,-9,5
2024-08-28 13:15:55,126/20,868.5,-117,483,-4,21
2024-08-28 13:16:46,126/51,868.5,-116,0,-5,21
2024-08-28 13:56:47,126/51,867.9,-117,0,-2,18
2024-08-28 14:35:56,127/20,866.1,-113,479,-18,6
2024-08-28 15:15:57,127/20,865.9,-115,482,-9,5
2024-08-28 15:16:49,127/51,865.9,-114,482,-11,5
2024-08-28 15:55:58,127/20,868.5,-115,484,-8,21
2024-08-28 15:56:49,127/51,868.5,-111,0,-12,21
2024-08-28 16:35:58,127/20,867.9,-118,486,-9,18
2024-08-28 16:36:50,127/51,867.9,-119,485,-11,18
2024-08-28 17:15:59,128/20,866.1,-116,484,-11,6
2024-08-28 17:16:51,128/51,866.1,-117,484,-11,6
2024-08-28 17:56:00,128/20,865.9,-115,485,-7,5
2024-08-28 17:56:52,128/51,865.9,-117,0,-4,5
2024-08-28 19:16:53,128/51,867.9,-118,485,-13,18
2024-08-28 19:56:02,129/20,866.1,-117,478,-10,6
2024-08-28 19:56:54,129/51,866.1,-107,477,-22,6
2024-08-28 20:36:03,129/20,865.9,-117,469,-11,5
2024-08-28 21:16:04,129/20,868.5,-118,465,-20,21
2024-08-28 21:56:05,129/20,867.9,-109,461,-21,18
2024-08-28 21:56:56,129/51,867.9,-118,0,-7,18
2024-08-28 22:36:05,130/20,866.1,-116,455,-8,6
2024-08-28 22:36:57,130/51,866.1,-116,455,-7,6
2024-08-28 23:16:06,130/20,865.9,-116,450,-5,5
2024-08-28 23:16:58,130/51,865.9,-114,0,1,5
2024-08-28 23:56:58,130/51,868.5,-120,0,-9,21
2024-08-29 00:36:08,130/20,867.9,-119,448,-11,18
2024-08-29 00:36:59,130/51,867.9,-120,0,-11,18
2024-08-29 01:16:08,131/20,866.1,-117,445,-7,6
2024-08-29 01:17:00,131/51,866.1,-117,445,-13,6
2024-08-29 01:56:09,131/20,865.9,-116,446,-7,5
2024-08-29 01:57:01,131/51,865.9,-117,446,-11,5
2024-08-29 03:56:11,132/20,866.1,-116,441,-7,6
2024-08-29 03:57:03,132/51,866.1,-116,441,-7,6
2024-08-29 04:36:12,132/20,865.9,-110,442,-13,5
2024-08-29 04:37:04,132/51,865.9,-115,0,-3,5
2024-08-29 05:57:05,132/51,867.9,-117,0,-10,18
2024-08-29 06:36:15,133/20,866.1,-116,442,-8,6
2024-08-29 06:37:06,133/51,866.1,-116,0,-6,6
2024-08-29 07:16:15,133/20,865.9,-115,445,-7,5
2024-08-29 07:17:07,133/51,865.9,-116,445,-6,5
2024-08-29 07:56:16,133/20,868.5,-114,444,-18,21
2024-08-29 07:57:08,133/51,868.5,-122,0,-13,21
2024-08-29 08:36:17,133/20,867.9,-119,440,-12,18
2024-08-29 09:16:18,134/20,866.1,-113,436,-12,6
2024-08-29 09:17:09,134/51,866.1,-120,0,-6,6
2024-08-29 09:56:18,134/20,865.9,-116,437,-6,5
2024-08-29 09:57:10,134/51,865.9,-117,437,-10,5
2024-08-29 10:36:19,134/20,868.5,-117,439,-15,21
2024-08-29 10:37:11,134/51,868.5,-118,439,-15,21
2024-08-29 11:16:20,134/20,867.9,-119,446,-11,18
2024-08-29 11:17:11,134/51,867.9,-119,447,-12,18
2024-08-29 11:56:21,135/20,866.1,-118,455,-8,6
2024-08-29 11:57:12,135/51,866.1,-107,0,-2,6
2024-08-29 12:36:21,135/20,865.9,-115,470,-9,5
2024-08-29 12:37:13,135/51,865.9,-116,470,-4,5
2024-08-29 13:16:22,135/20,868.5,-113,480,-17,21
2024-08-29 13:56:23,135/20,867.9,-119,478,-15,18
2024-08-29 14:36:24,136/20,866.1,-116,477,-6,6
2024-08-29 14:37:15,136/51,866.1,-119,0,-2,6
2024-08-29 15:16:24,136/20,865.9,-117,475,-8,5
2024-08-29 15:17:16,136/51,865.9,-117,474,-7,5
2024-08-29 15:56:25,136/20,868.5,-119,473,-15,21
2024-08-29 15:57:17,136/51,868.5,-119,0,-15,21
2024-08-29 16:36:26,136/20,867.9,-117,467,-10,18
2024-08-29 16:37:18,136/51,867.9,-119,0,-14,18
2024-08-29 17:16:27,137/20,866.1,-118,462,-10,6
2024-08-29 17:17:18,137/51,866.1,-118,463,-9,6
2024-08-29 17:57:19,137/51,865.9,-118,464,-8,5
2024-08-29 18:37:20,137/51,868.5,-119,0,-7,21
2024-08-29 19:16:29,137/20,867.9,-118,494,-7,18
2024-08-29 19:17:21,137/51,867.9,-118,495,-10,18
2024-08-29 19:56:30,138/20,866.1,-117,486,-6,6
2024-08-29 19:57:21,138/51,866.1,-117,488,-6,6
2024-08-29 20:36:31,138/20,865.9,-116,482,-5,5
2024-08-29 20:37:22,138/51,865.9,-116,482,-4,5
2024-08-29 21:57:24,138/51,867.9,-118,472,-16,18
2024-08-29 22:36:33,139/20,866.1,-112,461,-11,6
2024-08-29 22:37:25,139/51,866.1,-103,460,-22,6
2024-08-29 23:16:34,139/20,865.9,-105,456,-19,5
2024-08-29 23:56:34,139/20,868.5,-110,456,-21,21
2024-08-30 00:37:27,139/51,867.9,-119,454,-13,18
2024-08-30 01:16:36,140/20,866.1,-116,450,-9,6
2024-08-30 01:17:28,140/51,866.1,-118,0,-5,6
2024-08-30 01:56:37,140/20,865.9,-117,448,-5,5
2024-08-30 01:57:28,140/51,865.9,-116,0,-3,5
2024-08-30 03:16:38,140/20,867.9,-119,446,-13,18
2024-08-30 03:17:30,140/51,867.9,-119,445,-12,18
2024-08-30 03:56:39,141/20,866.1,-116,442,-8,6
2024-08-30 03:57:31,141/51,866.1,-117,0,-5,6
2024-08-30 04:36:40,141/20,865.9,-116,443,-3,5
2024-08-30 04:37:31,141/51,865.9,-116,443,-4,5
2024-08-30 05:56:41,141/20,867.9,-118,444,-14,18
2024-08-30 05:57:33,141/51,867.9,-118,0,-11,18
2024-08-30 06:36:42,142/20,866.1,-116,441,-7,6
2024-08-30 06:37:34,142/51,866.1,-115,0,-4,6
2024-08-30 07:16:43,142/20,865.9,-117,442,-5,5
2024-08-30 07:17:34,142/51,865.9,-117,0,0,5
2024-08-30 07:57:35,142/51,868.5,-118,0,-16,21
2024-08-30 09:16:45,143/20,866.1,-117,439,-9,6
2024-08-30 09:17:37,143/51,866.1,-117,439,-9,6
2024-08-30 09:56:46,143/20,865.9,-116,440,-4,5
2024-08-30 09:57:38,143/51,865.9,-115,0,-1,5
2024-08-30 10:37:38,143/51,868.5,-118,0,-6,21
2024-08-30 11:16:48,143/20,867.9,-119,445,-19,18
2024-08-30 11:56:48,144/20,866.1,-115,460,-16,6
2024-08-30 11:57:40,144/51,866.1,-118,460,-7,6
2024-08-30 12:36:49,144/20,865.9,-117,462,-5,5
2024-08-30 12:37:41,144/51,865.9,-117,0,-4,5
2024-08-30 13:17:41,144/51,868.5,-115,0,-2,21
2024-08-30 13:56:51,144/20,867.9,-118,478,-11,18
2024-08-30 14:36:51,145/20,866.1,-116,475,-11,6
2024-08-30 14:37:43,145/51,866.1,-117,0,-7,6
2024-08-30 15:16:52,145/20,865.9,-114,485,-6,5
2024-08-30 15:17:44,145/51,865.9,-91,0,-9,5
2024-08-30 15:56:53,145/20,868.5,-118,489,-10,21
2024-08-30 16:37:45,145/51,867.9,-119,0,-6,18
2024-08-30 17:16:54,146/20,866.1,-116,488,-7,6
2024-08-30 17:17:46,146/51,866.1,-119,0,-7,6
2024-08-30 17:56:55,146/20,865.9,-116,488,-5,5
2024-08-30 17:57:47,146/51,865.9,-117,0,-6,5
2024-08-30 18:36:56,146/20,868.5,-118,488,-9,21
2024-08-30 18:37:48,146/51,868.5,-106,488,-18,21
2024-08-30 19:16:57,146/20,867.9,-119,488,-14,18
2024-08-30 19:17:48,146/51,867.9,-119,488,-13,18
2024-08-30 19:56:57,147/20,866.1,-117,480,-10,6
2024-08-30 19:57:49,147/51,866.1,-116,480,-11,6
2024-08-30 20:36:58,147/20,865.9,-117,468,-5,5
2024-08-30 20:37:50,147/51,865.9,-117,468,-4,5
2024-08-30 21:57:00,147/20,867.9,-120,462,-17,18
2024-08-30 21:57:51,147/51,867.9,-118,462,-18,18
2024-08-30 22:37:01,148/20,866.1,-117,457,-16,6
2024-08-30 22:37:52,148/51,866.1,-118,0,-16,6
2024-08-30 23:17:01,148/20,865.9,-117,454,-7,5
2024-08-30 23:17:53,148/51,865.9,-116,454,-10,5
2024-08-31 00:37:03,148/20,867.9,-119,446,-10,18
2024-08-31 00:37:54,148/51,867.9,-119,446,-13,18
2024-08-31 01:17:04,149/20,866.1,-115,443,-12,6
2024-08-31 01:17:55,149/51,866.1,-114,0,-11,6
2024-08-31 01:57:04,149/20,865.9,-116,444,-5,5
2024-08-31 02:37:05,149/20,868.5,-117,446,-24,21
2024-08-31 03:57:07,150/20,866.1,-111,442,-15,6
2024-08-31 03:57:58,150/51,866.1,-117,0,-8,6
2024-08-31 04:37:07,150/20,865.9,-112,444,-10,5
2024-08-31 04:37:59,150/51,865.9,-116,444,-5,5
2024-08-31 06:37:10,151/20,866.1,-116,443,-10,6
2024-08-31 06:38:01,151/51,866.1,-118,0,-6,6
2024-08-31 07:17:11,151/20,865.9,-116,443,-5,5
2024-08-31 07:18:02,151/51,865.9,-115,0,-2,5
2024-08-31 07:57:11,151/20,868.5,-114,444,-15,21
2024-08-31 08:37:12,151/20,867.9,-119,440,-9,18
2024-08-31 09:17:13,152/20,866.1,-117,439,-10,6
2024-08-31 09:18:04,152/51,866.1,-115,439,-10,6
2024-08-31 09:57:14,152/20,865.9,-117,442,-6,5
2024-08-31 09:58:05,152/51,865.9,-117,442,-7,5
2024-08-31 10:37:14,152/20,868.5,-119,446,-13,21
2024-08-31 10:38:06,152/51,868.5,-122,0,-18,21
2024-08-31 11:17:15,152/20,867.9,-119,463,-6,18
2024-08-31 11:18:07,152/51,867.9,-118,464,-7,18
2024-08-31 11:57:16,153/20,866.1,-116,477,-4,6
2024-08-31 11:58:07,153/51,866.1,-116,477,-10,6
2024-08-31 12:37:17,153/20,865.9,-112,481,-13,5
2024-08-31 12:38:08,153/51,865.9,-115,482,-8,5
2024-08-31 13:58:10,153/51,867.9,-116,0,-2,18
2024-08-31 15:17:20,154/20,865.9,-117,485,-13,5
2024-08-31 15:18:11,154/51,865.9,-117,484,-12,5
2024-08-31 15:57:20,154/20,868.5,-119,487,-13,21
2024-08-31 15:58:12,154/51,868.5,-116,0,0,21
2024-08-31 16:37:21,154/20,867.9,-118,485,-15,18
2024-08-31 17:17:22,155/20,866.1,-117,486,-15,6
2024-08-31 17:18:14,155/51,866.1,-106,0,-6,6
2024-08-31 17:57:23,155/20,865.9,-118,485,-21,5
2024-08-31 19:18:16,155/51,867.9,-119,0,-11,18
2024-08-31 19:57:25,156/20,866.1,-116,484,-7,6
2024-08-31 19:58:17,156/51,866.1,-116,484,-10,6
2024-08-31 20:37:26,156/20,865.9,-117,475,-7,5
2024-08-31 20:38:17,156/51,865.9,-118,0,-6,5
2024-08-31 21:17:27,156/20,868.5,-114,474,-11,21
2024-08-31 21:18:18,156/51,868.5,-107,473,-19,21
2024-08-31 21:58:19,156/51,867.9,-116,0,-2,18
2024-08-31 22:37:28,157/20,866.1,-116,463,-10,6
2024-08-31 22:38:20,157/51,866.1,-118,0,-4,6
2024-08-31 23:17:29,157/20,865.9,-114,460,-13,5
2024-08-31 23:18:20,157/51,865.9,-114,459,-13,5
2024-08-31 23:57:30,157/20,868.5,-117,459,-5,21
2024-08-31 23:58:21,157/51,868.5,-117,0,-4,21
2024-09-01 00:37:30,157/20,867.9,-116,455,-6,18
2024-09-01 00:38:22,157/51,867.9,-118,455,-4,18
2024-09-01 01:17:31,158/20,866.1,-117,450,-10,6
2024-09-01 01:18:23,158/51,866.1,-117,450,-10,6
2024-09-01 01:57:32,158/20,865.9,-117,450,-12,5
2024-09-01 02:37:33,158/20,868.5,-116,452,-7,21
2024-09-01 02:38:24,158/51,868.5,-118,452,-5,21
2024-09-01 03:17:34,158/20,867.9,-118,450,-4,18
2024-09-01 03:18:25,158/51,867.9,-118,450,-3,18
2024-09-01 03:57:34,159/20,866.1,-117,448,-10,6
2024-09-01 03:58:26,159/51,866.1,-118,0,-6,6
2024-09-01 04:37:35,159/20,865.9,-116,451,-11,5
2024-09-01 04:38:27,159/51,865.9,-117,451,-9,5
2024-09-01 05:17:36,159/20,868.5,-115,451,-6,21
2024-09-01 05:57:37,159/20,867.9,-119,448,-9,18
2024-09-01 05:58:28,159/51,867.9,-119,448,-8,18
2024-09-01 06:37:37,160/20,866.1,-114,446,-14,6
2024-09-01 06:38:29,160/51,866.1,-118,446,-8,6
2024-09-01 07:17:38,160/20,865.9,-115,450,-14,5
2024-09-01 07:18:30,160/51,865.9,-118,0,-8,5
2024-09-01 07:57:39,160/20,868.5,-118,454,-11,21
2024-09-01 07:58:30,160/51,868.5,-118,453,-12,21
2024-09-01 08:37:40,160/20,867.9,-119,447,-9,18
2024-09-01 09:17:40,161/20,866.1,-117,441,-12,6
2024-09-01 09:18:32,161/51,866.1,-118,0,-11,6
2024-09-01 09:57:41,161/20,865.9,-117,444,-10,5
2024-09-01 09:58:33,161/51,865.9,-117,0,-3,5
2024-09-01 10:37:42,161/20,868.5,-119,450,-9,21
2024-09-01 10:38:34,161/51,868.5,-120,0,-9,21
2024-09-01 11:17:43,161/20,867.9,-110,454,-21,18
2024-09-01 11:18:34,161/51,867.9,-120,454,-11,18
2024-09-01 11:58:35,162/51,866.1,-118,0,-14,6
2024-09-01 12:37:44,162/20,865.9,-118,463,-11,5
2024-09-01 12:38:36,162/51,865.9,-108,0,-4,5
2024-09-01 13:17:45,162/20,868.5,-118,455,-12,21
2024-09-01 13:57:46,162/20,867.9,-120,451,-12,18
2024-09-01 14:37:47,163/20,866.1,-114,452,-16,6
2024-09-01 14:38:38,163/51,866.1,-116,452,-14,6
2024-09-01 15:17:47,163/20,865.9,-117,463,-7,5
2024-09-01 15:18:39,163/51,865.9,-116,463,-8,5
2024-09-01 15:57:48,163/20,868.5,-118,473,-13,21
2024-09-01 16:37:49,163/20,867.9,-119,477,-11,18
2024-09-01 17:17:50,164/20,866.1,-115,477,-14,6
2024-09-01 17:18:41,164/51,866.1,-117,0,-8,6
2024-09-01 17:57:50,164/20,865.9,-115,479,-9,5
2024-09-01 17:58:42,164/51,865.9,-115,0,-6,5
2024-09-01 18:37:51,164/20,868.5,-115,477,-16,21
2024-09-01 18:38:43,164/51,868.5,-111,0,-14,21
2024-09-01 19:17:52,164/20,867.9,-116,0,-8,18
2024-09-01 19:57:53,165/20,866.1,-116,456,-8,6
2024-09-01 20:37:53,165/20,865.9,-118,448,-17,5
2024-09-01 21:17:54,165/20,868.5,-115,450,-3,21
2024-09-01 21:18:46,165/51,868.5,-118,450,-6,21
2024-09-01 21:58:47,165/51,867.9,-119,449,-13,18
2024-09-01 22:37:56,166/20,866.1,-117,444,-10,6
2024-09-01 22:38:47,166/51,866.1,-117,444,-9,6
2024-09-01 23:17:57,166/20,865.9,-116,445,-5,5
2024-09-01 23:18:48,166/51,865.9,-116,445,-5,5
2024-09-01 23:57:57,166/20,868.5,-118,445,-11,21
2024-09-01 23:58:49,166/51,868.5,-117,445,-12,21
2024-09-02 00:37:58,166/20,867.9,-119,445,-12,18
2024-09-02 01:17:59,167/20,866.1,-118,442,-12,6
2024-09-02 01:18:50,167/51,866.1,-118,441,-15,6
2024-09-02 01:58:00,167/20,865.9,-118,443,-12,5
2024-09-02 01:58:51,167/51,865.9,-116,443,-12,5
2024-09-02 02:38:00,167/20,868.5,-114,3040,-13,21
2024-09-02 03:18:53,167/51,867.9,-118,0,-3,18
2024-09-02 03:58:02,168/20,866.1,-117,447,-10,6
2024-09-02 03:58:53,168/51,866.1,-117,447,-5,6
2024-09-02 04:38:03,168/20,865.9,-117,448,-13,5
2024-09-02 04:38:54,168/51,865.9,-117,447,-13,5
2024-09-02 05:18:55,168/51,868.5,-119,450,-12,21
2024-09-02 05:58:04,168/20,867.9,-119,447,-14,18
2024-09-02 05:58:56,168/51,867.9,-118,0,-6,18
2024-09-02 06:38:05,169/20,866.1,-118,448,-15,6
2024-09-02 06:38:57,169/51,866.1,-118,447,-14,6
2024-09-02 07:18:06,169/20,865.9,-117,452,-10,5
2024-09-02 07:18:57,169/51,865.9,-117,452,-10,5
2024-09-02 07:58:07,169/20,868.5,-116,455,-7,21
2024-09-02 07:58:58,169/51,868.5,-116,455,-7,21
2024-09-02 08:38:07,169/20,867.9,-118,450,-9,18
2024-09-02 09:18:08,170/20,866.1,-117,440,-12,6
2024-09-02 09:19:00,170/51,866.1,-118,0,-8,6
2024-09-02 10:38:10,170/20,868.5,-116,437,-8,21
