2024-07-11 15:01:14,1/8,868.0,-95,293,0,4
2024-07-11 15:05:24,1/14,868.0,-90,286,0,4
2024-07-11 15:16:14,2/8,868.0,-96,280,0,4
2024-07-11 15:23:45,3/8,868.0,-94,277,0,4
2024-07-11 15:31:15,1/2,868.0,-107,282,0,4
2024-07-11 15:43:46,2/2,868.0,-106,272,0,4
2024-07-11 16:34:38,2/14,868.0,-95,290,0,4
2024-07-11 16:35:29,3/14,868.0,-96,288,0,4
2024-07-11 16:37:09,4/8,868.0,-101,287,0,4
2024-07-11 16:41:19,4/14,868.0,-95,287,0,4
2024-07-11 16:42:59,5/8,868.0,-99,287,0,4
2024-07-11 16:48:49,5/14,868.0,-94,290,0,4
2024-07-11 16:57:10,6/8,868.0,-100,288,0,4
2024-07-11 16:58:50,3/2,868.0,-107,289,0,4
2024-07-11 17:02:10,6/14,868.0,-94,284,0,4
2024-07-11 17:10:30,4/2,868.0,-105,280,0,4
2024-07-11 17:33:52,7/14,868.0,-94,280,0,4
2024-07-11 17:36:22,5/2,868.0,-106,279,0,4
2024-07-11 17:57:13,6/2,868.0,-107,270,0,4
2024-07-11 17:58:53,7/2,868.0,-105,268,0,4
2024-07-11 17:59:43,8/14,868.0,-95,272,0,4
2024-07-11 18:00:33,9/14,868.0,-96,271,0,4
2024-07-11 18:07:13,10/14,868.0,-94,265,0,4
2024-07-11 18:13:04,8/2,868.0,-106,267,0,4
2024-07-11 18:13:54,11/14,868.0,-94,268,0,4
2024-07-11 18:16:24,12/14,868.0,-94,268,0,4
2024-07-11 18:17:14,13/14,868.0,-95,264,0,4
2024-07-11 18:18:54,9/2,868.0,-107,266,0,4
2024-07-11 18:49:45,14/14,868.0,-94,264,0,4
2024-07-11 19:28:07,15/14,868.0,-96,255,0,4
2024-07-11 19:37:18,10/2,868.0,-110,256,0,4
2024-07-11 19:41:28,16/14,868.0,-96,260,0,4
2024-07-11 20:34:01,17/14,868.0,-99,255,0,4
2024-07-11 20:44:01,7/8,868.0,-105,258,0,4
2024-07-11 20:54:52,8/8,868.0,-102,254,0,4
2024-07-11 20:59:02,18/14,868.0,-100,258,0,4
2024-07-11 21:15:43,11/2,868.0,-111,258,0,4
2024-07-11 21:47:25,19/14,868.0,-109,261,0,4
2024-07-11 21:48:15,9/8,868.0,-106,260,0,4
2024-07-11 21:53:15,10/8,868.0,-116,265,0,4
2024-07-11 21:56:35,20/14,868.0,-104,254,0,4
2024-07-11 22:16:37,21/14,868.0,-102,252,0,4
2024-07-11 22:19:06,12/2,868.0,-113,263,0,4
2024-07-11 22:19:56,13/2,868.0,-112,259,0,4
2024-07-11 22:24:06,22/14,868.0,-102,262,0,4
2024-07-11 22:34:07,14/2,868.0,-113,265,0,4
2024-07-11 22:44:58,15/2,868.0,-117,270,0,4
2024-07-11 22:50:48,11/8,868.0,-114,267,0,4
2024-07-11 22:59:08,12/8,868.0,-109,268,0,4
2024-07-11 23:20:00,23/14,868.0,-114,263,0,4
2024-07-11 23:33:20,16/2,868.0,-120,272,0,4
2024-07-11 23:35:00,13/8,868.0,-114,275,0,4
2024-07-11 23:36:40,17/2,868.0,-119,264,0,4
2024-07-11 23:50:01,14/8,868.0,-112,276,0,4
2024-07-11 23:54:11,24/14,868.0,-106,278,0,4
2024-07-11 23:56:41,18/2,868.0,-116,280,0,4
2024-07-12 00:18:22,15/8,868.0,-104,281,0,4
2024-07-12 00:20:52,16/8,868.0,-106,281,0,4
2024-07-12 00:27:33,25/14,868.0,-99,279,0,4
2024-07-12 00:42:33,19/2,868.0,-110,270,0,4
2024-07-12 00:45:04,26/14,868.0,-101,275,0,4
2024-07-12 00:50:54,20/2,868.0,-110,274,0,4
2024-07-12 00:57:34,27/14,868.0,-100,269,0,4
2024-07-12 01:04:15,21/2,868.0,-110,268,0,4
2024-07-12 01:09:15,28/14,868.0,-100,267,0,4
2024-07-12 01:19:15,17/8,868.0,-103,268,0,4
2024-07-12 01:39:16,22/2,868.0,-111,267,0,4
2024-07-12 01:41:46,23/2,868.0,-110,263,0,4
2024-07-12 01:42:37,24/2,868.0,-110,260,0,4
2024-07-12 01:50:07,18/8,868.0,-101,264,0,4
2024-07-12 02:03:28,19/8,868.0,-104,264,0,4
2024-07-12 02:12:38,29/14,868.0,-98,261,0,4
2024-07-12 02:14:18,30/14,868.0,-98,261,0,4
2024-07-12 02:40:10,31/14,868.0,-98,260,0,4
2024-07-12 02:48:30,25/2,868.0,-111,258,0,4
2024-07-12 02:51:50,26/2,868.0,-110,261,0,4
2024-07-12 02:57:40,20/8,868.0,-103,261,0,4
2024-07-12 03:11:01,27/2,868.0,-112,260,0,4
2024-07-12 03:14:21,28/2,868.0,-112,261,0,4
2024-07-12 03:22:42,32/14,868.0,-103,264,0,4
2024-07-12 03:35:12,29/2,868.0,-118,269,0,4
2024-07-12 03:46:03,21/8,868.0,-112,259,0,4
2024-07-12 03:51:53,30/2,868.0,-112,282,0,4
2024-07-12 03:55:13,22/8,868.0,-109,277,0,4
2024-07-12 04:03:34,33/14,868.0,-99,284,0,4
2024-07-12 04:10:14,31/2,868.0,-113,275,0,4
2024-07-12 04:18:34,32/2,868.0,-116,275,0,4
2024-07-12 04:34:25,33/2,868.0,-117,277,0,4
2024-07-12 05:00:17,34/2,868.0,-110,286,0,4
2024-07-12 05:01:07,34/14,868.0,-102,277,0,4
2024-07-12 05:02:47,23/8,868.0,-107,272,0,4
2024-07-12 05:15:17,24/8,868.0,-106,270,0,4
2024-07-12 05:22:48,35/14,868.0,-103,272,0,4
2024-07-12 05:23:38,25/8,868.0,-106,271,0,4
2024-07-12 05:26:58,36/14,868.0,-100,267,0,4
2024-07-12 06:09:30,37/14,868.0,-102,263,0,4
2024-07-12 06:11:10,26/8,868.0,-104,266,0,4
2024-07-12 06:22:01,35/2,868.0,-110,266,0,4
2024-07-12 06:25:21,36/2,868.0,-110,263,0,4
2024-07-12 06:26:11,37/2,868.0,-112,265,0,4
2024-07-12 06:52:52,27/8,868.0,-103,266,0,4
2024-07-12 07:02:03,38/14,868.0,-100,264,0,4
2024-07-12 07:07:53,38/2,868.0,-111,261,0,4
2024-07-12 07:14:33,28/8,868.0,-103,260,0,4
2024-07-12 07:37:05,29/8,868.0,-103,259,0,4
2024-07-12 07:50:25,39/14,868.0,-100,262,0,4
2024-07-12 07:52:06,30/8,868.0,-105,269,0,4
2024-07-12 07:52:55,31/8,868.0,-106,265,0,4
2024-07-12 08:27:07,32/8,868.0,-101,269,0,4
2024-07-12 08:56:19,40/14,868.0,-97,254,0,4
2024-07-12 08:57:09,39/2,868.0,-109,268,0,4
2024-07-12 08:59:39,40/2,868.0,-110,272,0,4
2024-07-12 09:02:59,41/2,868.0,-109,269,0,4
2024-07-12 09:03:50,41/14,868.0,-97,258,0,4
2024-07-12 09:12:10,33/8,868.0,-104,267,0,4
2024-07-12 09:17:10,34/8,868.0,-105,272,0,4
2024-07-12 09:28:00,42/2,868.0,-112,262,0,4
2024-07-12 09:53:52,35/8,868.0,-104,263,0,4
2024-07-12 09:55:32,36/8,868.0,-103,263,0,4
2024-07-12 10:04:42,43/2,868.0,-108,259,0,4
2024-07-12 10:09:42,44/2,868.0,-110,263,0,4
2024-07-12 10:13:53,37/8,868.0,-105,264,0,4
2024-07-12 10:17:13,42/14,868.0,-96,263,0,4
2024-07-12 10:20:33,43/14,868.0,-96,258,0,4
2024-07-12 10:26:23,44/14,868.0,-95,258,0,4
2024-07-12 10:30:34,45/2,868.0,-109,257,0,4
2024-07-12 10:35:34,46/2,868.0,-108,255,0,4
2024-07-12 10:46:24,45/14,868.0,-97,256,0,4
2024-07-12 10:47:14,38/8,868.0,-100,250,0,4
2024-07-12 10:48:04,39/8,868.0,-102,250,0,4
2024-07-12 10:49:45,46/14,868.0,-95,254,0,4
2024-07-12 10:50:34,47/2,868.0,-109,250,0,4
2024-07-12 10:54:45,40/8,868.0,-101,250,0,4
2024-07-12 11:04:45,48/2,868.0,-107,253,0,4
2024-07-12 11:12:15,49/2,868.0,-110,257,0,4
2024-07-12 11:18:06,47/14,868.0,-98,256,0,4
2024-07-12 11:18:56,50/2,868.0,-108,255,0,4
2024-07-12 11:21:26,51/2,868.0,-111,253,0,4
2024-07-12 11:23:56,52/2,868.0,-108,251,0,4
2024-07-12 11:25:36,48/14,868.0,-98,255,0,4
2024-07-12 11:39:47,41/8,868.0,-102,248,0,4
2024-07-12 12:07:18,42/8,868.0,-104,250,0,4
2024-07-12 12:08:58,43/8,868.0,-102,250,0,4
2024-07-12 12:40:40,49/14,868.0,-98,254,0,4
2024-07-12 12:52:21,53/2,868.0,-104,252,0,4
2024-07-12 13:00:41,50/14,868.0,-95,259,0,4
2024-07-12 13:04:52,44/8,868.0,-103,260,0,4
2024-07-12 13:08:11,45/8,868.0,-100,260,0,4
2024-07-12 13:24:52,51/14,868.0,-94,259,0,4
2024-07-12 13:29:53,52/14,868.0,-92,261,0,4
2024-07-12 13:44:53,53/14,868.0,-94,259,0,4
2024-07-12 13:51:34,54/14,868.0,-95,258,0,4
2024-07-12 13:54:04,46/8,868.0,-100,252,0,4
2024-07-12 14:04:04,47/8,868.0,-101,254,0,4
2024-07-12 14:24:55,55/14,868.0,-96,255,0,4
2024-07-12 14:27:25,56/14,868.0,-95,252,0,4
2024-07-12 14:33:16,57/14,868.0,-95,259,0,4
2024-07-12 14:37:26,54/2,868.0,-106,255,0,4
2024-07-12 14:47:27,55/2,868.0,-107,265,0,4
2024-07-12 14:55:47,56/2,868.0,-109,267,0,4
2024-07-12 15:08:18,58/14,868.0,-94,265,0,4
2024-07-12 15:11:38,48/8,868.0,-102,272,0,4
2024-07-12 15:16:38,57/2,868.0,-107,273,0,4
2024-07-12 15:18:18,49/8,868.0,-100,267,0,4
2024-07-12 15:19:08,59/14,868.0,-95,271,0,4
2024-07-12 15:19:58,50/8,868.0,-101,268,0,4
2024-07-12 15:26:38,58/2,868.0,-106,269,0,4
2024-07-12 15:33:19,51/8,868.0,-104,268,0,4
2024-07-12 15:40:49,59/2,868.0,-111,264,0,4
2024-07-12 15:44:10,60/14,868.0,-105,262,0,4
2024-07-12 15:51:40,52/8,868.0,-108,244,0,4
2024-07-12 16:04:11,53/8,868.0,-120,270,0,4
2024-07-12 16:28:22,60/2,868.0,-110,267,0,4
2024-07-12 16:31:42,61/2,868.0,-110,263,0,4
2024-07-12 16:50:53,62/2,868.0,-112,260,0,4
2024-07-12 16:55:53,63/2,868.0,-112,260,0,4
2024-07-12 17:04:14,61/14,868.0,-100,258,0,4
2024-07-12 17:07:34,64/2,868.0,-112,260,0,4
2024-07-12 17:10:04,62/14,868.0,-101,256,0,4
2024-07-12 17:12:35,63/14,868.0,-102,242,0,4
2024-07-12 17:30:55,65/2,868.0,-112,261,0,4
2024-07-12 17:55:06,66/2,868.0,-113,254,0,4
2024-07-12 18:25:58,54/8,868.0,-103,250,0,4
2024-07-12 18:31:48,55/8,868.0,-100,249,0,4
2024-07-12 18:32:39,64/14,868.0,-99,240,0,4
2024-07-12 18:48:29,56/8,868.0,-110,254,0,4
2024-07-12 18:55:09,67/2,868.0,-114,254,0,4
2024-07-12 19:04:20,57/8,868.0,-103,252,0,4
2024-07-12 19:11:50,68/2,868.0,-112,253,0,4
2024-07-12 19:23:31,69/2,868.0,-111,261,0,4
2024-07-12 19:31:51,70/2,868.0,-109,262,0,4
2024-07-12 19:35:11,58/8,868.0,-105,261,0,4
2024-07-12 19:41:52,71/2,868.0,-113,270,0,4
2024-07-12 19:49:22,59/8,868.0,-102,265,0,4
2024-07-12 19:51:02,65/14,868.0,-98,266,0,4
2024-07-12 20:02:43,60/8,868.0,-103,267,0,4
2024-07-12 20:04:23,72/2,868.0,-113,270,0,4
2024-07-12 20:06:53,66/14,868.0,-97,265,0,4
2024-07-12 20:11:53,67/14,868.0,-98,264,0,4
2024-07-12 20:31:04,68/14,868.0,-97,266,0,4
2024-07-12 20:33:34,61/8,868.0,-103,265,0,4
2024-07-12 20:54:25,73/2,868.0,-106,259,0,4
2024-07-12 20:56:55,62/8,868.0,-101,259,0,4
2024-07-12 21:14:26,63/8,868.0,-101,259,0,4
2024-07-12 21:16:57,64/8,868.0,-102,262,0,4
2024-07-12 21:26:57,65/8,868.0,-104,265,0,4
2024-07-12 21:31:07,66/8,868.0,-103,266,0,4
2024-07-12 21:35:17,67/8,868.0,-105,268,0,4
2024-07-12 21:36:08,68/8,868.0,-104,262,0,4
2024-07-12 21:40:18,69/8,868.0,-104,267,0,4
2024-07-12 21:52:48,69/14,868.0,-97,269,0,4
2024-07-12 22:11:59,70/8,868.0,-103,272,0,4
2024-07-12 22:22:00,71/8,868.0,-103,269,0,4
2024-07-12 22:28:40,74/2,868.0,-110,275,0,4
2024-07-12 22:42:01,72/8,868.0,-103,271,0,4
2024-07-12 22:57:02,73/8,868.0,-103,273,0,4
2024-07-12 22:58:42,75/2,868.0,-111,273,0,4
2024-07-12 23:02:02,76/2,868.0,-111,273,0,4
2024-07-12 23:02:52,77/2,868.0,-108,274,0,4
2024-07-12 23:18:43,74/8,868.0,-101,280,0,4
2024-07-12 23:31:14,78/2,868.0,-108,290,0,4
2024-07-12 23:32:03,70/14,868.0,-99,279,0,4
2024-07-12 23:39:34,75/8,868.0,-105,278,0,4
2024-07-12 23:44:34,71/14,868.0,-98,282,0,4
2024-07-12 23:45:24,76/8,868.0,-101,279,0,4
2024-07-12 23:56:15,72/14,868.0,-98,284,0,4
2024-07-13 00:03:45,79/2,868.0,-110,284,0,4
2024-07-13 00:15:26,78/8,868.0,-103,286,0,4
2024-07-13 00:19:36,73/14,868.0,-96,280,0,4
2024-07-13 00:22:56,80/2,868.0,-108,283,0,4
2024-07-13 00:24:36,81/2,868.0,-109,284,0,4
2024-07-13 00:39:37,74/14,868.0,-96,295,0,4
2024-07-13 01:08:48,82/2,868.0,-110,299,0,4
2024-07-13 01:24:39,79/8,868.0,-101,298,0,4
2024-07-13 01:26:19,80/8,868.0,-103,299,0,4
2024-07-13 01:38:50,81/8,868.0,-102,297,0,4
2024-07-13 01:45:30,82/8,868.0,-102,301,0,4
2024-07-13 01:46:20,75/14,868.0,-97,300,0,4
2024-07-13 01:58:51,76/14,868.0,-96,300,0,4
2024-07-13 02:10:31,83/8,868.0,-101,296,0,4
2024-07-13 02:12:12,77/14,868.0,-96,295,0,4
2024-07-13 02:31:23,84/8,868.0,-102,302,0,4
2024-07-13 02:34:43,83/2,868.0,-107,302,0,4
2024-07-13 03:03:04,78/14,868.0,-96,294,0,4
2024-07-13 03:05:34,85/8,868.0,-102,295,0,4
2024-07-13 03:21:25,84/2,868.0,-108,300,0,4
2024-07-13 03:22:15,79/14,868.0,-95,300,0,4
2024-07-13 03:24:45,86/8,868.0,-100,295,0,4
2024-07-13 03:31:26,87/8,868.0,-102,298,0,4
2024-07-13 03:33:56,85/2,868.0,-107,296,0,4
2024-07-13 03:48:56,88/8,868.0,-101,301,0,4
2024-07-13 03:58:07,89/8,868.0,-101,303,0,4
2024-07-13 04:08:07,86/2,868.0,-108,302,0,4
2024-07-13 04:12:18,80/14,868.0,-97,299,0,4
2024-07-13 04:18:58,87/2,868.0,-108,303,0,4
2024-07-13 04:21:28,81/14,868.0,-97,304,0,4
2024-07-13 04:36:29,90/8,868.0,-102,302,0,4
2024-07-13 04:38:09,88/2,868.0,-107,306,0,4
2024-07-13 04:40:39,82/14,868.0,-97,302,0,4
2024-07-13 04:43:09,91/8,868.0,-102,301,0,4
2024-07-13 04:54:00,92/8,868.0,-100,305,0,4
2024-07-13 04:59:00,93/8,868.0,-103,308,0,4
2024-07-13 05:03:10,89/2,868.0,-109,308,0,4
2024-07-13 05:07:20,83/14,868.0,-98,308,0,4
2024-07-13 05:09:51,94/8,868.0,-102,307,0,4
2024-07-13 05:14:01,95/8,868.0,-103,304,0,4
2024-07-13 05:42:22,96/8,868.0,-101,306,0,4
2024-07-13 06:01:33,84/14,868.0,-94,303,0,4
2024-07-13 06:19:54,90/2,868.0,-108,302,0,4
2024-07-13 06:32:25,91/2,868.0,-108,307,0,4
2024-07-13 06:37:25,92/2,868.0,-109,304,0,4
2024-07-13 07:06:37,97/8,868.0,-103,305,0,4
2024-07-13 07:12:27,98/8,868.0,-101,307,0,4
2024-07-13 07:18:17,85/14,868.0,-97,305,0,4
2024-07-13 07:28:18,99/8,868.0,-102,304,0,4
2024-07-13 07:31:38,86/14,868.0,-97,301,0,4
2024-07-13 07:38:18,87/14,868.0,-95,303,0,4
2024-07-13 07:39:58,100/8,868.0,-101,299,0,4
2024-07-13 07:44:09,88/14,868.0,-97,303,0,4
2024-07-13 07:45:49,101/8,868.0,-103,299,0,4
2024-07-13 07:53:19,93/2,868.0,-107,303,0,4
2024-07-13 08:15:50,89/14,868.0,-96,293,0,4
2024-07-13 08:23:21,102/8,868.0,-100,301,0,4
2024-07-13 08:26:41,103/8,868.0,-101,295,0,4
2024-07-13 08:39:12,90/14,868.0,-95,288,0,4
2024-07-13 08:44:12,94/2,868.0,-108,293,0,4
2024-07-13 08:45:02,104/8,868.0,-100,298,0,4
2024-07-13 08:56:42,91/14,868.0,-97,290,0,4
2024-07-13 09:12:33,105/8,868.0,-103,288,0,4
2024-07-13 09:13:23,106/8,868.0,-102,283,0,4
2024-07-13 09:18:23,92/14,868.0,-97,290,0,4
2024-07-13 09:19:13,93/14,868.0,-99,285,0,4
2024-07-13 09:20:53,95/2,868.0,-107,288,0,4
2024-07-13 09:22:34,94/14,868.0,-95,288,0,4
2024-07-13 09:30:04,96/2,868.0,-107,286,0,4
2024-07-13 09:44:15,95/14,868.0,-99,283,0,4
2024-07-13 09:46:45,107/8,868.0,-102,281,0,4
2024-07-13 09:49:15,97/2,868.0,-111,279,0,4
2024-07-13 09:58:25,96/14,868.0,-100,279,0,4
2024-07-13 10:05:06,97/14,868.0,-98,276,0,4
2024-07-13 10:15:56,108/8,868.0,-104,271,0,4
2024-07-13 10:18:26,109/8,868.0,-103,275,0,4
2024-07-13 10:22:37,98/14,868.0,-97,269,0,4
2024-07-13 10:24:17,98/2,868.0,-110,269,0,4
2024-07-13 10:30:57,99/14,868.0,-98,269,0,4
2024-07-13 11:00:09,99/2,868.0,-109,261,0,4
2024-07-13 11:02:39,100/14,868.0,-98,257,0,4
2024-07-13 11:04:19,101/14,868.0,-98,257,0,4
2024-07-13 11:07:39,110/8,868.0,-103,260,0,4
2024-07-13 11:09:19,102/14,868.0,-96,258,0,4
2024-07-13 11:26:00,103/14,868.0,-100,252,0,4
2024-07-13 11:26:50,111/8,868.0,-101,253,0,4
2024-07-13 11:29:20,100/2,868.0,-108,255,0,4
2024-07-13 11:39:20,101/2,868.0,-107,256,0,4
2024-07-13 11:56:01,102/2,868.0,-109,253,0,4
2024-07-13 12:24:23,104/14,868.0,-100,254,0,4
2024-07-13 12:30:13,105/14,868.0,-99,256,0,4
2024-07-13 12:33:33,103/2,868.0,-112,254,0,4
2024-07-13 12:36:53,112/8,868.0,-103,259,0,4
2024-07-13 12:37:43,104/2,868.0,-109,277,0,4
2024-07-13 12:55:14,113/8,868.0,-102,267,0,4
2024-07-13 13:03:35,106/14,868.0,-97,263,0,4
2024-07-13 13:24:26,114/8,868.0,-103,272,0,4
2024-07-13 13:27:46,115/8,868.0,-102,269,0,4
2024-07-13 13:28:36,116/8,868.0,-106,269,0,4
2024-07-13 13:44:27,107/14,868.0,-97,269,0,4
2024-07-13 13:52:47,108/14,868.0,-99,268,0,4
2024-07-13 14:06:08,117/8,868.0,-105,269,0,4
2024-07-13 14:19:29,118/8,868.0,-103,270,0,4
2024-07-13 14:26:09,119/8,868.0,-103,271,0,4
2024-07-13 14:31:09,120/8,868.0,-104,279,0,4
2024-07-13 14:31:59,109/14,868.0,-100,270,0,4
2024-07-13 14:34:29,121/8,868.0,-103,269,0,4
2024-07-13 15:07:51,122/8,868.0,-104,266,0,4
2024-07-13 15:09:31,110/14,868.0,-99,273,0,4
2024-07-13 15:10:21,111/14,868.0,-101,272,0,4
2024-07-13 15:20:22,112/14,868.0,-98,271,0,4
2024-07-13 15:22:52,113/14,868.0,-96,273,0,4
2024-07-13 15:35:23,123/8,868.0,-104,282,0,4
2024-07-13 15:37:03,105/2,868.0,-112,284,0,4
2024-07-13 15:37:53,114/14,868.0,-99,283,0,4
2024-07-13 15:47:53,106/2,868.0,-109,280,0,4
2024-07-13 15:49:33,115/14,868.0,-97,279,0,4
2024-07-13 15:51:13,116/14,868.0,-97,283,0,4
2024-07-13 16:13:45,117/14,868.0,-97,277,0,4
2024-07-13 16:25:25,107/2,868.0,-109,280,0,4
2024-07-13 16:37:56,108/2,868.0,-109,277,0,4
2024-07-13 17:05:27,118/14,868.0,-97,287,0,4
2024-07-13 17:18:48,119/14,868.0,-101,294,0,4
2024-07-13 17:27:08,120/14,868.0,-99,296,0,4
2024-07-13 17:40:29,121/14,868.0,-98,292,0,4
2024-07-13 17:52:09,109/2,868.0,-109,297,0,4
2024-07-13 18:06:20,110/2,868.0,-112,299,0,4
2024-07-13 18:08:50,111/2,868.0,-108,293,0,4
2024-07-13 18:22:11,112/2,868.0,-111,295,0,4
2024-07-13 18:35:32,122/14,868.0,-100,295,0,4
2024-07-13 18:45:32,113/2,868.0,-113,296,0,4
2024-07-13 18:58:53,114/2,868.0,-109,296,0,4
2024-07-13 19:13:04,124/8,868.0,-103,298,0,4
2024-07-13 19:18:54,123/14,868.0,-99,298,0,4
2024-07-13 19:45:35,115/2,868.0,-112,292,0,4
2024-07-13 19:48:05,125/8,868.0,-103,290,0,4
2024-07-13 19:58:56,126/8,868.0,-103,292,0,4
2024-07-13 20:13:57,124/14,868.0,-96,282,0,4
2024-07-13 20:25:37,127/8,868.0,-104,283,0,4
2024-07-13 20:26:27,116/2,868.0,-111,281,0,4
2024-07-13 20:28:57,125/14,868.0,-95,279,0,4
2024-07-13 20:37:18,128/8,868.0,-104,283,0,4
2024-07-13 20:44:48,117/2,868.0,-108,276,0,4
2024-07-13 20:45:38,129/8,868.0,-103,278,0,4
2024-07-13 21:01:29,130/8,868.0,-102,273,0,4
2024-07-13 21:04:00,126/14,868.0,-95,285,0,4
2024-07-13 21:13:10,118/2,868.0,-108,275,0,4
2024-07-13 21:21:30,119/2,868.0,-107,268,0,4
2024-07-13 21:23:10,131/8,868.0,-100,273,0,4
2024-07-13 21:34:01,132/8,868.0,-103,267,0,4
2024-07-13 21:41:31,120/2,868.0,-108,266,0,4
2024-07-13 21:42:21,133/8,868.0,-103,268,0,4
2024-07-13 22:00:42,121/2,868.0,-108,271,0,4
2024-07-13 22:12:23,122/2,868.0,-107,270,0,4
2024-07-13 22:19:53,127/14,868.0,-96,271,0,4
2024-07-13 22:30:44,134/8,868.0,-101,280,0,4
2024-07-13 22:35:44,123/2,868.0,-109,268,0,4
2024-07-13 22:37:24,124/2,868.0,-109,270,0,4
2024-07-13 22:47:24,128/14,868.0,-98,273,0,4
2024-07-13 22:54:05,135/8,868.0,-102,268,0,4
2024-07-13 23:19:06,136/8,868.0,-103,276,0,4
2024-07-13 23:21:36,125/2,868.0,-109,271,0,4
2024-07-13 23:24:56,129/14,868.0,-96,276,0,4
2024-07-13 23:39:07,130/14,868.0,-96,276,0,4
2024-07-13 23:54:58,131/14,868.0,-96,277,0,4
2024-07-14 00:19:09,132/14,868.0,-96,279,0,4
2024-07-14 00:28:20,126/2,868.0,-110,285,0,4
2024-07-14 00:33:20,137/8,868.0,-104,281,0,4
2024-07-14 00:39:10,138/8,868.0,-103,280,0,4
2024-07-14 00:59:11,133/14,868.0,-97,282,0,4
2024-07-14 01:19:12,134/14,868.0,-96,283,0,4
2024-07-14 01:24:12,135/14,868.0,-97,286,0,4
2024-07-14 01:28:23,139/8,868.0,-100,284,0,4
2024-07-14 02:06:45,127/2,868.0,-110,292,0,4
2024-07-14 02:23:25,140/8,868.0,-102,293,0,4
2024-07-14 02:30:56,128/2,868.0,-109,292,0,4
2024-07-14 02:31:46,141/8,868.0,-101,290,0,4
2024-07-14 02:38:26,142/8,868.0,-101,291,0,4
2024-07-14 02:40:06,129/2,868.0,-107,293,0,4
2024-07-14 02:53:27,143/8,868.0,-102,294,0,4
2024-07-14 02:54:17,136/14,868.0,-97,293,0,4
2024-07-14 03:05:08,144/8,868.0,-101,293,0,4
2024-07-14 03:15:58,130/2,868.0,-107,300,0,4
2024-07-14 03:43:30,137/14,868.0,-95,302,0,4
2024-07-14 03:48:30,131/2,868.0,-108,299,0,4
2024-07-14 04:06:01,138/14,868.0,-96,306,0,4
2024-07-14 04:07:41,145/8,868.0,-103,304,0,4
2024-07-14 04:51:53,139/14,868.0,-97,320,0,4
2024-07-14 04:53:33,132/2,868.0,-109,317,0,4
2024-07-14 05:02:44,140/14,868.0,-97,318,0,4
2024-07-14 05:34:25,133/2,868.0,-107,314,0,4
2024-07-14 05:36:05,141/14,868.0,-97,311,0,4
2024-07-14 05:39:26,146/8,868.0,-103,314,0,4
2024-07-14 05:51:56,134/2,868.0,-106,307,0,4
2024-07-14 06:07:47,147/8,868.0,-101,309,0,4
2024-07-14 06:23:38,148/8,868.0,-100,308,0,4
2024-07-14 06:32:48,142/14,868.0,-95,305,0,4
2024-07-14 06:48:39,143/14,868.0,-95,303,0,4
2024-07-14 06:50:19,144/14,868.0,-96,304,0,4
2024-07-14 06:51:59,149/8,868.0,-100,307,0,4
2024-07-14 06:52:49,135/2,868.0,-109,305,0,4
2024-07-14 07:02:00,136/2,868.0,-107,307,0,4
2024-07-14 07:19:31,137/2,868.0,-106,299,0,4
2024-07-14 07:26:11,150/8,868.0,-101,303,0,4
2024-07-14 07:52:02,138/2,868.0,-107,299,0,4
2024-07-14 07:54:33,151/8,868.0,-101,294,0,4
2024-07-14 08:12:03,145/14,868.0,-96,294,0,4
2024-07-14 08:15:23,146/14,868.0,-95,293,0,4
2024-07-14 08:30:24,139/2,868.0,-109,288,0,4
2024-07-14 08:33:44,152/8,868.0,-103,288,0,4
2024-07-14 08:48:45,153/8,868.0,-100,285,0,4
2024-07-14 08:49:35,154/8,868.0,-100,284,0,4
2024-07-14 08:50:25,140/2,868.0,-108,284,0,4
2024-07-14 09:12:56,147/14,868.0,-95,285,0,4
2024-07-14 09:22:57,155/8,868.0,-101,286,0,4
2024-07-14 09:32:07,148/14,868.0,-97,283,0,4
2024-07-14 09:42:08,141/2,868.0,-107,281,0,4
2024-07-14 09:43:48,149/14,868.0,-96,268,0,4
2024-07-14 10:07:09,142/2,868.0,-108,270,0,4
2024-07-14 10:16:20,143/2,868.0,-109,268,0,4
2024-07-14 10:18:00,150/14,868.0,-95,267,0,4
2024-07-14 10:21:20,151/14,868.0,-95,267,0,4
2024-07-14 10:43:01,152/14,868.0,-98,265,0,4
2024-07-14 10:46:21,144/2,868.0,-108,261,0,4
2024-07-14 10:48:01,156/8,868.0,-100,262,0,4
2024-07-14 10:59:42,157/8,868.0,-103,261,0,4
2024-07-14 11:01:22,153/14,868.0,-96,262,0,4
2024-07-14 11:16:23,154/14,868.0,-97,258,0,4
2024-07-14 11:21:23,155/14,868.0,-97,259,0,4
2024-07-14 11:28:54,156/14,868.0,-97,259,0,4
2024-07-14 11:36:24,157/14,868.0,-98,265,0,4
2024-07-14 11:48:04,158/8,868.0,-104,268,0,4
2024-07-14 11:58:05,159/8,868.0,-103,264,0,4
2024-07-14 12:43:57,145/2,868.0,-109,293,0,4
2024-07-14 12:55:38,146/2,868.0,-110,291,0,4
2024-07-14 13:12:19,158/14,868.0,-100,296,0,4
2024-07-14 13:39:50,159/14,868.0,-98,305,0,4
2024-07-14 13:41:30,160/8,868.0,-102,304,0,4
2024-07-14 13:53:11,147/2,868.0,-112,299,0,4
2024-07-14 13:55:41,161/8,868.0,-103,301,0,4
2024-07-14 14:00:41,160/14,868.0,-96,302,0,4
2024-07-14 14:01:31,148/2,868.0,-111,302,0,4
2024-07-14 14:09:02,162/8,868.0,-105,297,0,4
2024-07-14 14:25:42,163/8,868.0,-102,293,0,4
2024-07-14 14:45:43,149/2,868.0,-110,300,0,4
2024-07-14 14:54:04,150/2,868.0,-109,297,0,4
2024-07-14 15:19:05,161/14,868.0,-97,304,0,4
2024-07-14 15:29:06,151/2,868.0,-111,306,0,4
2024-07-14 15:30:46,162/14,868.0,-101,303,0,4
2024-07-14 15:34:56,163/14,868.0,-98,305,0,4
2024-07-14 16:03:17,164/8,868.0,-104,308,0,4
2024-07-14 16:09:08,164/14,868.0,-97,304,0,4
2024-07-14 16:16:38,165/8,868.0,-104,312,0,4
2024-07-14 16:18:18,166/8,868.0,-102,310,0,4
2024-07-14 16:19:58,152/2,868.0,-109,305,0,4
2024-07-14 16:27:28,153/2,868.0,-108,308,0,4
2024-07-14 16:30:49,167/8,868.0,-102,306,0,4
2024-07-14 16:36:39,154/2,868.0,-109,311,0,4
2024-07-14 16:39:59,155/2,868.0,-112,307,0,4
2024-07-14 17:28:22,168/8,868.0,-105,307,0,4
2024-07-14 17:29:12,169/8,868.0,-104,309,0,4
2024-07-14 17:35:52,170/8,868.0,-102,309,0,4
2024-07-14 17:41:42,171/8,868.0,-104,305,0,4
2024-07-14 17:52:33,172/8,868.0,-103,301,0,4
2024-07-14 18:07:34,165/14,868.0,-97,301,0,4
2024-07-14 18:10:54,173/8,868.0,-102,299,0,4
2024-07-14 18:16:44,166/14,868.0,-98,298,0,4
2024-07-14 18:36:45,167/14,868.0,-99,297,0,4
2024-07-14 18:49:16,156/2,868.0,-110,296,0,4
2024-07-14 18:52:36,168/14,868.0,-97,295,0,4
2024-07-14 18:54:16,157/2,868.0,-109,291,0,4
2024-07-14 19:19:17,174/8,868.0,-102,290,0,4
2024-07-14 19:20:07,158/2,868.0,-110,287,0,4
2024-07-14 19:37:38,159/2,868.0,-107,283,0,4
2024-07-14 19:49:19,175/8,868.0,-99,285,0,4
2024-07-14 20:06:50,169/14,868.0,-96,282,0,4
2024-07-14 20:32:41,170/14,868.0,-97,276,0,4
2024-07-14 20:33:31,171/14,868.0,-98,276,0,4
2024-07-14 20:45:12,176/8,868.0,-102,275,0,4
2024-07-14 20:46:02,172/14,868.0,-97,279,0,4
2024-07-14 20:46:52,160/2,868.0,-108,277,0,4
2024-07-14 20:48:32,173/14,868.0,-96,278,0,4
2024-07-14 20:50:12,161/2,868.0,-109,277,0,4
2024-07-14 20:51:02,177/8,868.0,-100,274,0,4
2024-07-14 21:07:43,178/8,868.0,-102,276,0,4
2024-07-14 21:27:44,174/14,868.0,-97,274,0,4
2024-07-14 21:34:24,179/8,868.0,-102,271,0,4
2024-07-14 21:37:45,175/14,868.0,-96,275,0,4
2024-07-14 21:38:34,176/14,868.0,-96,269,0,4
2024-07-14 21:46:55,180/8,868.0,-102,274,0,4
2024-07-14 21:48:35,177/14,868.0,-96,271,0,4
2024-07-14 21:51:55,178/14,868.0,-96,273,0,4
2024-07-14 21:52:45,162/2,868.0,-108,271,0,4
2024-07-14 21:56:55,181/8,868.0,-102,269,0,4
2024-07-14 22:15:16,179/14,868.0,-96,269,0,4
2024-07-14 22:41:08,163/2,868.0,-107,267,0,4
2024-07-14 23:08:39,182/8,868.0,-102,270,0,4
2024-07-14 23:19:30,180/14,868.0,-97,271,0,4
2024-07-14 23:36:11,164/2,868.0,-107,267,0,4
2024-07-14 23:58:42,165/2,868.0,-108,270,0,4
2024-07-14 23:59:31,183/8,868.0,-100,269,0,4
2024-07-15 00:06:12,184/8,868.0,-102,271,0,4
2024-07-15 00:13:42,166/2,868.0,-109,271,0,4
2024-07-15 00:21:13,185/8,868.0,-102,267,0,4
2024-07-15 00:23:43,167/2,868.0,-108,266,0,4
2024-07-15 00:25:23,168/2,868.0,-109,271,0,4
2024-07-15 00:27:03,186/8,868.0,-103,267,0,4
2024-07-15 00:28:43,181/14,868.0,-96,272,0,4
2024-07-15 00:38:44,182/14,868.0,-97,268,0,4
2024-07-15 00:42:04,169/2,868.0,-107,272,0,4
2024-07-15 00:57:55,183/14,868.0,-96,273,0,4
2024-07-15 01:03:45,187/8,868.0,-102,268,0,4
2024-07-15 01:06:15,188/8,868.0,-101,270,0,4
2024-07-15 01:07:55,184/14,868.0,-96,267,0,4
2024-07-15 01:12:05,189/8,868.0,-101,271,0,4
2024-07-15 01:23:46,185/14,868.0,-96,268,0,4
2024-07-15 01:32:57,186/14,868.0,-95,281,0,4
2024-07-15 01:34:36,190/8,868.0,-101,269,0,4
2024-07-15 01:43:47,170/2,868.0,-107,272,0,4
2024-07-15 01:45:27,187/14,868.0,-95,268,0,4
2024-07-15 01:49:37,188/14,868.0,-96,270,0,4
2024-07-15 02:00:28,191/8,868.0,-102,272,0,4
2024-07-15 02:01:18,192/8,868.0,-102,273,0,4
2024-07-15 02:10:28,193/8,868.0,-101,271,0,4
2024-07-15 02:22:09,194/8,868.0,-101,271,0,4
2024-07-15 02:22:59,195/8,868.0,-102,274,0,4
2024-07-15 03:19:42,189/14,868.0,-96,270,0,4
2024-07-15 03:23:02,196/8,868.0,-100,268,0,4
2024-07-15 03:30:32,197/8,868.0,-102,273,0,4
2024-07-15 03:36:23,198/8,868.0,-100,268,0,4
2024-07-15 03:42:13,199/8,868.0,-100,273,0,4
2024-07-15 03:43:53,190/14,868.0,-95,272,0,4
2024-07-15 03:48:03,171/2,868.0,-109,270,0,4
2024-07-15 03:53:04,200/8,868.0,-102,271,0,4
2024-07-15 04:07:14,172/2,868.0,-108,274,0,4
2024-07-15 04:11:24,173/2,868.0,-108,275,0,4
2024-07-15 04:38:56,191/14,868.0,-95,276,0,4
2024-07-15 04:48:07,174/2,868.0,-108,275,0,4
2024-07-15 04:49:46,201/8,868.0,-100,275,0,4
2024-07-15 04:54:47,175/2,868.0,-106,271,0,4
2024-07-15 04:55:37,202/8,868.0,-100,273,0,4
2024-07-15 05:01:27,192/14,868.0,-97,276,0,4
2024-07-15 05:10:37,193/14,868.0,-96,276,0,4
2024-07-15 05:29:48,203/8,868.0,-101,272,0,4
2024-07-15 05:31:29,194/14,868.0,-97,276,0,4
2024-07-15 05:49:50,195/14,868.0,-96,273,0,4
2024-07-15 06:04:00,196/14,868.0,-96,272,0,4
2024-07-15 06:34:02,204/8,868.0,-101,275,0,4
2024-07-15 06:43:12,197/14,868.0,-96,276,0,4
2024-07-15 06:51:33,198/14,868.0,-94,277,0,4
2024-07-15 06:54:03,205/8,868.0,-100,276,0,4
2024-07-15 06:55:43,206/8,868.0,-101,274,0,4
2024-07-15 07:02:23,207/8,868.0,-100,273,0,4
2024-07-15 07:24:04,208/8,868.0,-99,278,0,4
2024-07-15 07:39:05,199/14,868.0,-96,278,0,4
2024-07-15 07:46:36,200/14,868.0,-95,276,0,4
2024-07-15 07:49:06,201/14,868.0,-96,278,0,4
2024-07-15 07:52:26,209/8,868.0,-99,271,0,4
2024-07-15 07:59:56,176/2,868.0,-107,275,0,4
2024-07-15 08:20:47,210/8,868.0,-102,274,0,4
2024-07-15 08:29:08,177/2,868.0,-107,269,0,4
2024-07-15 08:39:58,202/14,868.0,-96,274,0,4
2024-07-15 08:42:28,178/2,868.0,-107,273,0,4
2024-07-15 08:49:09,211/8,868.0,-102,272,0,4
2024-07-15 08:53:19,212/8,868.0,-101,270,0,4
2024-07-15 09:05:00,203/14,868.0,-94,267,0,4
2024-07-15 09:06:40,213/8,868.0,-100,268,0,4
2024-07-15 09:25:00,214/8,868.0,-99,266,0,4
2024-07-15 09:30:51,179/2,868.0,-107,265,0,4
2024-07-15 09:40:01,204/14,868.0,-94,269,0,4
2024-07-15 09:49:12,180/2,868.0,-107,270,0,4
2024-07-15 10:05:52,215/8,868.0,-100,267,0,4
2024-07-15 10:08:23,181/2,868.0,-109,267,0,4
2024-07-15 10:10:03,216/8,868.0,-101,265,0,4
2024-07-15 10:10:53,217/8,868.0,-101,271,0,4
2024-07-15 10:25:04,205/14,868.0,-93,271,0,4
2024-07-15 10:33:24,206/14,868.0,-92,270,0,4
2024-07-15 10:36:44,218/8,868.0,-96,270,0,4
2024-07-15 10:53:25,182/2,868.0,-107,281,0,4
2024-07-15 11:07:36,219/8,868.0,-100,264,0,4
2024-07-15 11:12:36,207/14,868.0,-96,265,0,4
2024-07-15 11:15:56,220/8,868.0,-99,268,0,4
2024-07-15 11:23:27,208/14,868.0,-98,268,0,4
2024-07-15 11:31:47,183/2,868.0,-111,266,0,4
2024-07-15 11:34:17,221/8,868.0,-104,268,0,4
2024-07-15 11:50:08,222/8,868.0,-101,270,0,4
2024-07-15 11:57:38,184/2,868.0,-110,270,0,4
2024-07-15 12:16:50,185/2,868.0,-120,257,0,4
2024-07-15 12:17:39,186/2,868.0,-122,272,0,4
2024-07-15 12:39:20,209/14,868.0,-112,269,0,4
2024-07-15 12:41:01,210/14,868.0,-107,265,0,4
2024-07-15 12:44:21,211/14,868.0,-112,269,0,4
2024-07-15 12:56:01,212/14,868.0,-105,263,0,4
2024-07-15 13:06:02,187/2,868.0,-119,263,0,4
2024-07-15 13:15:12,213/14,868.0,-103,262,0,4
2024-07-15 13:26:03,223/8,868.0,-116,256,0,4
2024-07-15 13:31:53,224/8,868.0,-105,272,0,4
2024-07-15 13:38:33,214/14,868.0,-101,262,0,4
2024-07-15 13:59:25,215/14,868.0,-102,267,0,4
2024-07-15 14:01:55,225/8,868.0,-106,269,0,4
2024-07-15 14:06:55,226/8,868.0,-105,265,0,4
2024-07-15 14:16:55,216/14,868.0,-99,266,0,4
2024-07-15 14:56:58,217/14,868.0,-100,263,0,4
2024-07-15 15:08:38,227/8,868.0,-101,268,0,4
2024-07-15 15:11:58,228/8,868.0,-104,260,0,4
2024-07-15 15:42:00,188/2,868.0,-111,260,0,4
2024-07-15 15:47:00,218/14,868.0,-99,252,0,4
2024-07-15 15:48:40,189/2,868.0,-112,264,0,4
2024-07-15 15:51:10,219/14,868.0,-100,258,0,4
2024-07-15 16:13:41,229/8,868.0,-104,261,0,4
2024-07-15 16:29:32,230/8,868.0,-110,285,0,4
2024-07-15 16:38:43,220/14,868.0,-97,256,0,4
2024-07-15 16:46:13,190/2,868.0,-112,259,0,4
2024-07-15 16:53:43,231/8,868.0,-107,257,0,4
2024-07-15 16:58:44,232/8,868.0,-108,259,0,4
2024-07-15 17:02:04,191/2,868.0,-117,266,0,4
2024-07-15 17:03:44,233/8,868.0,-104,255,0,4
2024-07-15 17:10:24,221/14,868.0,-100,260,0,4
2024-07-15 17:26:15,222/14,868.0,-103,263,0,4
2024-07-15 17:30:25,223/14,868.0,-102,262,0,4
2024-07-15 17:33:46,234/8,868.0,-106,261,0,4
2024-07-15 17:44:36,192/2,868.0,-112,265,0,4
2024-07-15 17:51:16,224/14,868.0,-100,270,0,4
2024-07-15 18:13:48,225/14,868.0,-101,268,0,4
2024-07-15 18:19:38,226/14,868.0,-101,266,0,4
2024-07-15 18:22:08,227/14,868.0,-100,265,0,4
2024-07-15 18:25:28,193/2,868.0,-112,265,0,4
2024-07-15 18:37:09,228/14,868.0,-103,256,0,4
2024-07-15 18:46:19,194/2,868.0,-113,260,0,4
2024-07-15 19:06:20,229/14,868.0,-103,251,0,4
2024-07-15 19:23:01,235/8,868.0,-110,256,0,4
2024-07-15 19:36:21,230/14,868.0,-104,252,0,4
2024-07-15 19:39:42,195/2,868.0,-118,257,0,4
2024-07-15 19:43:52,231/14,868.0,-106,255,0,4
2024-07-15 19:52:13,196/2,868.0,-116,247,0,4
2024-07-15 19:55:33,232/14,868.0,-108,256,0,4
2024-07-15 19:57:13,197/2,868.0,-118,254,0,4
2024-07-15 20:14:44,236/8,868.0,-111,258,0,4
2024-07-15 20:42:15,233/14,868.0,-106,256,0,4
2024-07-15 20:54:46,234/14,868.0,-106,257,0,4
2024-07-15 21:03:56,198/2,868.0,-119,258,0,4
2024-07-15 21:15:37,237/8,868.0,-113,259,0,4
2024-07-15 21:23:57,238/8,868.0,-112,258,0,4
2024-07-15 21:25:37,199/2,868.0,-116,260,0,4
2024-07-15 21:45:39,239/8,868.0,-109,266,0,4
2024-07-15 21:49:49,200/2,868.0,-116,257,0,4
2024-07-15 21:53:09,240/8,868.0,-109,260,0,4
2024-07-15 22:32:21,202/2,868.0,-114,267,0,4
2024-07-15 22:37:21,203/2,868.0,-117,257,0,4
2024-07-15 22:39:01,235/14,868.0,-104,261,0,4
2024-07-15 23:19:53,204/2,868.0,-114,258,0,4
2024-07-15 23:27:23,241/8,868.0,-107,258,0,4
2024-07-15 23:36:34,236/14,868.0,-102,259,0,4
2024-07-15 23:44:54,242/8,868.0,-108,259,0,4
2024-07-15 23:53:15,237/14,868.0,-105,263,0,4
2024-07-15 23:59:55,205/2,868.0,-116,263,0,4
2024-07-16 00:11:36,206/2,868.0,-117,262,0,4
2024-07-16 00:16:36,243/8,868.0,-109,262,0,4
2024-07-16 00:30:47,207/2,868.0,-116,261,0,4
2024-07-16 00:45:48,208/2,868.0,-114,261,0,4
2024-07-16 00:51:38,209/2,868.0,-116,259,0,4
2024-07-16 00:54:08,210/2,868.0,-116,264,0,4
2024-07-16 01:03:18,211/2,868.0,-117,259,0,4
2024-07-16 01:09:59,212/2,868.0,-117,265,0,4
2024-07-16 01:19:09,213/2,868.0,-117,260,0,4
2024-07-16 01:29:10,238/14,868.0,-103,264,0,4
2024-07-16 01:30:00,214/2,868.0,-116,263,0,4
2024-07-16 01:33:20,215/2,868.0,-117,263,0,4
2024-07-16 01:37:30,239/14,868.0,-102,262,0,4
2024-07-16 01:45:00,244/8,868.0,-108,264,0,4
2024-07-16 01:56:41,240/14,868.0,-103,265,0,4
2024-07-16 02:00:01,241/14,868.0,-104,260,0,4
2024-07-16 02:03:21,242/14,868.0,-102,266,0,4
2024-07-16 02:19:12,216/2,868.0,-114,266,0,4
2024-07-16 02:25:02,245/8,868.0,-107,266,0,4
2024-07-16 02:57:34,217/2,868.0,-114,264,0,4
2024-07-16 03:10:55,246/8,868.0,-108,266,0,4
2024-07-16 03:15:05,218/2,868.0,-116,265,0,4
2024-07-16 03:20:05,219/2,868.0,-114,265,0,4
2024-07-16 03:22:35,220/2,868.0,-113,267,0,4
2024-07-16 03:30:56,247/8,868.0,-106,267,0,4
2024-07-16 03:37:36,248/8,868.0,-107,264,0,4
2024-07-16 04:00:57,243/14,868.0,-101,270,0,4
2024-07-16 04:05:58,221/2,868.0,-113,265,0,4
2024-07-16 04:14:18,249/8,868.0,-108,266,0,4
2024-07-16 04:22:39,250/8,868.0,-106,266,0,4
2024-07-16 04:32:39,244/14,868.0,-104,270,0,4
2024-07-16 04:43:30,245/14,868.0,-104,268,0,4
2024-07-16 04:51:50,252/8,868.0,-108,269,0,4
2024-07-16 04:53:30,246/14,868.0,-102,272,0,4
2024-07-16 05:02:41,222/2,868.0,-114,269,0,4
2024-07-16 05:10:11,253/8,868.0,-107,269,0,4
2024-07-16 05:18:31,254/8,868.0,-107,270,0,4
2024-07-16 05:24:22,247/14,868.0,-101,274,0,4
2024-07-16 05:28:32,255/8,868.0,-108,269,0,4
2024-07-16 05:31:02,248/14,868.0,-101,270,0,4
2024-07-16 05:35:12,256/8,868.0,-109,274,0,4
2024-07-16 05:36:52,257/8,868.0,-106,270,0,4
2024-07-16 05:51:03,258/8,868.0,-109,268,0,4
2024-07-16 06:02:44,249/14,868.0,-101,268,0,4
2024-07-16 06:09:24,250/14,868.0,-103,268,0,4
2024-07-16 06:21:05,223/2,868.0,-116,268,0,4
2024-07-16 06:26:05,224/2,868.0,-113,270,0,4
2024-07-16 06:27:45,259/8,868.0,-107,271,0,4
2024-07-16 06:40:16,260/8,868.0,-109,271,0,4
2024-07-16 06:47:46,251/14,868.0,-101,268,0,4
2024-07-16 06:50:16,252/14,868.0,-102,273,0,4
2024-07-16 06:54:26,225/2,868.0,-116,271,0,4
2024-07-16 06:56:57,253/14,868.0,-103,271,0,4
2024-07-16 07:11:57,254/14,868.0,-105,271,0,4
2024-07-16 07:15:17,226/2,868.0,-117,274,0,4
2024-07-16 07:26:08,261/8,868.0,-106,274,0,4
2024-07-16 07:35:18,262/8,868.0,-114,268,0,4
2024-07-16 07:38:38,255/14,868.0,-109,275,0,4
2024-07-16 07:44:29,263/8,868.0,-113,274,0,4
2024-07-16 07:47:49,264/8,868.0,-116,271,0,4
2024-07-16 08:17:51,256/14,868.0,-107,276,0,4
2024-07-16 08:22:51,227/2,868.0,-123,273,0,4
2024-07-16 08:23:41,257/14,868.0,-108,278,0,4
2024-07-16 08:26:11,228/2,868.0,-120,277,0,4
2024-07-16 08:30:22,265/8,868.0,-112,286,0,4
2024-07-16 08:44:32,258/14,868.0,-108,274,0,4
2024-07-16 08:47:52,266/8,868.0,-112,274,0,4
2024-07-16 08:52:02,229/2,868.0,-117,269,0,4
2024-07-16 08:56:13,267/8,868.0,-114,274,0,4
2024-07-16 09:11:13,268/8,868.0,-109,265,0,4
2024-07-16 09:12:03,269/8,868.0,-112,270,0,4
2024-07-16 09:16:13,270/8,868.0,-112,264,0,4
2024-07-16 09:59:36,230/2,868.0,-117,259,0,4
2024-07-16 10:02:06,231/2,868.0,-120,260,0,4
2024-07-16 10:16:16,259/14,868.0,-106,258,0,4
2024-07-16 10:20:27,260/14,868.0,-104,269,0,4
2024-07-16 10:52:59,271/8,868.0,-109,254,0,4
2024-07-16 10:56:18,232/2,868.0,-113,259,0,4
2024-07-16 11:06:19,233/2,868.0,-110,261,0,4
2024-07-16 11:07:09,272/8,868.0,-108,260,0,4
2024-07-16 11:17:10,261/14,868.0,-104,258,0,4
2024-07-16 11:20:30,234/2,868.0,-116,260,0,4
2024-07-16 11:29:40,235/2,868.0,-114,264,0,4
2024-07-16 11:35:31,236/2,868.0,-113,267,0,4
2024-07-16 11:44:41,237/2,868.0,-114,265,0,4
2024-07-16 11:58:52,262/14,868.0,-100,268,0,4
2024-07-16 12:09:42,238/2,868.0,-112,267,0,4
2024-07-16 12:12:12,263/14,868.0,-100,267,0,4
2024-07-16 12:18:53,264/14,868.0,-98,270,0,4
2024-07-16 12:30:33,239/2,868.0,-109,272,0,4
2024-07-16 12:37:14,265/14,868.0,-98,275,0,4
2024-07-16 12:50:34,240/2,868.0,-109,270,0,4
2024-07-16 13:04:45,241/2,868.0,-112,271,0,4
2024-07-16 13:06:25,266/14,868.0,-99,273,0,4
2024-07-16 13:12:15,273/8,868.0,-106,270,0,4
2024-07-16 13:18:56,242/2,868.0,-114,270,0,4
2024-07-16 13:19:46,243/2,868.0,-117,274,0,4
2024-07-16 13:20:36,244/2,868.0,-118,271,0,4
2024-07-16 13:28:57,267/14,868.0,-102,264,0,4
2024-07-16 13:38:07,268/14,868.0,-99,276,0,4
2024-07-16 13:47:17,245/2,868.0,-112,277,0,4
2024-07-16 13:53:58,274/8,868.0,-105,284,0,4
2024-07-16 14:09:49,246/2,868.0,-114,286,0,4
2024-07-16 14:10:39,269/14,868.0,-101,284,0,4
2024-07-16 14:13:59,247/2,868.0,-118,286,0,4
2024-07-16 14:22:19,248/2,868.0,-113,282,0,4
2024-07-16 14:34:00,275/8,868.0,-105,274,0,4
2024-07-16 14:47:20,276/8,868.0,-104,272,0,4
2024-07-16 15:09:52,249/2,868.0,-116,279,0,4
2024-07-16 15:33:13,270/14,868.0,-103,275,0,4
2024-07-16 15:35:43,250/2,868.0,-113,278,0,4
2024-07-16 15:40:43,277/8,868.0,-107,284,0,4
2024-07-16 15:49:03,271/14,868.0,-105,278,0,4
2024-07-16 15:53:14,272/14,868.0,-103,278,0,4
2024-07-16 15:56:34,273/14,868.0,-106,282,0,4
2024-07-16 16:00:44,274/14,868.0,-104,279,0,4
2024-07-16 16:19:05,278/8,868.0,-112,285,0,4
2024-07-16 16:28:16,275/14,868.0,-106,284,0,4
2024-07-16 16:51:37,279/8,868.0,-107,279,0,4
2024-07-16 17:06:37,251/2,868.0,-114,287,0,4
2024-07-16 17:09:58,252/2,868.0,-112,294,0,4
2024-07-16 17:16:38,253/2,868.0,-120,293,0,4
2024-07-16 17:23:18,276/14,868.0,-105,290,0,4
2024-07-16 17:29:09,280/8,868.0,-112,291,0,4
2024-07-16 17:39:59,277/14,868.0,-107,292,0,4
2024-07-16 17:40:49,278/14,868.0,-110,297,0,4
2024-07-16 17:52:30,281/8,868.0,-114,293,0,4
2024-07-16 17:59:10,279/14,868.0,-112,294,0,4
2024-07-16 18:04:10,282/8,868.0,-122,297,0,4
2024-07-16 18:06:41,254/2,868.0,-121,281,0,4
2024-07-16 18:16:42,283/8,868.0,-116,285,0,4
2024-07-16 18:20:51,280/14,868.0,-113,291,0,4
2024-07-16 18:39:12,255/2,868.0,-132,313,0,4
2024-07-16 18:49:13,256/2,868.0,-120,296,0,4
2024-07-16 18:54:13,284/8,868.0,-117,293,0,4
2024-07-16 19:22:34,281/14,868.0,-119,295,0,4
2024-07-16 19:27:35,285/8,868.0,-113,295,0,4
2024-07-16 19:34:15,286/8,868.0,-116,294,0,4
2024-07-16 19:40:05,287/8,868.0,-117,293,0,4
2024-07-16 19:41:45,257/2,868.0,-130,299,0,4
2024-07-16 19:49:16,258/2,868.0,-124,288,0,4
2024-07-16 19:57:36,282/14,868.0,-112,290,0,4
2024-07-16 20:13:27,283/14,868.0,-112,270,0,4
2024-07-16 20:15:57,259/2,868.0,-121,281,0,4
2024-07-16 20:17:37,288/8,868.0,-124,286,0,4
2024-07-16 20:21:47,260/2,868.0,-124,282,0,4
2024-07-16 20:22:38,289/8,868.0,-117,279,0,4
2024-07-16 20:46:49,284/14,868.0,-112,275,0,4
2024-07-16 20:48:29,261/2,868.0,-126,282,0,4
2024-07-16 20:50:09,290/8,868.0,-112,273,0,4
2024-07-16 21:06:00,262/2,868.0,-120,272,0,4
2024-07-16 21:10:10,263/2,868.0,-123,275,0,4
2024-07-16 21:14:21,285/14,868.0,-108,258,0,4
2024-07-16 21:15:10,291/8,868.0,-116,275,0,4
2024-07-16 21:20:11,292/8,868.0,-117,282,0,4
2024-07-16 21:31:51,286/14,868.0,-112,268,0,4
2024-07-16 21:39:22,264/2,868.0,-124,277,0,4
2024-07-16 21:41:01,293/8,868.0,-121,270,0,4
2024-07-16 21:46:52,265/2,868.0,-123,269,0,4
2024-07-16 21:51:02,287/14,868.0,-116,269,0,4
2024-07-16 22:04:23,266/2,868.0,-135,291,0,4
2024-07-16 22:06:53,267/2,868.0,-133,266,0,4
2024-07-16 22:16:53,288/14,868.0,-113,268,0,4
2024-07-16 22:31:04,268/2,868.0,-125,276,0,4
2024-07-16 22:34:24,294/8,868.0,-119,270,0,4
2024-07-16 22:40:14,269/2,868.0,-121,266,0,4
2024-07-16 22:47:45,289/14,868.0,-107,268,0,4
2024-07-16 22:57:46,295/8,868.0,-120,265,0,4
2024-07-16 23:01:06,290/14,868.0,-108,264,0,4
2024-07-16 23:10:16,296/8,868.0,-117,270,0,4
2024-07-16 23:26:57,297/8,868.0,-114,266,0,4
2024-07-16 23:35:17,291/14,868.0,-113,264,0,4
2024-07-16 23:51:08,270/2,868.0,-124,273,0,4
2024-07-17 00:17:49,298/8,868.0,-112,270,0,4
2024-07-17 00:25:20,292/14,868.0,-117,271,0,4
2024-07-17 00:32:00,271/2,868.0,-125,274,0,4
2024-07-17 00:33:40,272/2,868.0,-122,269,0,4
2024-07-17 01:19:32,293/14,868.0,-112,268,0,4
2024-07-17 01:33:43,299/8,868.0,-114,274,0,4
2024-07-17 01:41:14,300/8,868.0,-117,275,0,4
2024-07-17 01:58:45,301/8,868.0,-114,273,0,4
2024-07-17 02:02:05,294/14,868.0,-111,267,0,4
2024-07-17 02:04:35,273/2,868.0,-123,273,0,4
2024-07-17 02:17:56,274/2,868.0,-120,269,0,4
2024-07-17 02:28:46,295/14,868.0,-109,280,0,4
2024-07-17 02:32:56,275/2,868.0,-124,274,0,4
2024-07-17 02:51:17,296/14,868.0,-111,271,0,4
2024-07-17 03:01:18,302/8,868.0,-117,276,0,4
2024-07-17 03:03:48,303/8,868.0,-118,274,0,4
2024-07-17 03:21:19,297/14,868.0,-114,273,0,4
2024-07-17 03:27:09,298/14,868.0,-110,285,0,4
2024-07-17 03:32:59,304/8,868.0,-114,277,0,4
2024-07-17 04:13:52,276/2,868.0,-120,281,0,4
2024-07-17 04:14:42,299/14,868.0,-112,277,0,4
2024-07-17 04:25:32,300/14,868.0,-106,270,0,4
2024-07-17 04:33:53,305/8,868.0,-112,267,0,4
2024-07-17 04:35:33,301/14,868.0,-112,280,0,4
2024-07-17 04:52:14,277/2,868.0,-119,280,0,4
2024-07-17 05:00:34,306/8,868.0,-113,282,0,4
2024-07-17 05:10:35,278/2,868.0,-123,286,0,4
2024-07-17 05:18:05,279/2,868.0,-130,294,0,4
2024-07-17 05:18:55,280/2,868.0,-123,285,0,4
2024-07-17 05:21:25,307/8,868.0,-116,287,0,4
2024-07-17 05:29:46,302/14,868.0,-113,285,0,4
2024-07-17 05:44:46,308/8,868.0,-116,288,0,4
2024-07-17 06:02:17,309/8,868.0,-117,289,0,4
2024-07-17 06:10:38,310/8,868.0,-117,295,0,4
2024-07-17 06:14:48,281/2,868.0,-123,290,0,4
2024-07-17 06:16:28,282/2,868.0,-124,285,0,4
2024-07-17 06:17:18,303/14,868.0,-111,287,0,4
2024-07-17 06:21:28,304/14,868.0,-111,288,0,4
2024-07-17 06:23:08,311/8,868.0,-118,290,0,4
2024-07-17 06:33:59,312/8,868.0,-117,289,0,4
2024-07-17 06:54:50,305/14,868.0,-109,285,0,4
2024-07-17 06:59:50,283/2,868.0,-121,287,0,4
2024-07-17 07:09:00,284/2,868.0,-124,287,0,4
2024-07-17 07:15:41,313/8,868.0,-119,283,0,4
2024-07-17 07:42:22,314/8,868.0,-113,286,0,4
2024-07-17 08:18:14,285/2,868.0,-125,283,0,4
2024-07-17 08:19:04,315/8,868.0,-123,290,0,4
2024-07-17 08:24:54,286/2,868.0,-119,279,0,4
2024-07-17 08:42:26,306/14,868.0,-107,264,0,4
2024-07-17 09:01:36,316/8,868.0,-113,274,0,4
2024-07-17 09:07:27,317/8,868.0,-112,262,0,4
2024-07-17 09:16:37,307/14,868.0,-121,279,0,4
2024-07-17 09:29:07,287/2,868.0,-121,275,0,4
2024-07-17 09:30:48,308/14,868.0,-107,275,0,4
2024-07-17 09:33:18,318/8,868.0,-117,267,0,4
2024-07-17 09:47:29,309/14,868.0,-113,270,0,4
2024-07-17 09:50:49,310/14,868.0,-106,273,0,4
2024-07-17 09:57:29,288/2,868.0,-118,265,0,4
2024-07-17 10:06:40,289/2,868.0,-120,265,0,4
2024-07-17 10:21:40,319/8,868.0,-117,271,0,4
2024-07-17 10:27:31,311/14,868.0,-103,250,0,4
2024-07-17 10:28:21,320/8,868.0,-116,248,0,4
2024-07-17 10:38:21,312/14,868.0,-109,261,0,4
2024-07-17 11:07:33,321/8,868.0,-113,262,0,4
2024-07-17 11:10:53,313/14,868.0,-109,246,0,4
2024-07-17 11:15:53,322/8,868.0,-103,257,0,4
2024-07-17 11:25:57,1/8,868.0,-102,262,0,4
2024-07-17 11:35:08,1/2,868.0,-104,264,0,4
2024-07-17 11:51:49,2/8,868.0,-102,260,0,4
2024-07-17 12:02:39,3/8,868.0,-101,272,0,4
2024-07-17 12:07:40,4/8,868.0,-106,275,0,4
2024-07-17 12:38:31,1/14,868.0,-99,289,0,4
2024-07-17 12:41:01,2/2,868.0,-114,288,0,4
2024-07-17 12:41:51,3/2,868.0,-116,287,0,4
2024-07-17 12:43:31,4/2,868.0,-111,288,0,4
2024-07-17 12:44:21,5/2,868.0,-113,287,0,4
2024-07-17 12:52:42,2/14,868.0,-99,289,0,4
2024-07-17 12:55:12,6/2,868.0,-113,285,0,4
2024-07-17 13:06:53,3/14,868.0,-101,292,0,4
2024-07-17 13:09:23,4/14,868.0,-103,290,0,4
2024-07-17 13:23:33,7/2,868.0,-123,304,0,4
2024-07-17 13:36:04,5/14,868.0,-102,297,0,4
2024-07-17 13:37:44,8/2,868.0,-114,297,0,4
2024-07-17 13:51:05,9/2,868.0,-116,303,0,4
2024-07-17 13:55:15,5/8,868.0,-112,298,0,4
2024-07-17 13:56:05,6/14,868.0,-103,301,0,4
2024-07-17 14:03:35,6/8,868.0,-106,304,0,4
2024-07-17 14:11:56,10/2,868.0,-109,304,0,4
2024-07-17 14:21:56,7/14,868.0,-111,301,0,4
2024-07-17 14:31:07,11/2,868.0,-112,302,0,4
2024-07-17 14:33:37,8/14,868.0,-100,306,0,4
2024-07-17 14:46:08,12/2,868.0,-110,303,0,4
2024-07-17 15:06:59,13/2,868.0,-116,307,0,4
2024-07-17 15:12:00,7/8,868.0,-118,295,0,4
2024-07-17 15:38:40,8/8,868.0,-109,307,0,4
2024-07-17 15:39:30,9/8,868.0,-113,310,0,4
2024-07-17 15:47:01,10/8,868.0,-106,312,0,4
2024-07-17 15:57:51,9/14,868.0,-97,318,0,4
2024-07-17 16:01:12,10/14,868.0,-98,312,0,4
2024-07-17 16:29:03,1/2,868.0,-127,319,0,4
2024-07-17 16:54:04,1/14,868.0,-117,316,0,4
2024-07-17 16:59:55,2/14,868.0,-112,315,0,4
2024-07-17 17:12:25,3/14,868.0,-112,317,0,4
2024-07-17 17:25:46,2/2,868.0,-120,319,0,4
2024-07-17 17:48:17,1/8,868.0,-111,311,0,4
2024-07-17 18:09:58,3/2,868.0,-123,319,0,4
2024-07-17 18:16:38,4/2,868.0,-128,318,0,4
2024-07-17 18:27:29,2/8,868.0,-119,315,0,4
2024-07-17 18:32:29,4/14,868.0,-109,311,0,4
2024-07-17 18:39:10,3/8,868.0,-116,325,0,4
2024-07-17 18:40:00,5/14,868.0,-113,318,0,4
2024-07-17 18:59:11,5/2,868.0,-122,313,0,4
2024-07-17 19:00:00,6/2,868.0,-118,316,0,4
2024-07-17 19:00:51,7/2,868.0,-123,315,0,4
2024-07-17 19:05:01,4/8,868.0,-118,315,0,4
2024-07-17 19:18:21,8/2,868.0,-119,314,0,4
2024-07-17 20:00:04,5/8,868.0,-118,320,0,4
2024-07-17 20:02:34,6/14,868.0,-109,308,0,4
2024-07-17 20:17:35,7/14,868.0,-104,309,0,4
2024-07-17 20:26:45,6/8,868.0,-109,307,0,4
2024-07-17 20:37:36,7/8,868.0,-111,300,0,4
2024-07-17 20:47:36,9/2,868.0,-116,302,0,4
2024-07-17 20:51:46,8/8,868.0,-113,300,0,4
2024-07-17 20:55:07,8/14,868.0,-108,295,0,4
2024-07-17 21:09:17,9/8,868.0,-108,288,0,4
2024-07-17 21:32:38,10/2,868.0,-121,280,0,4
2024-07-17 21:39:19,9/14,868.0,-108,278,0,4
2024-07-17 21:59:20,11/2,868.0,-120,283,0,4
2024-07-17 22:01:00,10/8,868.0,-117,285,0,4
2024-07-17 22:17:41,11/8,868.0,-114,276,0,4
2024-07-17 22:21:51,12/2,868.0,-121,271,0,4
2024-07-17 22:34:22,12/8,868.0,-113,272,0,4
2024-07-17 22:40:12,13/2,868.0,-118,275,0,4
2024-07-17 23:16:54,13/8,868.0,-114,273,0,4
2024-07-17 23:19:24,10/14,868.0,-107,270,0,4
2024-07-17 23:23:35,11/14,868.0,-109,260,0,4
2024-07-17 23:26:04,14/8,868.0,-116,269,0,4
2024-07-17 23:28:34,12/14,868.0,-102,269,0,4
2024-07-17 23:31:55,13/14,868.0,-112,271,0,4
2024-07-17 23:41:55,14/2,868.0,-119,270,0,4
2024-07-17 23:52:46,15/8,868.0,-113,272,0,4
2024-07-17 23:59:26,15/2,868.0,-118,269,0,4
2024-07-18 00:01:56,16/2,868.0,-120,269,0,4
2024-07-18 00:06:06,17/8,868.0,-114,269,0,4
2024-07-18 00:06:56,17/2,868.0,-121,277,0,4
2024-07-18 00:08:36,18/2,868.0,-125,276,0,4
2024-07-18 00:11:06,14/14,868.0,-103,274,0,4
2024-07-18 00:12:47,19/2,868.0,-120,270,0,4
2024-07-18 00:13:36,15/14,868.0,-112,275,0,4
2024-07-18 00:24:27,18/8,868.0,-113,274,0,4
2024-07-18 00:32:47,19/8,868.0,-116,275,0,4
2024-07-18 00:37:48,20/2,868.0,-120,273,0,4
2024-07-18 01:01:59,21/2,868.0,-122,278,0,4
2024-07-18 01:17:50,22/2,868.0,-119,280,0,4
2024-07-18 01:22:00,16/14,868.0,-106,277,0,4
2024-07-18 02:25:23,17/14,868.0,-109,286,0,4
2024-07-18 02:58:45,20/8,868.0,-117,291,0,4
2024-07-18 02:59:35,21/8,868.0,-118,293,0,4
2024-07-18 03:02:05,22/8,868.0,-116,288,0,4
2024-07-18 03:07:05,23/2,868.0,-121,291,0,4
2024-07-18 03:09:35,18/14,868.0,-112,290,0,4
2024-07-18 03:17:06,19/14,868.0,-112,292,0,4
2024-07-18 03:24:36,23/8,868.0,-114,289,0,4
2024-07-18 03:46:18,24/2,868.0,-123,293,0,4
2024-07-18 04:01:18,20/14,868.0,-112,287,0,4
2024-07-18 04:05:28,21/14,868.0,-114,287,0,4
2024-07-18 04:14:39,24/8,868.0,-117,285,0,4
2024-07-18 04:24:39,22/14,868.0,-111,281,0,4
2024-07-18 04:40:30,23/14,868.0,-109,280,0,4
2024-07-18 04:51:21,25/8,868.0,-117,279,0,4
2024-07-18 04:52:11,25/2,868.0,-121,283,0,4
2024-07-18 04:55:31,26/2,868.0,-119,280,0,4
2024-07-18 04:58:51,27/2,868.0,-121,280,0,4
2024-07-18 05:13:02,24/14,868.0,-113,280,0,4
2024-07-18 05:22:12,28/2,868.0,-121,281,0,4
2024-07-18 05:39:43,25/14,868.0,-108,279,0,4
2024-07-18 05:50:34,29/2,868.0,-120,282,0,4
2024-07-18 05:51:24,26/8,868.0,-116,279,0,4
2024-07-18 05:57:14,26/14,868.0,-108,284,0,4
2024-07-18 05:58:54,30/2,868.0,-121,284,0,4
2024-07-18 06:13:05,31/2,868.0,-122,283,0,4
2024-07-18 06:16:25,32/2,868.0,-121,287,0,4
2024-07-18 06:21:26,27/14,868.0,-108,272,0,4
2024-07-18 06:26:25,28/14,868.0,-109,281,0,4
2024-07-18 06:33:06,27/8,868.0,-114,282,0,4
2024-07-18 06:33:56,28/8,868.0,-117,284,0,4
2024-07-18 06:57:17,33/2,868.0,-120,280,0,4
2024-07-18 07:02:18,29/14,868.0,-112,267,0,4
2024-07-18 07:29:49,30/14,868.0,-104,267,0,4
2024-07-18 08:00:40,29/8,868.0,-117,275,0,4
2024-07-18 08:05:41,34/2,868.0,-118,277,0,4
2024-07-18 08:18:11,35/2,868.0,-121,273,0,4
2024-07-18 08:21:32,36/2,868.0,-124,280,0,4
2024-07-18 08:27:22,31/14,868.0,-108,272,0,4
2024-07-18 08:44:53,37/2,868.0,-118,273,0,4
2024-07-18 08:59:54,30/8,868.0,-112,267,0,4
2024-07-18 09:20:44,32/14,868.0,-111,268,0,4
2024-07-18 09:21:35,31/8,868.0,-118,267,0,4
2024-07-18 09:22:24,38/2,868.0,-123,269,0,4
2024-07-18 09:32:25,33/14,868.0,-116,270,0,4
2024-07-18 09:34:05,32/8,868.0,-116,277,0,4
2024-07-18 09:56:36,39/2,868.0,-122,276,0,4
2024-07-18 10:49:59,34/14,868.0,-112,271,0,4
2024-07-18 10:52:29,35/14,868.0,-113,271,0,4
2024-07-18 10:57:29,33/8,868.0,-112,267,0,4
2024-07-18 11:12:30,36/14,868.0,-108,277,0,4
2024-07-18 11:13:20,37/14,868.0,-112,272,0,4
2024-07-18 11:33:21,34/8,868.0,-112,280,0,4
2024-07-18 11:34:11,38/14,868.0,-109,276,0,4
2024-07-18 11:50:02,35/8,868.0,-112,290,0,4
2024-07-18 12:05:03,36/8,868.0,-108,300,0,4
2024-07-18 12:06:43,40/2,868.0,-118,299,0,4
2024-07-18 12:30:54,37/8,868.0,-112,305,0,4
2024-07-18 12:31:44,39/14,868.0,-106,305,0,4
2024-07-18 12:42:35,41/2,868.0,-117,305,0,4
2024-07-18 12:57:36,42/2,868.0,-117,308,0,4
2024-07-18 13:10:56,38/8,868.0,-113,308,0,4
2024-07-18 13:18:26,39/8,868.0,-113,308,0,4
2024-07-18 13:22:37,43/2,868.0,-119,304,0,4
2024-07-18 13:24:17,40/14,868.0,-106,304,0,4
2024-07-18 13:28:27,41/14,868.0,-106,305,0,4
2024-07-18 14:03:29,40/8,868.0,-109,311,0,4
2024-07-18 14:29:20,42/14,868.0,-102,315,0,4
2024-07-18 14:32:40,44/2,868.0,-118,314,0,4
2024-07-18 14:41:51,43/14,868.0,-107,318,0,4
2024-07-18 14:51:01,44/14,868.0,-111,310,0,4
2024-07-18 14:54:22,41/8,868.0,-112,314,0,4
2024-07-18 15:21:53,45/14,868.0,-113,310,0,4
2024-07-18 15:23:33,45/2,868.0,-121,313,0,4
2024-07-18 15:33:33,46/2,868.0,-124,307,0,4
2024-07-18 15:36:03,42/8,868.0,-109,308,0,4
2024-07-18 15:37:44,46/14,868.0,-110,311,0,4
2024-07-18 15:41:54,47/2,868.0,-122,307,0,4
2024-07-18 15:55:15,47/14,868.0,-109,305,0,4
2024-07-18 15:58:35,43/8,868.0,-114,303,0,4
2024-07-18 16:02:45,48/14,868.0,-108,305,0,4
2024-07-18 16:06:05,49/14,868.0,-120,310,0,4
2024-07-18 16:34:27,44/8,868.0,-114,307,0,4
2024-07-18 16:46:57,48/2,868.0,-119,311,0,4
2024-07-18 17:01:58,45/8,868.0,-117,315,0,4
2024-07-18 17:12:49,46/8,868.0,-114,304,0,4
2024-07-18 17:19:29,50/14,868.0,-112,307,0,4
2024-07-18 17:33:40,49/2,868.0,-119,307,0,4
2024-07-18 17:38:40,51/14,868.0,-109,309,0,4
2024-07-18 17:45:20,52/14,868.0,-108,306,0,4
2024-07-18 17:47:00,50/2,868.0,-132,317,0,4
2024-07-18 17:56:11,53/14,868.0,-109,317,0,4
2024-07-18 18:15:22,54/14,868.0,-113,311,0,4
2024-07-18 18:37:03,47/8,868.0,-119,311,0,4
2024-07-18 18:39:33,48/8,868.0,-116,313,0,4
2024-07-18 18:42:53,49/8,868.0,-118,312,0,4
2024-07-18 18:52:54,51/2,868.0,-124,301,0,4
2024-07-18 19:19:35,52/2,868.0,-125,316,0,4
2024-07-18 19:53:47,50/8,868.0,-116,324,0,4
2024-07-18 19:56:17,51/8,868.0,-117,335,0,4
2024-07-18 20:10:28,55/14,868.0,-112,322,0,4
2024-07-18 20:17:58,56/14,868.0,-111,321,0,4
2024-07-18 20:35:29,52/8,868.0,-121,323,0,4
2024-07-18 20:49:40,57/14,868.0,-112,310,0,4
2024-07-18 20:57:10,53/8,868.0,-116,306,0,4
2024-07-18 21:03:50,58/14,868.0,-109,320,0,4
2024-07-18 21:08:51,54/8,868.0,-114,308,0,4
2024-07-18 21:13:51,59/14,868.0,-112,326,0,4
2024-07-18 21:18:51,60/14,868.0,-108,315,0,4
2024-07-18 21:43:53,53/2,868.0,-133,304,0,4
2024-07-18 21:45:33,55/8,868.0,-119,300,0,4
2024-07-18 21:52:13,56/8,868.0,-120,307,0,4
2024-07-18 21:53:53,61/14,868.0,-114,301,0,4
2024-07-18 22:01:23,54/2,868.0,-129,306,0,4
2024-07-18 22:17:15,62/14,868.0,-113,280,0,4
2024-07-18 22:33:55,57/8,868.0,-120,289,0,4
2024-07-18 22:38:55,55/2,868.0,-126,290,0,4
2024-07-18 22:53:56,58/8,868.0,-118,278,0,4
2024-07-18 23:11:27,56/2,868.0,-123,283,0,4
2024-07-18 23:13:57,57/2,868.0,-124,283,0,4
2024-07-18 23:26:28,58/2,868.0,-123,284,0,4
2024-07-18 23:32:18,63/14,868.0,-113,287,0,4
2024-07-18 23:33:08,59/2,868.0,-127,280,0,4
2024-07-18 23:34:48,64/14,868.0,-113,263,0,4
2024-07-18 23:43:09,65/14,868.0,-116,288,0,4
2024-07-18 23:47:19,66/14,868.0,-116,274,0,4
2024-07-18 23:49:49,59/8,868.0,-118,279,0,4
2024-07-18 23:50:39,60/8,868.0,-123,277,0,4
2024-07-19 00:03:10,67/14,868.0,-116,285,0,4
2024-07-19 00:06:30,60/2,868.0,-130,279,0,4
2024-07-19 00:29:01,68/14,868.0,-117,274,0,4
2024-07-19 00:48:12,69/14,868.0,-116,273,0,4
2024-07-19 00:55:42,70/14,868.0,-120,273,0,4
2024-07-19 00:59:52,61/8,868.0,-120,272,0,4
2024-07-19 01:03:13,62/8,868.0,-120,274,0,4
2024-07-19 01:09:03,71/14,868.0,-121,278,0,4
2024-07-19 01:19:03,63/8,868.0,-121,272,0,4
2024-07-19 01:31:34,61/2,868.0,-123,281,0,4
2024-07-19 01:37:24,72/14,868.0,-118,270,0,4
2024-07-19 01:44:54,65/8,868.0,-121,278,0,4
2024-07-19 02:04:56,66/8,868.0,-124,270,0,4
2024-07-19 02:09:06,73/14,868.0,-120,275,0,4
2024-07-19 02:13:16,62/2,868.0,-127,269,0,4
2024-07-19 02:22:26,63/2,868.0,-128,273,0,4
2024-07-19 02:50:48,67/8,868.0,-127,280,0,4
2024-07-19 02:54:08,64/2,868.0,-127,279,0,4
2024-07-19 03:13:19,68/8,868.0,-124,282,0,4
2024-07-19 03:26:40,74/14,868.0,-116,278,0,4
2024-07-19 03:28:20,69/8,868.0,-120,271,0,4
2024-07-19 03:30:00,66/2,868.0,-124,272,0,4
2024-07-19 03:39:10,75/14,868.0,-119,281,0,4
2024-07-19 04:01:42,70/8,868.0,-128,273,0,4
2024-07-19 04:21:42,71/8,868.0,-119,280,0,4
2024-07-19 04:32:34,76/14,868.0,-112,282,0,4
2024-07-19 04:39:14,77/14,868.0,-114,265,0,4
2024-07-19 04:41:44,72/8,868.0,-120,262,0,4
2024-07-19 04:51:45,68/2,868.0,-128,267,0,4
2024-07-19 05:39:17,69/2,868.0,-130,284,0,4
2024-07-19 05:40:06,73/8,868.0,-119,277,0,4
2024-07-19 05:40:57,74/8,868.0,-124,280,0,4
2024-07-19 05:47:37,78/14,868.0,-123,286,0,4
2024-07-19 05:53:28,75/8,868.0,-121,266,0,4
2024-07-19 06:04:18,79/14,868.0,-116,288,0,4
2024-07-19 06:05:58,70/2,868.0,-128,286,0,4
2024-07-19 06:11:48,71/2,868.0,-128,283,0,4
2024-07-19 06:15:08,72/2,868.0,-130,288,0,4
2024-07-19 06:18:28,80/14,868.0,-120,279,0,4
2024-07-19 06:29:19,81/14,868.0,-122,289,0,4
2024-07-19 06:31:49,82/14,868.0,-120,286,0,4
2024-07-19 06:38:30,76/8,868.0,-123,291,0,4
2024-07-19 06:40:10,73/2,868.0,-131,291,0,4
2024-07-19 07:05:11,77/8,868.0,-120,279,0,4
2024-07-19 07:16:02,83/14,868.0,-112,281,0,4
2024-07-19 07:16:52,84/14,868.0,-113,273,0,4
2024-07-19 07:25:12,85/14,868.0,-117,279,0,4
2024-07-19 07:27:42,78/8,868.0,-109,271,0,4
2024-07-19 07:28:33,74/2,868.0,-124,279,0,4
2024-07-19 07:51:04,79/8,868.0,-118,263,0,4
2024-07-19 08:12:44,80/8,868.0,-124,271,0,4
2024-07-19 08:23:36,86/14,868.0,-108,255,0,4
2024-07-19 08:50:16,81/8,868.0,-116,270,0,4
2024-07-19 08:52:46,75/2,868.0,-121,270,0,4
2024-07-19 09:07:47,76/2,868.0,-123,265,0,4
2024-07-19 09:16:08,82/8,868.0,-116,264,0,4
2024-07-19 09:31:59,83/8,868.0,-118,277,0,4
2024-07-19 09:39:29,84/8,868.0,-112,267,0,4
2024-07-19 09:44:30,87/14,868.0,-116,249,0,4
2024-07-19 09:51:09,88/14,868.0,-114,264,0,4
2024-07-19 10:03:40,89/14,868.0,-112,264,0,4
2024-07-19 10:13:40,77/2,868.0,-120,261,0,4
2024-07-19 11:06:13,85/8,868.0,-113,265,0,4
2024-07-19 11:08:43,86/8,868.0,-113,264,0,4
2024-07-19 11:12:53,90/14,868.0,-108,270,0,4
2024-07-19 11:15:24,87/8,868.0,-113,267,0,4
2024-07-19 11:26:14,78/2,868.0,-120,277,0,4
2024-07-19 11:42:05,79/2,868.0,-123,280,0,4
2024-07-19 11:56:16,91/14,868.0,-108,286,0,4
2024-07-19 11:57:56,92/14,868.0,-112,287,0,4
2024-07-19 12:23:47,93/14,868.0,-116,282,0,4
2024-07-19 12:29:38,94/14,868.0,-112,283,0,4
2024-07-19 12:40:28,88/8,868.0,-121,277,0,4
2024-07-19 12:41:18,89/8,868.0,-121,283,0,4
2024-07-19 12:43:48,80/2,868.0,-126,280,0,4
2024-07-19 13:07:10,95/14,868.0,-113,266,0,4
2024-07-19 13:10:30,81/2,868.0,-126,278,0,4
2024-07-19 13:13:00,82/2,868.0,-125,274,0,4
2024-07-19 13:13:50,83/2,868.0,-122,284,0,4
2024-07-19 13:28:00,90/8,868.0,-124,275,0,4
2024-07-19 13:31:21,96/14,868.0,-114,276,0,4
2024-07-19 13:33:51,91/8,868.0,-120,271,0,4
2024-07-19 13:36:21,92/8,868.0,-118,282,0,4
2024-07-19 13:38:01,84/2,868.0,-124,282,0,4
2024-07-19 13:40:31,85/2,868.0,-129,287,0,4
2024-07-19 13:47:11,93/8,868.0,-126,277,0,4
2024-07-19 13:53:52,94/8,868.0,-117,270,0,4
2024-07-19 14:01:22,86/2,868.0,-121,275,0,4
2024-07-19 14:07:13,95/8,868.0,-123,280,0,4
2024-07-19 14:19:44,97/14,868.0,-118,277,0,4
2024-07-19 14:48:05,87/2,868.0,-123,270,0,4
2024-07-19 14:51:25,88/2,868.0,-130,281,0,4
2024-07-19 15:10:36,89/2,868.0,-120,274,0,4
2024-07-19 15:29:47,90/2,868.0,-120,283,0,4
2024-07-19 15:33:07,91/2,868.0,-122,282,0,4
2024-07-19 15:51:28,98/14,868.0,-112,292,0,4
2024-07-19 15:53:08,99/14,868.0,-116,296,0,4
2024-07-19 15:58:08,92/2,868.0,-127,297,0,4
2024-07-19 15:58:58,96/8,868.0,-120,292,0,4
2024-07-19 16:00:38,100/14,868.0,-114,293,0,4
2024-07-19 16:03:59,93/2,868.0,-131,296,0,4
2024-07-19 16:04:49,101/14,868.0,-112,307,0,4
2024-07-19 16:12:19,102/14,868.0,-119,289,0,4
2024-07-19 16:19:49,103/14,868.0,-114,310,0,4
2024-07-19 16:29:00,97/8,868.0,-114,299,0,4
2024-07-19 16:34:50,98/8,868.0,-112,301,0,4
2024-07-19 16:48:11,99/8,868.0,-114,307,0,4
2024-07-19 16:53:11,104/14,868.0,-106,307,0,4
2024-07-19 16:57:21,105/14,868.0,-107,307,0,4
2024-07-19 16:59:51,94/2,868.0,-125,308,0,4
2024-07-19 17:03:12,100/8,868.0,-111,307,0,4
2024-07-19 17:07:22,106/14,868.0,-106,306,0,4
2024-07-19 17:13:12,107/14,868.0,-105,311,0,4
2024-07-19 17:27:23,108/14,868.0,-108,310,0,4
2024-07-19 17:39:53,101/8,868.0,-111,310,0,4
2024-07-19 17:49:04,109/14,868.0,-106,310,0,4
2024-07-19 17:50:44,110/14,868.0,-109,321,0,4
2024-07-19 18:01:34,95/2,868.0,-118,312,0,4
2024-07-19 18:09:05,96/2,868.0,-118,314,0,4
2024-07-19 18:13:15,102/8,868.0,-109,313,0,4
2024-07-19 18:14:05,97/2,868.0,-117,319,0,4
2024-07-19 18:19:05,111/14,868.0,-104,312,0,4
2024-07-19 18:25:46,98/2,868.0,-118,313,0,4
2024-07-19 18:34:56,99/2,868.0,-121,310,0,4
2024-07-19 18:38:16,112/14,868.0,-109,314,0,4
2024-07-19 18:39:06,103/8,868.0,-113,312,0,4
2024-07-19 18:41:36,104/8,868.0,-117,313,0,4
2024-07-19 18:49:07,105/8,868.0,-118,311,0,4
2024-07-19 19:04:08,113/14,868.0,-105,308,0,4
2024-07-19 19:08:18,106/8,868.0,-112,311,0,4
2024-07-19 19:12:28,114/14,868.0,-106,315,0,4
2024-07-19 19:18:18,115/14,868.0,-108,317,0,4
2024-07-19 19:20:48,116/14,868.0,-106,316,0,4
2024-07-19 19:27:29,107/8,868.0,-112,320,0,4
2024-07-19 19:28:19,108/8,868.0,-114,320,0,4
2024-07-19 19:29:09,109/8,868.0,-112,318,0,4
2024-07-19 19:29:59,117/14,868.0,-106,318,0,4
2024-07-19 19:33:19,110/8,868.0,-113,319,0,4
2024-07-19 19:42:30,111/8,868.0,-114,317,0,4
2024-07-19 20:00:00,118/14,868.0,-107,314,0,4
2024-07-19 20:19:11,100/2,868.0,-117,310,0,4
2024-07-19 20:23:22,119/14,868.0,-109,314,0,4
2024-07-19 20:29:12,101/2,868.0,-118,310,0,4
2024-07-19 20:30:02,102/2,868.0,-120,313,0,4
2024-07-19 20:30:52,103/2,868.0,-120,314,0,4
2024-07-19 20:34:12,112/8,868.0,-113,313,0,4
2024-07-19 20:35:02,104/2,868.0,-120,313,0,4
2024-07-19 21:05:54,113/8,868.0,-112,305,0,4
2024-07-19 21:19:14,114/8,868.0,-112,299,0,4
2024-07-19 21:21:45,115/8,868.0,-111,301,0,4
2024-07-19 21:33:25,105/2,868.0,-120,300,0,4
2024-07-19 21:35:05,116/8,868.0,-114,296,0,4
2024-07-19 21:38:25,106/2,868.0,-121,297,0,4
2024-07-19 21:39:16,120/14,868.0,-111,300,0,4
2024-07-19 21:42:36,117/8,868.0,-112,305,0,4
2024-07-19 21:46:46,121/14,868.0,-109,296,0,4
2024-07-19 21:48:26,107/2,868.0,-119,295,0,4
2024-07-19 21:51:46,108/2,868.0,-120,292,0,4
2024-07-19 21:54:16,122/14,868.0,-107,294,0,4
2024-07-19 22:10:07,118/8,868.0,-114,288,0,4
2024-07-19 22:39:19,119/8,868.0,-116,283,0,4
2024-07-19 22:48:29,120/8,868.0,-116,297,0,4
2024-07-19 22:53:29,109/2,868.0,-121,285,0,4
2024-07-19 22:57:40,121/8,868.0,-114,283,0,4
2024-07-19 23:01:00,124/14,868.0,-107,280,0,4
2024-07-19 23:04:20,125/14,868.0,-109,284,0,4
2024-07-19 23:07:40,126/14,868.0,-106,284,0,4
2024-07-19 23:13:30,110/2,868.0,-120,282,0,4
2024-07-19 23:21:51,111/2,868.0,-122,280,0,4
2024-07-19 23:31:51,112/2,868.0,-120,279,0,4
2024-07-19 23:38:32,122/8,868.0,-112,278,0,4
2024-07-20 00:03:33,127/14,868.0,-110,279,0,4
2024-07-20 00:06:53,113/2,868.0,-121,276,0,4
2024-07-20 00:11:03,114/2,868.0,-119,280,0,4
2024-07-20 00:23:34,128/14,868.0,-112,278,0,4
2024-07-20 00:34:24,123/8,868.0,-117,274,0,4
2024-07-20 00:57:46,124/8,868.0,-113,262,0,4
2024-07-20 00:59:26,125/8,868.0,-113,263,0,4
2024-07-20 01:05:16,129/14,868.0,-111,272,0,4
2024-07-20 01:11:56,130/14,868.0,-108,271,0,4
2024-07-20 01:15:17,126/8,868.0,-113,275,0,4
2024-07-20 01:22:47,131/14,868.0,-108,258,0,4
2024-07-20 01:26:07,116/2,868.0,-124,272,0,4
2024-07-20 01:41:08,132/14,868.0,-108,282,0,4
2024-07-20 01:58:39,117/2,868.0,-120,271,0,4
2024-07-20 02:10:19,118/2,868.0,-119,271,0,4
2024-07-20 02:18:40,127/8,868.0,-117,269,0,4
2024-07-20 02:21:10,128/8,868.0,-116,277,0,4
2024-07-20 02:36:11,129/8,868.0,-116,272,0,4
2024-07-20 02:43:41,130/8,868.0,-112,267,0,4
2024-07-20 02:49:31,119/2,868.0,-122,273,0,4
2024-07-20 03:02:52,131/8,868.0,-113,274,0,4
2024-07-20 03:11:12,120/2,868.0,-120,273,0,4
2024-07-20 03:27:53,121/2,868.0,-119,273,0,4
2024-07-20 03:28:44,122/2,868.0,-122,269,0,4
2024-07-20 03:44:34,132/8,868.0,-116,271,0,4
2024-07-20 03:52:55,123/2,868.0,-119,270,0,4
2024-07-20 03:57:05,124/2,868.0,-121,273,0,4
2024-07-20 04:09:35,133/8,868.0,-113,270,0,4
2024-07-20 04:22:56,125/2,868.0,-120,269,0,4
2024-07-20 04:32:06,126/2,868.0,-120,275,0,4
2024-07-20 04:34:37,134/8,868.0,-114,269,0,4
2024-07-20 04:37:57,127/2,868.0,-119,272,0,4
2024-07-20 04:49:38,135/8,868.0,-114,273,0,4
2024-07-20 04:57:08,136/8,868.0,-112,268,0,4
2024-07-20 05:07:59,137/8,868.0,-114,274,0,4
2024-07-20 05:09:38,138/8,868.0,-114,272,0,4
2024-07-20 05:33:00,139/8,868.0,-112,268,0,4
2024-07-20 05:51:21,133/14,868.0,-106,277,0,4
2024-07-20 05:53:51,128/2,868.0,-118,269,0,4
2024-07-20 05:56:21,134/14,868.0,-106,271,0,4
2024-07-20 06:05:31,129/2,868.0,-118,275,0,4
2024-07-20 06:12:12,130/2,868.0,-120,272,0,4
2024-07-20 06:13:02,131/2,868.0,-118,273,0,4
2024-07-20 06:18:02,132/2,868.0,-117,270,0,4
2024-07-20 06:50:34,135/14,868.0,-105,272,0,4
2024-07-20 06:58:04,136/14,868.0,-107,270,0,4
2024-07-20 07:17:15,140/8,868.0,-110,273,0,4
2024-07-20 07:26:26,141/8,868.0,-112,269,0,4
2024-07-20 07:43:07,142/8,868.0,-112,276,0,4
2024-07-20 07:47:17,143/8,868.0,-113,269,0,4
2024-07-20 08:12:18,133/2,868.0,-117,264,0,4
2024-07-20 08:16:28,134/2,868.0,-118,268,0,4
2024-07-20 08:33:59,144/8,868.0,-116,267,0,4
2024-07-20 08:37:20,145/8,868.0,-112,253,0,4
2024-07-20 08:59:50,137/14,868.0,-108,263,0,4
2024-07-20 09:01:31,138/14,868.0,-108,260,0,4
2024-07-20 09:55:43,135/2,868.0,-123,260,0,4
2024-07-20 09:59:53,146/8,868.0,-121,260,0,4
2024-07-20 10:01:34,139/14,868.0,-108,272,0,4
2024-07-20 10:32:25,136/2,868.0,-125,273,0,4
2024-07-20 10:33:15,147/8,868.0,-110,265,0,4
2024-07-20 10:34:05,148/8,868.0,-112,265,0,4
2024-07-20 10:36:35,137/2,868.0,-120,269,0,4
2024-07-20 10:49:06,138/2,868.0,-120,268,0,4
2024-07-20 10:58:16,139/2,868.0,-121,269,0,4
2024-07-20 11:10:47,140/2,868.0,-119,280,0,4
2024-07-20 11:26:38,149/8,868.0,-114,282,0,4
2024-07-20 11:29:58,141/2,868.0,-123,285,0,4
2024-07-20 11:31:38,150/8,868.0,-120,290,0,4
2024-07-20 11:33:19,140/14,868.0,-105,273,0,4
2024-07-20 11:49:09,141/14,868.0,-109,294,0,4
2024-07-20 11:54:59,142/2,868.0,-126,298,0,4
2024-07-20 12:01:39,142/14,868.0,-112,299,0,4
2024-07-20 12:09:10,143/2,868.0,-117,339,0,4
2024-07-20 12:20:51,143/14,868.0,-105,305,0,4
2024-07-20 12:29:11,151/8,868.0,-117,316,0,4
2024-07-20 12:35:51,144/2,868.0,-118,307,0,4
2024-07-20 12:39:11,152/8,868.0,-116,310,0,4
2024-07-20 12:45:02,144/14,868.0,-110,307,0,4
2024-07-20 12:51:42,145/14,868.0,-106,310,0,4
2024-07-20 13:03:23,146/14,868.0,-109,316,0,4
2024-07-20 13:13:23,145/2,868.0,-121,318,0,4
2024-07-20 13:15:53,147/14,868.0,-110,310,0,4
2024-07-20 13:20:03,153/8,868.0,-110,305,0,4
2024-07-20 13:29:14,148/14,868.0,-113,310,0,4
2024-07-20 13:59:16,149/14,868.0,-117,305,0,4
2024-07-20 14:15:56,150/14,868.0,-110,303,0,4
2024-07-20 14:26:47,154/8,868.0,-116,286,0,4
2024-07-20 14:40:08,151/14,868.0,-109,295,0,4
2024-07-20 14:58:29,155/8,868.0,-112,298,0,4
2024-07-20 15:05:59,146/2,868.0,-123,295,0,4
2024-07-20 15:13:29,152/14,868.0,-107,293,0,4
2024-07-20 15:43:31,156/8,868.0,-110,289,0,4
2024-07-20 16:31:03,157/8,868.0,-109,308,0,4
2024-07-20 16:32:43,153/14,868.0,-104,311,0,4
2024-07-20 16:42:44,147/2,868.0,-118,305,0,4
2024-07-20 16:52:45,148/2,868.0,-117,317,0,4
2024-07-20 16:56:55,149/2,868.0,-120,309,0,4
2024-07-20 17:10:15,158/8,868.0,-117,318,0,4
2024-07-20 17:29:27,159/8,868.0,-112,297,0,4
2024-07-20 17:37:47,160/8,868.0,-112,313,0,4
2024-07-20 17:38:37,150/2,868.0,-125,313,0,4
2024-07-20 18:13:39,151/2,868.0,-118,312,0,4
2024-07-20 18:17:49,152/2,868.0,-120,314,0,4
2024-07-20 18:37:00,153/2,868.0,-117,304,0,4
2024-07-20 18:38:40,161/8,868.0,-112,302,0,4
2024-07-20 18:50:20,154/14,868.0,-105,302,0,4
2024-07-20 19:00:21,162/8,868.0,-110,296,0,4
2024-07-20 19:17:02,163/8,868.0,-111,294,0,4
2024-07-20 19:22:52,164/8,868.0,-114,292,0,4
2024-07-20 19:30:22,154/2,868.0,-125,290,0,4
2024-07-20 19:54:34,155/2,868.0,-124,267,0,4
2024-07-20 20:06:15,155/14,868.0,-110,252,0,4
2024-07-20 20:14:35,156/2,868.0,-121,262,0,4
2024-07-20 20:17:55,157/2,868.0,-124,263,0,4
2024-07-20 20:24:35,165/8,868.0,-120,258,0,4
2024-07-20 20:36:16,156/14,868.0,-113,263,0,4
2024-07-20 20:42:56,158/2,868.0,-121,263,0,4
2024-07-20 21:04:37,159/2,868.0,-120,257,0,4
2024-07-20 21:18:48,160/2,868.0,-118,262,0,4
2024-07-20 21:19:38,166/8,868.0,-112,258,0,4
2024-07-20 21:35:29,167/8,868.0,-116,260,0,4
2024-07-20 21:37:09,157/14,868.0,-108,256,0,4
2024-07-20 21:52:10,158/14,868.0,-109,258,0,4
2024-07-20 22:15:31,159/14,868.0,-105,263,0,4
2024-07-20 22:39:42,160/14,868.0,-112,260,0,4
2024-07-20 22:55:33,168/8,868.0,-118,277,0,4
2024-07-20 23:10:34,161/14,868.0,-107,263,0,4
2024-07-20 23:32:15,169/8,868.0,-112,263,0,4
2024-07-20 23:35:35,162/14,868.0,-109,258,0,4
2024-07-20 23:38:05,163/14,868.0,-107,258,0,4
2024-07-20 23:47:16,161/2,868.0,-121,271,0,4
2024-07-20 23:49:46,170/8,868.0,-118,256,0,4
2024-07-21 00:13:57,164/14,868.0,-113,260,0,4
2024-07-21 00:14:47,165/14,868.0,-108,260,0,4
2024-07-21 00:16:27,166/14,868.0,-110,257,0,4
2024-07-21 00:19:47,162/2,868.0,-117,260,0,4
2024-07-21 00:21:28,171/8,868.0,-116,247,0,4
2024-07-21 00:23:07,167/14,868.0,-106,258,0,4
2024-07-21 00:23:58,168/14,868.0,-112,263,0,4
2024-07-21 00:24:47,172/8,868.0,-113,259,0,4
2024-07-21 00:26:28,163/2,868.0,-119,260,0,4
2024-07-21 00:37:18,164/2,868.0,-118,258,0,4
2024-07-21 00:48:09,173/8,868.0,-114,262,0,4
2024-07-21 00:52:19,174/8,868.0,-113,259,0,4
2024-07-21 01:13:10,165/2,868.0,-121,262,0,4
2024-07-21 01:29:01,169/14,868.0,-109,266,0,4
2024-07-21 01:34:01,166/2,868.0,-120,265,0,4
2024-07-21 01:39:01,175/8,868.0,-111,260,0,4
2024-07-21 01:42:22,167/2,868.0,-119,263,0,4
2024-07-21 01:43:11,170/14,868.0,-107,262,0,4
2024-07-21 01:56:32,168/2,868.0,-124,264,0,4
2024-07-21 02:10:43,169/2,868.0,-125,270,0,4
2024-07-21 02:14:53,176/8,868.0,-120,267,0,4
2024-07-21 02:23:14,170/2,868.0,-118,272,0,4
2024-07-21 02:30:44,171/2,868.0,-122,280,0,4
2024-07-21 02:41:35,171/14,868.0,-107,281,0,4
2024-07-21 02:46:35,172/2,868.0,-121,274,0,4
2024-07-21 02:55:45,177/8,868.0,-112,272,0,4
2024-07-21 02:56:36,173/2,868.0,-119,277,0,4
2024-07-21 02:58:15,172/14,868.0,-106,267,0,4
2024-07-21 03:23:17,173/14,868.0,-108,271,0,4
2024-07-21 03:48:18,174/2,868.0,-120,267,0,4
2024-07-21 04:29:10,178/8,868.0,-116,282,0,4
2024-07-21 04:32:30,179/8,868.0,-112,279,0,4
2024-07-21 04:35:00,180/8,868.0,-117,278,0,4
2024-07-21 04:52:31,175/2,868.0,-120,279,0,4
2024-07-21 04:54:11,174/14,868.0,-111,278,0,4
2024-07-21 05:22:33,175/14,868.0,-109,268,0,4
2024-07-21 05:38:24,181/8,868.0,-112,286,0,4
2024-07-21 05:39:14,176/14,868.0,-106,294,0,4
2024-07-21 05:43:24,177/14,868.0,-112,282,0,4
2024-07-21 05:59:15,176/2,868.0,-120,281,0,4
2024-07-21 06:09:15,182/8,868.0,-122,292,0,4
2024-07-21 06:11:45,183/8,868.0,-114,290,0,4
2024-07-21 06:22:36,177/2,868.0,-118,286,0,4
2024-07-21 06:30:56,178/14,868.0,-111,291,0,4
2024-07-21 06:43:27,179/14,868.0,-110,296,0,4
2024-07-21 07:06:48,178/2,868.0,-122,296,0,4
2024-07-21 07:17:39,184/8,868.0,-114,299,0,4
2024-07-21 07:28:29,185/8,868.0,-120,298,0,4
2024-07-21 07:37:40,179/2,868.0,-121,284,0,4
2024-07-21 07:39:20,180/2,868.0,-118,292,0,4
2024-07-21 07:41:50,181/2,868.0,-120,291,0,4
2024-07-21 07:45:10,182/2,868.0,-119,296,0,4
2024-07-21 07:55:10,183/2,868.0,-124,298,0,4
2024-07-21 07:56:01,184/2,868.0,-118,296,0,4
2024-07-21 08:01:51,186/8,868.0,-111,304,0,4
2024-07-21 08:05:11,180/14,868.0,-106,297,0,4
2024-07-21 08:17:42,185/2,868.0,-119,303,0,4
2024-07-21 08:18:32,186/2,868.0,-122,307,0,4
2024-07-21 08:21:52,181/14,868.0,-110,304,0,4
2024-07-21 08:26:02,182/14,868.0,-112,304,0,4
2024-07-21 08:35:13,183/14,868.0,-109,312,0,4
2024-07-21 09:01:04,187/8,868.0,-109,305,0,4
2024-07-21 09:08:34,188/8,868.0,-106,306,0,4
2024-07-21 09:18:35,187/2,868.0,-114,309,0,4
2024-07-21 09:21:05,189/8,868.0,-108,311,0,4
2024-07-21 09:21:55,184/14,868.0,-100,305,0,4
2024-07-21 09:25:15,185/14,868.0,-103,304,0,4
2024-07-21 10:16:08,188/2,868.0,-117,284,0,4
2024-07-21 10:24:28,189/2,868.0,-118,288,0,4
2024-07-21 10:41:59,186/14,868.0,-107,290,0,4
2024-07-21 10:48:39,190/2,868.0,-121,290,0,4
2024-07-21 10:49:30,191/2,868.0,-120,279,0,4
2024-07-21 11:00:20,187/14,868.0,-106,284,0,4
2024-07-21 11:06:10,190/8,868.0,-113,284,0,4
2024-07-21 11:16:11,188/14,868.0,-103,272,0,4
2024-07-21 11:49:32,189/14,868.0,-106,253,0,4
2024-07-21 11:51:13,191/8,868.0,-110,258,0,4
2024-07-21 12:04:33,192/8,868.0,-109,266,0,4
2024-07-21 12:05:23,190/14,868.0,-106,256,0,4
2024-07-21 12:17:54,193/8,868.0,-112,256,0,4
2024-07-21 12:27:54,192/2,868.0,-119,259,0,4
2024-07-21 12:28:45,191/14,868.0,-109,256,0,4
2024-07-21 12:39:35,194/8,868.0,-113,253,0,4
2024-07-21 12:46:16,195/8,868.0,-111,267,0,4
2024-07-21 12:52:56,193/2,868.0,-118,260,0,4
2024-07-21 13:01:16,196/8,868.0,-113,270,0,4
2024-07-21 13:02:06,197/8,868.0,-117,262,0,4
2024-07-21 13:02:56,194/2,868.0,-122,264,0,4
2024-07-21 13:15:27,192/14,868.0,-111,264,0,4
2024-07-21 13:18:47,195/2,868.0,-121,266,0,4
2024-07-21 13:36:18,193/14,868.0,-116,263,0,4
2024-07-21 13:37:58,196/2,868.0,-118,266,0,4
2024-07-21 13:45:29,198/8,868.0,-114,276,0,4
2024-07-21 13:48:48,197/2,868.0,-120,265,0,4
2024-07-21 14:23:00,198/2,868.0,-121,280,0,4
2024-07-21 14:25:30,194/14,868.0,-106,278,0,4
2024-07-21 14:32:11,199/2,868.0,-123,278,0,4
2024-07-21 14:38:51,195/14,868.0,-108,286,0,4
2024-07-21 14:40:31,196/14,868.0,-108,279,0,4
2024-07-21 14:43:51,197/14,868.0,-109,280,0,4
2024-07-21 14:44:41,198/14,868.0,-108,275,0,4
2024-07-21 15:03:53,199/14,868.0,-110,270,0,4
2024-07-21 15:14:43,199/8,868.0,-110,281,0,4
2024-07-21 15:22:13,200/8,868.0,-112,297,0,4
2024-07-21 15:30:34,200/2,868.0,-125,293,0,4
2024-07-21 15:59:45,200/14,868.0,-107,287,0,4
2024-07-21 16:18:56,201/14,868.0,-109,308,0,4
2024-07-21 16:37:18,202/14,868.0,-104,285,0,4
2024-07-21 16:55:38,201/8,868.0,-113,304,0,4
2024-07-21 17:16:29,202/8,868.0,-116,310,0,4
2024-07-21 17:23:09,203/14,868.0,-117,293,0,4
2024-07-21 17:48:11,203/8,868.0,-119,285,0,4
2024-07-21 17:59:51,204/14,868.0,-111,278,0,4
2024-07-21 18:04:01,204/8,868.0,-117,277,0,4
2024-07-21 18:06:32,201/2,868.0,-120,277,0,4
2024-07-21 18:25:43,205/14,868.0,-114,275,0,4
2024-07-21 18:31:33,202/2,868.0,-121,276,0,4
2024-07-21 18:33:13,205/8,868.0,-120,275,0,4
2024-07-21 18:42:24,206/14,868.0,-108,274,0,4
2024-07-21 18:54:04,206/8,868.0,-114,273,0,4
2024-07-21 18:54:54,207/14,868.0,-108,274,0,4
2024-07-21 19:04:05,203/2,868.0,-118,275,0,4
2024-07-21 19:12:25,208/14,868.0,-108,268,0,4
2024-07-21 19:22:26,209/14,868.0,-106,267,0,4
2024-07-21 19:24:05,204/2,868.0,-118,267,0,4
2024-07-21 19:34:06,205/2,868.0,-117,272,0,4
2024-07-21 19:39:06,206/2,868.0,-119,272,0,4
2024-07-21 19:44:07,207/8,868.0,-114,268,0,4
2024-07-21 19:44:57,210/14,868.0,-106,267,0,4
2024-07-21 19:59:07,207/2,868.0,-120,270,0,4
2024-07-21 20:08:18,208/8,868.0,-113,266,0,4
2024-07-21 20:10:48,208/2,868.0,-118,272,0,4
2024-07-21 20:15:48,211/14,868.0,-107,272,0,4
2024-07-21 20:22:29,212/14,868.0,-105,260,0,4
2024-07-21 20:23:19,209/8,868.0,-113,271,0,4
2024-07-21 20:24:59,213/14,868.0,-110,301,0,4
2024-07-21 20:27:29,209/2,868.0,-130,278,0,4
2024-07-21 20:33:19,210/2,868.0,-117,280,0,4
2024-07-21 20:37:29,210/8,868.0,-113,276,0,4
2024-07-21 20:38:19,214/14,868.0,-106,274,0,4
2024-07-21 20:50:00,215/14,868.0,-116,272,0,4
2024-07-21 20:57:30,216/14,868.0,-106,273,0,4
2024-07-21 20:59:10,217/14,868.0,-109,274,0,4
2024-07-21 21:15:02,218/14,868.0,-111,273,0,4
2024-07-21 21:19:11,211/2,868.0,-118,270,0,4
2024-07-21 21:37:32,212/2,868.0,-121,265,0,4
2024-07-21 22:02:34,213/2,868.0,-124,252,0,4
2024-07-21 22:27:35,219/14,868.0,-117,275,0,4
2024-07-21 22:33:25,220/14,868.0,-116,270,0,4
2024-07-21 22:35:55,212/8,868.0,-121,267,0,4
2024-07-21 22:40:56,213/8,868.0,-117,262,0,4
2024-07-21 22:52:37,221/14,868.0,-110,251,0,4
2024-07-21 22:55:06,222/14,868.0,-114,269,0,4
2024-07-21 23:00:56,214/2,868.0,-125,267,0,4
2024-07-21 23:16:47,215/2,868.0,-120,263,0,4
2024-07-21 23:24:18,214/8,868.0,-114,271,0,4
2024-07-21 23:32:38,223/14,868.0,-112,268,0,4
2024-07-21 23:34:18,224/14,868.0,-110,262,0,4
2024-07-21 23:37:39,216/2,868.0,-122,268,0,4
2024-07-21 23:46:49,225/14,868.0,-112,261,0,4
2024-07-21 23:47:39,226/14,868.0,-110,265,0,4
2024-07-21 23:49:19,217/2,868.0,-120,263,0,4
2024-07-21 23:52:40,227/14,868.0,-112,274,0,4
2024-07-21 23:56:00,228/14,868.0,-108,261,0,4
2024-07-22 00:06:50,229/14,868.0,-110,264,0,4
2024-07-22 00:16:01,218/2,868.0,-121,266,0,4
2024-07-22 00:26:51,219/2,868.0,-121,262,0,4
2024-07-22 00:28:31,230/14,868.0,-113,265,0,4
2024-07-22 00:31:51,231/14,868.0,-109,264,0,4
2024-07-22 00:32:41,220/2,868.0,-121,262,0,4
2024-07-22 00:43:32,232/14,868.0,-109,265,0,4
2024-07-22 00:53:33,233/14,868.0,-113,263,0,4
2024-07-22 01:07:43,234/14,868.0,-110,266,0,4
2024-07-22 01:21:04,235/14,868.0,-109,268,0,4
2024-07-22 01:23:34,215/8,868.0,-118,265,0,4
2024-07-22 01:36:05,216/8,868.0,-118,271,0,4
2024-07-22 01:49:25,217/8,868.0,-117,268,0,4
2024-07-22 01:56:06,221/2,868.0,-124,259,0,4
2024-07-22 01:57:46,236/14,868.0,-112,268,0,4
2024-07-22 02:20:17,222/2,868.0,-122,268,0,4
2024-07-22 02:29:27,237/14,868.0,-116,275,0,4
2024-07-22 02:36:58,223/2,868.0,-126,272,0,4
2024-07-22 02:41:58,224/2,868.0,-124,279,0,4
2024-07-22 02:45:18,218/8,868.0,-118,270,0,4
2024-07-22 02:54:29,219/8,868.0,-116,262,0,4
2024-07-22 03:06:09,220/8,868.0,-118,269,0,4
2024-07-22 03:11:59,225/2,868.0,-132,281,0,4
2024-07-22 03:33:41,238/14,868.0,-112,270,0,4
2024-07-22 03:41:11,239/14,868.0,-109,256,0,4
2024-07-22 03:43:41,221/8,868.0,-118,270,0,4
2024-07-22 04:07:02,226/2,868.0,-122,264,0,4
2024-07-22 04:10:22,227/2,868.0,-121,266,0,4
2024-07-22 04:11:13,240/14,868.0,-111,265,0,4
2024-07-22 04:19:33,222/8,868.0,-113,266,0,4
2024-07-22 04:20:23,228/2,868.0,-123,262,0,4
2024-07-22 04:23:43,229/2,868.0,-121,262,0,4
2024-07-22 04:30:23,241/14,868.0,-109,261,0,4
2024-07-22 04:45:24,242/14,868.0,-108,265,0,4
2024-07-22 04:51:15,223/8,868.0,-114,267,0,4
2024-07-22 04:52:55,243/14,868.0,-109,265,0,4
2024-07-22 04:53:45,244/14,868.0,-111,267,0,4
2024-07-22 05:05:25,245/14,868.0,-110,262,0,4
2024-07-22 05:09:35,230/2,868.0,-121,264,0,4
2024-07-22 05:14:36,246/14,868.0,-109,265,0,4
2024-07-22 05:20:26,231/2,868.0,-122,265,0,4
2024-07-22 05:23:46,232/2,868.0,-123,266,0,4
2024-07-22 05:27:06,224/8,868.0,-117,266,0,4
2024-07-22 05:30:26,233/2,868.0,-123,269,0,4
2024-07-22 05:33:47,247/14,868.0,-112,264,0,4
2024-07-22 05:37:57,225/8,868.0,-113,263,0,4
2024-07-22 05:38:47,248/14,868.0,-114,267,0,4
2024-07-22 05:40:27,226/8,868.0,-114,277,0,4
2024-07-22 05:46:18,234/2,868.0,-122,254,0,4
2024-07-22 06:12:09,235/2,868.0,-120,272,0,4
2024-07-22 06:16:19,227/8,868.0,-112,273,0,4
2024-07-22 06:17:09,249/14,868.0,-110,272,0,4
2024-07-22 06:32:10,250/14,868.0,-109,276,0,4
2024-07-22 06:50:31,251/14,868.0,-108,272,0,4
2024-07-22 06:57:11,236/2,868.0,-123,269,0,4
2024-07-22 07:01:22,252/14,868.0,-109,256,0,4
2024-07-22 07:08:52,228/8,868.0,-112,280,0,4
2024-07-22 07:25:33,229/8,868.0,-113,265,0,4
2024-07-22 07:31:23,237/2,868.0,-118,266,0,4
2024-07-22 07:37:13,238/2,868.0,-118,263,0,4
2024-07-22 07:38:03,230/8,868.0,-112,267,0,4
2024-07-22 07:48:54,231/8,868.0,-109,262,0,4
2024-07-22 08:12:15,232/8,868.0,-108,307,0,4
2024-07-22 08:13:55,233/8,868.0,-109,282,0,4
2024-07-22 08:23:05,234/8,868.0,-106,272,0,4
2024-07-22 08:52:17,235/8,868.0,-106,265,0,4
2024-07-22 08:58:57,236/8,868.0,-112,272,0,4
2024-07-22 09:11:28,237/8,868.0,-110,272,0,4
2024-07-22 09:12:18,238/8,868.0,-109,274,0,4
2024-07-22 09:17:18,253/14,868.0,-103,275,0,4
2024-07-22 09:43:09,239/2,868.0,-117,277,0,4
2024-07-22 10:16:31,240/2,868.0,-106,276,0,4
2024-07-22 10:24:02,254/14,868.0,-100,281,0,4
2024-07-22 10:46:33,239/8,868.0,-116,273,0,4
2024-07-22 10:54:03,240/8,868.0,-110,272,0,4
2024-07-22 10:56:33,241/2,868.0,-117,278,0,4
2024-07-22 11:02:24,242/2,868.0,-109,267,0,4
2024-07-22 11:10:44,243/2,868.0,-113,268,0,4
2024-07-22 11:20:44,255/14,868.0,-111,265,0,4
2024-07-22 11:31:35,241/8,868.0,-107,266,0,4
2024-07-22 11:36:35,244/2,868.0,-114,265,0,4
2024-07-22 11:44:56,242/8,868.0,-105,278,0,4
2024-07-22 11:55:46,245/2,868.0,-109,266,0,4
2024-07-22 12:08:17,256/14,868.0,-98,266,0,4
2024-07-22 12:25:48,243/8,868.0,-102,264,0,4
2024-07-22 12:38:18,257/14,868.0,-99,270,0,4
2024-07-22 12:54:09,246/2,868.0,-109,274,0,4
2024-07-22 13:00:50,244/8,868.0,-102,272,0,4
2024-07-22 13:02:29,245/8,868.0,-101,279,0,4
2024-07-22 13:05:00,246/8,868.0,-101,274,0,4
2024-07-22 13:09:10,247/8,868.0,-103,275,0,4
2024-07-22 13:16:40,247/2,868.0,-108,278,0,4
2024-07-22 13:23:21,248/8,868.0,-100,276,0,4
2024-07-22 13:29:11,248/2,868.0,-109,281,0,4
2024-07-22 13:45:52,258/14,868.0,-97,279,0,4
2024-07-22 13:57:33,249/2,868.0,-108,283,0,4
2024-07-22 13:59:12,259/14,868.0,-98,283,0,4
2024-07-22 14:03:23,249/8,868.0,-99,289,0,4
2024-07-22 14:11:43,250/2,868.0,-107,291,0,4
2024-07-22 14:13:23,260/14,868.0,-95,287,0,4
2024-07-22 14:14:13,251/2,868.0,-106,286,0,4
2024-07-22 14:35:54,250/8,868.0,-100,287,0,4
2024-07-22 14:43:25,252/2,868.0,-109,287,0,4
2024-07-22 14:54:15,251/8,868.0,-103,289,0,4
2024-07-22 14:58:25,261/14,868.0,-96,284,0,4
2024-07-22 15:11:46,253/2,868.0,-108,284,0,4
2024-07-22 15:17:36,262/14,868.0,-96,284,0,4
2024-07-22 15:18:26,254/2,868.0,-109,288,0,4
2024-07-22 15:22:37,255/2,868.0,-110,284,0,4
2024-07-22 15:40:58,256/2,868.0,-106,284,0,4
2024-07-22 15:52:38,252/8,868.0,-99,286,0,4
2024-07-22 15:55:08,257/2,868.0,-106,290,0,4
2024-07-22 16:34:20,253/8,868.0,-99,287,0,4
2024-07-22 16:36:00,258/2,868.0,-106,287,0,4
2024-07-22 16:41:51,254/8,868.0,-98,288,0,4
2024-07-22 16:46:51,255/8,868.0,-99,287,0,4
2024-07-22 16:48:31,263/14,868.0,-94,290,0,4
2024-07-22 16:52:41,256/8,868.0,-100,294,0,4
2024-07-22 16:55:11,259/2,868.0,-106,293,0,4
2024-07-22 17:27:43,257/8,868.0,-100,297,0,4
2024-07-22 17:28:33,258/8,868.0,-99,293,0,4
2024-07-22 17:36:03,259/8,868.0,-98,298,0,4
2024-07-22 17:39:24,260/8,868.0,-99,294,0,4
2024-07-22 17:44:24,260/2,868.0,-106,300,0,4
2024-07-22 17:46:54,264/14,868.0,-94,302,0,4
2024-07-22 17:52:44,261/8,868.0,-98,301,0,4
2024-07-22 18:03:35,261/2,868.0,-104,301,0,4
2024-07-22 18:16:05,262/2,868.0,-106,297,0,4
2024-07-22 18:41:07,263/2,868.0,-106,299,0,4
2024-07-22 19:07:48,265/14,868.0,-94,292,0,4
2024-07-22 19:34:29,262/8,868.0,-99,296,0,4
2024-07-22 19:47:50,263/8,868.0,-100,294,0,4
2024-07-22 20:16:12,266/14,868.0,-93,289,0,4
2024-07-22 20:24:32,264/2,868.0,-107,289,0,4
2024-07-22 20:40:23,264/8,868.0,-99,282,0,4
2024-07-22 20:47:53,265/8,868.0,-100,279,0,4
2024-07-22 20:49:34,267/14,868.0,-93,276,0,4
2024-07-22 20:51:13,268/14,868.0,-94,282,0,4
2024-07-22 20:52:04,269/14,868.0,-93,276,0,4
2024-07-22 20:52:53,265/2,868.0,-105,281,0,4
2024-07-22 20:53:44,266/8,868.0,-99,277,0,4
2024-07-22 21:19:35,267/8,868.0,-98,271,0,4
2024-07-22 21:20:25,268/8,868.0,-99,268,0,4
2024-07-22 21:36:16,266/2,868.0,-105,269,0,4
2024-07-22 21:39:36,270/14,868.0,-93,269,0,4
2024-07-22 21:47:56,267/2,868.0,-106,266,0,4
2024-07-22 21:48:47,268/2,868.0,-106,270,0,4
2024-07-22 21:53:47,269/8,868.0,-99,269,0,4
2024-07-22 22:20:28,271/14,868.0,-94,270,0,4
2024-07-22 22:26:18,272/14,868.0,-94,270,0,4
2024-07-22 22:35:29,270/8,868.0,-98,268,0,4
2024-07-22 22:45:29,269/2,868.0,-106,268,0,4
2024-07-22 23:13:51,271/8,868.0,-99,272,0,4
2024-07-22 23:43:02,272/8,868.0,-98,273,0,4
2024-07-23 00:15:34,273/8,868.0,-98,273,0,4
2024-07-23 00:36:25,273/14,868.0,-94,274,0,4
2024-07-23 00:38:05,270/2,868.0,-106,274,0,4
2024-07-23 00:42:15,271/2,868.0,-105,274,0,4
2024-07-23 00:44:46,274/8,868.0,-100,276,0,4
2024-07-23 00:48:06,274/14,868.0,-94,276,0,4
2024-07-23 01:04:46,275/8,868.0,-99,274,0,4
2024-07-23 01:06:27,272/2,868.0,-107,275,0,4
2024-07-23 01:20:37,273/2,868.0,-107,278,0,4
2024-07-23 01:21:27,276/8,868.0,-100,273,0,4
2024-07-23 01:25:38,275/14,868.0,-94,274,0,4
2024-07-23 01:42:18,276/14,868.0,-94,283,0,4
2024-07-23 01:43:08,274/2,868.0,-106,281,0,4
2024-07-23 01:50:39,275/2,868.0,-105,278,0,4
2024-07-23 02:01:29,276/2,868.0,-106,278,0,4
2024-07-23 02:07:20,277/2,868.0,-105,278,0,4
2024-07-23 02:28:11,277/8,868.0,-100,285,0,4
2024-07-23 02:31:31,278/2,868.0,-106,285,0,4
2024-07-23 02:40:41,278/8,868.0,-98,289,0,4
2024-07-23 02:54:52,277/14,868.0,-93,284,0,4
2024-07-23 03:22:23,278/14,868.0,-94,286,0,4
2024-07-23 03:39:04,279/2,868.0,-106,287,0,4
2024-07-23 03:50:45,279/8,868.0,-99,280,0,4
2024-07-23 03:55:45,279/14,868.0,-93,283,0,4
2024-07-23 04:04:56,280/2,868.0,-105,282,0,4
2024-07-23 04:44:58,280/14,868.0,-94,281,0,4
2024-07-23 05:19:59,281/14,868.0,-94,279,0,4
2024-07-23 05:29:10,281/2,868.0,-106,282,0,4
2024-07-23 05:40:50,282/2,868.0,-106,290,0,4
2024-07-23 05:41:41,280/8,868.0,-98,284,0,4
2024-07-23 05:51:41,283/2,868.0,-106,289,0,4
2024-07-23 06:17:33,281/8,868.0,-98,293,0,4
2024-07-23 06:34:13,284/2,868.0,-105,290,0,4
2024-07-23 06:50:04,282/14,868.0,-92,290,0,4
2024-07-23 06:52:34,285/2,868.0,-104,287,0,4
2024-07-23 07:07:35,286/2,868.0,-105,287,0,4
2024-07-23 07:09:15,283/14,868.0,-94,285,0,4
2024-07-23 07:16:45,287/2,868.0,-105,283,0,4
2024-07-23 07:31:46,284/14,868.0,-93,280,0,4
2024-07-23 08:00:58,282/8,868.0,-98,279,0,4
2024-07-23 08:08:28,285/14,868.0,-93,278,0,4
2024-07-23 08:16:49,288/2,868.0,-105,277,0,4
2024-07-23 08:25:59,286/14,868.0,-93,270,0,4
2024-07-23 08:31:49,283/8,868.0,-97,269,0,4
2024-07-23 08:36:49,284/8,868.0,-99,273,0,4
2024-07-23 08:39:19,285/8,868.0,-99,272,0,4
2024-07-23 08:40:10,286/8,868.0,-99,273,0,4
2024-07-23 08:45:10,287/8,868.0,-99,269,0,4
2024-07-23 08:51:50,287/14,868.0,-94,270,0,4
2024-07-23 09:05:11,288/14,868.0,-94,271,0,4
2024-07-23 09:06:51,288/8,868.0,-99,273,0,4
2024-07-23 09:13:32,289/2,868.0,-107,268,0,4
2024-07-23 09:36:02,289/14,868.0,-94,268,0,4
2024-07-23 09:41:53,290/14,868.0,-93,264,0,4
2024-07-23 09:44:23,289/8,868.0,-99,269,0,4
2024-07-23 09:54:23,290/8,868.0,-97,262,0,4
2024-07-23 09:55:13,290/2,868.0,-107,269,0,4
2024-07-23 10:07:44,291/2,868.0,-106,262,0,4
2024-07-23 10:08:34,291/8,868.0,-99,262,0,4
2024-07-23 10:16:55,292/2,868.0,-105,264,0,4
