2024-08-14 14:31:10,1/20,868.0,-129,375,0,4
2024-08-14 14:32:01,1/51,868.0,-128,372,0,4
2024-08-14 14:32:52,1/100,868.0,-128,376,0,4
2024-08-14 14:41:12,1/100,868.0,-128,372,0,4
2024-08-14 15:11:11,2/20,868.0,-129,369,0,4
2024-08-14 15:19:31,2/20,868.0,-128,368,0,4
2024-08-14 15:20:21,2/51,868.0,-127,368,0,4
2024-08-14 15:21:13,2/100,868.0,-125,371,0,4
2024-08-14 15:59:32,3/20,868.0,-129,367,0,4
2024-08-14 16:00:22,3/51,868.0,-128,352,0,4
2024-08-14 16:31:12,4/20,868.0,-124,357,0,4
2024-08-14 16:32:03,4/51,868.0,-123,357,0,4
2024-08-14 16:32:54,4/100,868.0,-124,359,0,4
2024-08-14 16:39:32,4/20,868.0,-122,359,0,4
2024-08-14 16:40:23,4/51,868.0,-123,359,0,4
2024-08-14 17:11:13,5/20,868.0,-125,362,0,4
2024-08-14 17:12:55,5/100,868.0,-125,355,0,4
2024-08-14 17:20:24,5/51,868.0,-130,365,0,4
2024-08-14 17:52:04,6/51,868.0,-128,368,0,4
2024-08-14 17:52:56,6/100,868.0,-129,371,0,4
2024-08-14 18:00:25,6/51,868.0,-122,366,0,4
2024-08-14 18:39:35,7/20,868.0,-130,363,0,4
2024-08-14 19:52:07,9/51,868.0,-129,352,0,4
2024-08-14 19:59:36,9/20,868.0,-130,349,0,4
2024-08-14 20:00:27,9/51,868.0,-126,342,0,4
2024-08-14 20:01:18,9/100,868.0,-129,349,0,4
2024-08-14 20:32:07,10/51,868.0,-133,345,0,4
2024-08-14 20:39:37,10/20,868.0,-130,347,0,4
2024-08-14 20:40:28,10/51,868.0,-134,341,0,4
2024-08-14 21:12:59,11/100,868.0,-124,343,0,4
2024-08-14 21:19:38,11/20,868.0,-124,345,0,4
2024-08-14 21:51:18,12/20,868.0,-120,346,0,4
2024-08-14 21:52:09,12/51,868.0,-123,344,0,4
2024-08-14 21:59:39,12/20,868.0,-118,350,0,4
2024-08-14 22:00:29,12/51,868.0,-122,350,0,4
2024-08-14 22:31:19,13/20,868.0,-123,358,0,4
2024-08-14 22:33:01,13/100,868.0,-126,358,0,4
2024-08-14 22:39:39,13/20,868.0,-121,361,0,4
2024-08-14 22:40:30,13/51,868.0,-122,360,0,4
2024-08-14 22:41:21,13/100,868.0,-120,360,0,4
2024-08-14 23:12:11,14/51,868.0,-125,351,0,4
2024-08-14 23:13:02,14/100,868.0,-122,355,0,4
2024-08-14 23:19:40,14/20,868.0,-123,356,0,4
2024-08-14 23:20:31,14/51,868.0,-124,349,0,4
2024-08-14 23:21:22,14/100,868.0,-122,355,0,4
2024-08-14 23:51:21,15/20,868.0,-131,356,0,4
2024-08-14 23:52:11,15/51,868.0,-125,357,0,4
2024-08-15 00:00:32,15/51,868.0,-130,355,0,4
2024-08-15 00:01:23,15/100,868.0,-128,328,0,4
2024-08-15 00:41:23,16/100,868.0,-130,347,0,4
2024-08-15 01:13:04,17/100,868.0,-131,350,0,4
2024-08-15 01:19:43,17/20,868.0,-132,353,0,4
2024-08-15 01:21:24,17/100,868.0,-130,344,0,4
2024-08-15 01:52:14,18/51,868.0,-130,340,0,4
2024-08-15 01:59:43,18/20,868.0,-128,342,0,4
2024-08-15 02:01:25,18/100,868.0,-128,342,0,4
2024-08-15 02:31:24,19/20,868.0,-132,341,0,4
2024-08-15 02:32:15,19/51,868.0,-125,343,0,4
2024-08-15 03:19:45,20/20,868.0,-131,344,0,4
2024-08-15 03:21:27,20/100,868.0,-130,345,0,4
2024-08-15 05:52:18,24/51,868.0,-135,334,0,4
2024-08-15 06:31:28,25/20,868.0,-127,338,0,4
2024-08-15 06:32:19,25/51,868.0,-128,336,0,4
2024-08-15 06:33:10,25/100,868.0,-128,339,0,4
2024-08-15 06:39:48,25/20,868.0,-127,336,0,4
2024-08-15 06:40:39,25/51,868.0,-128,336,0,4
2024-08-15 06:41:30,25/100,868.0,-129,345,0,4
2024-08-15 07:11:29,26/20,868.0,-126,332,0,4
2024-08-15 07:12:20,26/51,868.0,-126,330,0,4
2024-08-15 07:13:11,26/100,868.0,-125,333,0,4
2024-08-15 07:19:49,26/20,868.0,-127,334,0,4
2024-08-15 07:20:40,26/51,868.0,-127,329,0,4
2024-08-15 07:51:30,27/20,868.0,-124,326,0,4
2024-08-15 07:52:20,27/51,868.0,-128,331,0,4
2024-08-15 07:53:12,27/100,868.0,-123,327,0,4
2024-08-15 08:00:41,27/51,868.0,-126,332,0,4
2024-08-15 08:01:32,27/100,868.0,-126,331,0,4
2024-08-15 08:31:31,28/20,868.0,-125,330,0,4
2024-08-15 08:32:21,28/51,868.0,-121,325,0,4
2024-08-15 08:39:51,28/20,868.0,-128,331,0,4
2024-08-15 08:40:42,28/51,868.0,-127,328,0,4
2024-08-15 08:41:32,28/100,868.0,-127,333,0,4
2024-08-15 09:11:31,29/20,868.0,-120,329,0,4
2024-08-15 09:12:22,29/51,868.0,-120,324,0,4
2024-08-15 09:13:13,29/100,868.0,-120,326,0,4
2024-08-15 09:19:52,29/20,868.0,-120,329,0,4
2024-08-15 09:20:42,29/51,868.0,-121,325,0,4
2024-08-15 09:21:33,29/100,868.0,-120,324,0,4
2024-08-15 09:51:32,30/20,868.0,-121,325,0,4
2024-08-15 09:52:23,30/51,868.0,-120,332,0,4
2024-08-15 09:53:14,30/100,868.0,-120,330,0,4
2024-08-15 09:59:52,30/20,868.0,-120,331,0,4
2024-08-15 10:00:43,30/51,868.0,-118,331,0,4
2024-08-15 10:01:34,30/100,868.0,-120,326,0,4
2024-08-15 10:31:33,31/20,868.0,-119,328,0,4
2024-08-15 10:32:24,31/51,868.0,-123,324,0,4
2024-08-15 10:33:15,31/100,868.0,-120,324,0,4
2024-08-15 10:39:53,31/20,868.0,-120,323,0,4
2024-08-15 10:40:44,31/51,868.0,-123,327,0,4
2024-08-15 10:41:35,31/100,868.0,-120,327,0,4
2024-08-15 11:11:34,32/20,868.0,-120,323,0,4
2024-08-15 11:19:54,32/20,868.0,-121,331,0,4
2024-08-15 11:21:36,32/100,868.0,-121,328,0,4
2024-08-15 11:51:34,33/20,868.0,-123,332,0,4
2024-08-15 11:52:25,33/51,868.0,-121,336,0,4
2024-08-15 12:01:36,33/100,868.0,-128,342,0,4
2024-08-15 12:31:35,34/20,868.0,-131,356,0,4
2024-08-15 12:33:17,34/100,868.0,-127,357,0,4
2024-08-15 12:39:55,34/20,868.0,-128,357,0,4
2024-08-15 13:11:36,35/20,868.0,-128,370,0,4
2024-08-15 13:12:27,35/51,868.0,-126,369,0,4
2024-08-15 13:19:56,35/20,868.0,-128,367,0,4
2024-08-15 13:20:47,35/51,868.0,-127,372,0,4
2024-08-15 13:51:37,36/20,868.0,-128,375,0,4
2024-08-15 13:53:18,36/100,868.0,-126,377,0,4
2024-08-15 13:59:57,36/20,868.0,-124,379,0,4
2024-08-15 14:00:48,36/51,868.0,-130,381,0,4
2024-08-15 14:01:39,36/100,868.0,-125,377,0,4
2024-08-15 14:31:38,37/20,868.0,-120,378,0,4
2024-08-15 14:32:28,37/51,868.0,-125,385,0,4
2024-08-15 14:33:19,37/100,868.0,-122,379,0,4
2024-08-15 14:39:58,37/20,868.0,-120,383,0,4
2024-08-15 14:40:48,37/51,868.0,-121,381,0,4
2024-08-15 14:41:40,37/100,868.0,-121,380,0,4
2024-08-15 15:11:38,38/20,868.0,-130,380,0,4
2024-08-15 15:19:59,38/20,868.0,-129,391,0,4
2024-08-15 15:20:49,38/51,868.0,-123,381,0,4
2024-08-15 15:21:40,38/100,868.0,-127,382,0,4
2024-08-15 15:51:39,39/20,868.0,-125,387,0,4
2024-08-15 15:52:30,39/51,868.0,-134,388,0,4
2024-08-15 15:53:21,39/100,868.0,-124,385,0,4
2024-08-15 15:59:59,39/20,868.0,-121,383,0,4
2024-08-15 16:00:50,39/51,868.0,-122,382,0,4
2024-08-15 16:01:41,39/100,868.0,-120,384,0,4
2024-08-15 16:31:40,40/20,868.0,-122,383,0,4
2024-08-15 16:33:22,40/100,868.0,-122,386,0,4
2024-08-15 16:40:00,40/20,868.0,-125,386,0,4
2024-08-15 16:40:51,40/51,868.0,-125,385,0,4
2024-08-15 16:41:42,40/100,868.0,-125,386,0,4
2024-08-15 17:11:41,41/20,868.0,-126,390,0,4
2024-08-15 17:12:31,41/51,868.0,-123,381,0,4
2024-08-15 17:20:01,41/20,868.0,-121,383,0,4
2024-08-15 17:20:51,41/51,868.0,-125,386,0,4
2024-08-15 17:21:43,41/100,868.0,-121,386,0,4
2024-08-15 17:51:42,42/20,868.0,-124,386,0,4
2024-08-15 17:52:32,42/51,868.0,-124,387,0,4
2024-08-15 17:53:23,42/100,868.0,-121,388,0,4
2024-08-15 18:00:02,42/20,868.0,-120,387,0,4
2024-08-15 18:00:52,42/51,868.0,-121,384,0,4
2024-08-15 18:01:44,42/100,868.0,-123,384,0,4
2024-08-15 18:31:42,43/20,868.0,-125,389,0,4
2024-08-15 18:32:33,43/51,868.0,-127,392,0,4
2024-08-15 18:33:24,43/100,868.0,-124,384,0,4
2024-08-15 18:40:02,43/20,868.0,-129,391,0,4
2024-08-15 18:40:53,43/51,868.0,-123,389,0,4
2024-08-15 18:41:44,43/100,868.0,-122,385,0,4
2024-08-15 19:12:34,44/51,868.0,-129,382,0,4
2024-08-15 19:13:25,44/100,868.0,-123,385,0,4
2024-08-15 19:20:03,44/20,868.0,-125,383,0,4
2024-08-15 19:21:45,44/100,868.0,-122,384,0,4
2024-08-15 19:51:44,45/20,868.0,-124,381,0,4
2024-08-15 19:52:34,45/51,868.0,-123,376,0,4
2024-08-15 19:53:26,45/100,868.0,-126,377,0,4
2024-08-15 20:00:04,45/20,868.0,-126,375,0,4
2024-08-15 20:00:55,45/51,868.0,-124,375,0,4
2024-08-15 20:01:46,45/100,868.0,-123,377,0,4
2024-08-15 20:32:35,46/51,868.0,-130,365,0,4
2024-08-15 20:33:26,46/100,868.0,-132,369,0,4
2024-08-15 23:53:30,51/100,868.0,-127,337,0,4
2024-08-16 00:00:09,51/20,868.0,-134,338,0,4
2024-08-16 00:01:50,51/100,868.0,-130,345,0,4
2024-08-16 00:40:09,52/20,868.0,-132,344,0,4
2024-08-16 00:41:51,52/100,868.0,-131,344,0,4
2024-08-16 01:12:41,53/51,868.0,-125,341,0,4
2024-08-16 01:21:01,53/51,868.0,-126,345,0,4
2024-08-16 01:52:41,54/51,868.0,-132,346,0,4
2024-08-16 02:33:33,55/100,868.0,-130,344,0,4
2024-08-16 02:40:12,55/20,868.0,-131,346,0,4
2024-08-16 02:41:02,55/51,868.0,-130,339,0,4
2024-08-16 03:11:52,56/20,868.0,-128,342,0,4
2024-08-16 03:20:12,56/20,868.0,-125,337,0,4
2024-08-16 03:21:54,56/100,868.0,-131,349,0,4
2024-08-16 03:51:53,57/20,868.0,-129,340,0,4
2024-08-16 03:53:35,57/100,868.0,-129,347,0,4
2024-08-16 04:00:13,57/20,868.0,-130,350,0,4
2024-08-16 04:33:35,58/100,868.0,-132,349,0,4
2024-08-16 04:41:05,58/51,868.0,-132,345,0,4
2024-08-16 04:41:56,58/100,868.0,-130,349,0,4
2024-08-16 05:11:55,59/20,868.0,-128,344,0,4
2024-08-16 05:12:45,59/51,868.0,-129,342,0,4
2024-08-16 05:13:36,59/100,868.0,-128,343,0,4
2024-08-16 05:20:15,59/20,868.0,-128,340,0,4
2024-08-16 05:21:05,59/51,868.0,-126,337,0,4
2024-08-16 05:21:57,59/100,868.0,-126,337,0,4
2024-08-16 05:51:55,60/20,868.0,-126,343,0,4
2024-08-16 05:53:37,60/100,868.0,-126,342,0,4
2024-08-16 06:00:15,60/20,868.0,-129,344,0,4
2024-08-16 06:01:06,60/51,868.0,-128,335,0,4
2024-08-16 06:01:57,60/100,868.0,-130,339,0,4
2024-08-16 06:31:56,61/20,868.0,-129,342,0,4
2024-08-16 06:40:16,61/20,868.0,-125,343,0,4
2024-08-16 06:41:07,61/51,868.0,-128,344,0,4
2024-08-16 06:41:58,61/100,868.0,-131,349,0,4
2024-08-16 07:11:57,62/20,868.0,-126,340,0,4
2024-08-16 07:12:47,62/51,868.0,-125,344,0,4
2024-08-16 07:13:39,62/100,868.0,-127,343,0,4
2024-08-16 07:20:17,62/20,868.0,-128,345,0,4
2024-08-16 07:21:08,62/51,868.0,-126,340,0,4
2024-08-16 07:21:59,62/100,868.0,-127,340,0,4
2024-08-16 07:51:58,63/20,868.0,-130,350,0,4
2024-08-16 07:52:48,63/51,868.0,-130,348,0,4
2024-08-16 08:31:58,64/20,868.0,-126,341,0,4
2024-08-16 08:40:18,64/20,868.0,-123,335,0,4
2024-08-16 08:41:09,64/51,868.0,-126,338,0,4
2024-08-16 08:42:00,64/100,868.0,-128,337,0,4
2024-08-16 09:11:59,65/20,868.0,-126,337,0,4
2024-08-16 09:13:41,65/100,868.0,-127,331,0,4
2024-08-16 09:21:10,65/51,868.0,-127,335,0,4
2024-08-16 09:22:01,65/100,868.0,-128,338,0,4
2024-08-16 09:52:00,66/20,868.0,-125,330,0,4
2024-08-16 09:52:51,66/51,868.0,-125,341,0,4
2024-08-16 09:53:42,66/100,868.0,-126,333,0,4
2024-08-16 10:00:20,66/20,868.0,-129,339,0,4
2024-08-16 10:01:11,66/51,868.0,-129,332,0,4
2024-08-16 10:02:02,66/100,868.0,-131,343,0,4
2024-08-16 10:32:01,67/20,868.0,-122,337,0,4
2024-08-16 10:40:21,67/20,868.0,-132,340,0,4
2024-08-16 10:42:02,67/100,868.0,-134,353,0,4
2024-08-16 11:20:21,68/20,868.0,-125,350,0,4
2024-08-16 11:52:02,69/20,868.0,-134,366,0,4
2024-08-16 11:53:44,69/100,868.0,-129,364,0,4
2024-08-16 12:00:22,69/20,868.0,-137,376,0,4
2024-08-16 12:32:03,70/20,868.0,-123,380,0,4
2024-08-16 12:32:54,70/51,868.0,-127,386,0,4
2024-08-16 12:40:23,70/20,868.0,-122,383,0,4
2024-08-16 12:42:05,70/100,868.0,-123,381,0,4
2024-08-16 13:12:04,71/20,868.0,-122,386,0,4
2024-08-16 13:12:54,71/51,868.0,-127,386,0,4
2024-08-16 13:20:24,71/20,868.0,-127,388,0,4
2024-08-16 13:21:15,71/51,868.0,-125,388,0,4
2024-08-16 13:52:04,72/20,868.0,-127,386,0,4
2024-08-16 13:52:55,72/51,868.0,-129,385,0,4
2024-08-16 13:53:46,72/100,868.0,-132,388,0,4
2024-08-16 14:32:05,73/20,868.0,-132,387,0,4
2024-08-16 14:33:47,73/100,868.0,-129,390,0,4
2024-08-16 14:40:25,73/20,868.0,-128,389,0,4
2024-08-16 14:42:07,73/100,868.0,-130,388,0,4
2024-08-16 15:20:26,74/20,868.0,-130,389,0,4
2024-08-16 15:22:08,74/100,868.0,-126,384,0,4
2024-08-16 15:52:07,75/20,868.0,-125,386,0,4
2024-08-16 16:00:27,75/20,868.0,-126,383,0,4
2024-08-16 16:01:18,75/51,868.0,-127,383,0,4
2024-08-16 16:02:09,75/100,868.0,-125,387,0,4
2024-08-16 16:32:08,76/20,868.0,-129,388,0,4
2024-08-16 16:32:58,76/51,868.0,-134,395,0,4
2024-08-16 16:40:28,76/20,868.0,-127,389,0,4
2024-08-16 16:41:18,76/51,868.0,-124,383,0,4
2024-08-16 17:12:08,77/20,868.0,-124,387,0,4
2024-08-16 17:13:50,77/100,868.0,-121,393,0,4
2024-08-16 17:52:09,78/20,868.0,-127,393,0,4
2024-08-16 17:53:00,78/51,868.0,-129,390,0,4
2024-08-16 18:00:29,78/20,868.0,-128,390,0,4
2024-08-16 18:01:20,78/51,868.0,-128,391,0,4
2024-08-16 18:02:11,78/100,868.0,-127,396,0,4
2024-08-16 18:32:10,79/20,868.0,-129,391,0,4
2024-08-16 18:33:01,79/51,868.0,-131,397,0,4
2024-08-16 18:33:52,79/100,868.0,-130,396,0,4
2024-08-16 18:41:21,79/51,868.0,-128,397,0,4
2024-08-16 18:42:12,79/100,868.0,-136,396,0,4
2024-08-16 19:20:31,80/20,868.0,-124,397,0,4
2024-08-16 19:21:21,80/51,868.0,-124,393,0,4
2024-08-16 19:22:13,80/100,868.0,-127,393,0,4
2024-08-16 19:52:12,81/20,868.0,-124,396,0,4
2024-08-16 19:53:02,81/51,868.0,-121,399,0,4
2024-08-16 19:53:53,81/100,868.0,-123,395,0,4
2024-08-16 20:00:32,81/20,868.0,-127,397,0,4
2024-08-16 20:01:22,81/51,868.0,-123,398,0,4
2024-08-16 20:02:14,81/100,868.0,-128,396,0,4
2024-08-16 20:32:12,82/20,868.0,-128,391,0,4
2024-08-16 20:33:03,82/51,868.0,-126,387,0,4
2024-08-16 20:33:54,82/100,868.0,-127,386,0,4
2024-08-16 20:40:32,82/20,868.0,-127,386,0,4
2024-08-16 20:42:14,82/100,868.0,-126,381,0,4
2024-08-16 21:12:13,83/20,868.0,-126,373,0,4
2024-08-16 21:13:03,83/51,868.0,-125,376,0,4
2024-08-16 21:20:33,83/20,868.0,-126,377,0,4
2024-08-16 21:21:24,83/51,868.0,-126,370,0,4
2024-08-16 21:52:14,84/20,868.0,-130,368,0,4
2024-08-16 21:53:04,84/51,868.0,-129,372,0,4
2024-08-16 21:53:56,84/100,868.0,-130,369,0,4
2024-08-16 22:00:34,84/20,868.0,-125,367,0,4
2024-08-16 22:01:25,84/51,868.0,-123,377,0,4
2024-08-16 22:02:16,84/100,868.0,-124,369,0,4
2024-08-16 22:32:14,85/20,868.0,-125,360,0,4
2024-08-16 22:33:05,85/51,868.0,-126,364,0,4
2024-08-16 22:33:56,85/100,868.0,-126,361,0,4
2024-08-16 22:40:34,85/20,868.0,-125,363,0,4
2024-08-16 22:41:25,85/51,868.0,-123,356,0,4
2024-08-16 22:42:16,85/100,868.0,-125,362,0,4
2024-08-16 23:12:15,86/20,868.0,-124,354,0,4
2024-08-16 23:13:06,86/51,868.0,-123,356,0,4
2024-08-16 23:13:57,86/100,868.0,-124,357,0,4
2024-08-16 23:20:35,86/20,868.0,-123,355,0,4
2024-08-16 23:21:26,86/51,868.0,-125,352,0,4
2024-08-16 23:22:17,86/100,868.0,-125,352,0,4
2024-08-16 23:52:16,87/20,868.0,-124,352,0,4
2024-08-16 23:53:07,87/51,868.0,-123,347,0,4
2024-08-16 23:53:58,87/100,868.0,-124,348,0,4
2024-08-17 00:00:36,87/20,868.0,-124,353,0,4
2024-08-17 00:01:27,87/51,868.0,-124,345,0,4
2024-08-17 00:02:18,87/100,868.0,-124,353,0,4
2024-08-17 00:32:17,88/20,868.0,-129,350,0,4
2024-08-17 00:33:07,88/51,868.0,-130,349,0,4
2024-08-17 00:33:59,88/100,868.0,-135,380,0,4
2024-08-17 00:40:37,88/20,868.0,-127,358,0,4
2024-08-17 00:41:28,88/51,868.0,-127,345,0,4
2024-08-17 00:42:19,88/100,868.0,-126,347,0,4
2024-08-17 01:12:17,89/20,868.0,-125,342,0,4
2024-08-17 01:13:08,89/51,868.0,-124,344,0,4
2024-08-17 01:21:29,89/51,868.0,-129,352,0,4
2024-08-17 01:22:19,89/100,868.0,-128,345,0,4
2024-08-17 01:52:18,90/20,868.0,-130,352,0,4
2024-08-17 01:53:09,90/51,868.0,-130,348,0,4
2024-08-17 02:33:10,91/51,868.0,-134,353,0,4
2024-08-17 02:40:39,91/20,868.0,-130,346,0,4
2024-08-17 02:41:30,91/51,868.0,-130,355,0,4
2024-08-17 02:42:21,91/100,868.0,-130,349,0,4
2024-08-17 03:12:20,92/20,868.0,-125,342,0,4
2024-08-17 03:13:11,92/51,868.0,-125,348,0,4
2024-08-17 03:14:01,92/100,868.0,-125,345,0,4
2024-08-17 03:20:40,92/20,868.0,-126,345,0,4
2024-08-17 03:21:31,92/51,868.0,-125,342,0,4
2024-08-17 03:22:22,92/100,868.0,-126,339,0,4
2024-08-17 03:52:21,93/20,868.0,-126,343,0,4
2024-08-17 03:54:02,93/100,868.0,-126,346,0,4
2024-08-17 04:00:41,93/20,868.0,-126,342,0,4
2024-08-17 04:01:32,93/51,868.0,-126,348,0,4
2024-08-17 04:32:21,94/20,868.0,-129,346,0,4
2024-08-17 04:41:32,94/51,868.0,-129,349,0,4
2024-08-17 05:12:22,95/20,868.0,-130,348,0,4
2024-08-17 05:20:42,95/20,868.0,-130,346,0,4
2024-08-17 05:21:33,95/51,868.0,-131,346,0,4
2024-08-17 05:22:24,95/100,868.0,-129,345,0,4
2024-08-17 05:52:23,96/20,868.0,-127,346,0,4
2024-08-17 05:53:14,96/51,868.0,-126,358,0,4
2024-08-17 06:00:43,96/20,868.0,-127,348,0,4
2024-08-17 06:02:25,96/100,868.0,-126,349,0,4
2024-08-17 06:32:24,97/20,868.0,-127,346,0,4
2024-08-17 06:34:05,97/100,868.0,-126,346,0,4
2024-08-17 06:41:34,97/51,868.0,-125,346,0,4
2024-08-17 06:42:26,97/100,868.0,-127,345,0,4
2024-08-17 07:12:24,98/20,868.0,-126,344,0,4
2024-08-17 07:13:15,98/51,868.0,-127,346,0,4
2024-08-17 07:14:06,98/100,868.0,-126,345,0,4
2024-08-17 07:20:45,98/20,868.0,-127,341,0,4
2024-08-17 07:22:27,98/100,868.0,-127,342,0,4
2024-08-17 07:52:25,99/20,868.0,-128,343,0,4
2024-08-17 07:53:16,99/51,868.0,-128,344,0,4
2024-08-17 07:54:07,99/100,868.0,-128,343,0,4
2024-08-17 08:00:45,99/20,868.0,-128,340,0,4
2024-08-17 08:01:36,99/51,868.0,-128,342,0,4
2024-08-17 08:02:27,99/100,868.0,-128,340,0,4
2024-08-17 08:32:26,100/20,868.0,-129,342,0,4
2024-08-17 08:33:17,100/51,868.0,-128,347,0,4
2024-08-17 08:34:08,100/100,868.0,-127,339,0,4
2024-08-17 08:41:37,100/51,868.0,-126,343,0,4
2024-08-17 08:42:28,100/100,868.0,-128,344,0,4
2024-08-17 09:12:27,101/20,868.0,-123,339,0,4
2024-08-17 09:13:17,101/51,868.0,-123,340,0,4
2024-08-17 09:14:09,101/100,868.0,-125,341,0,4
2024-08-17 09:20:47,101/20,868.0,-121,340,0,4
2024-08-17 09:21:37,101/51,868.0,-121,339,0,4
2024-08-17 09:22:29,101/100,868.0,-120,339,0,4
2024-08-17 09:52:28,102/20,868.0,-124,339,0,4
2024-08-17 09:53:18,102/51,868.0,-122,338,0,4
2024-08-17 09:54:09,102/100,868.0,-122,344,0,4
2024-08-17 10:01:38,102/51,868.0,-123,344,0,4
2024-08-17 10:02:30,102/100,868.0,-122,341,0,4
2024-08-17 10:32:28,103/20,868.0,-123,346,0,4
2024-08-17 10:33:19,103/51,868.0,-123,343,0,4
2024-08-17 10:34:10,103/100,868.0,-122,347,0,4
2024-08-17 10:40:48,103/20,868.0,-125,351,0,4
2024-08-17 10:41:39,103/51,868.0,-123,346,0,4
2024-08-17 10:42:30,103/100,868.0,-120,351,0,4
2024-08-17 11:12:29,104/20,868.0,-122,361,0,4
2024-08-17 11:13:20,104/51,868.0,-123,367,0,4
2024-08-17 11:20:49,104/20,868.0,-120,365,0,4
2024-08-17 11:21:40,104/51,868.0,-120,369,0,4
2024-08-17 11:22:31,104/100,868.0,-122,368,0,4
2024-08-17 11:52:30,105/20,868.0,-120,376,0,4
2024-08-17 11:53:20,105/51,868.0,-121,380,0,4
2024-08-17 11:54:12,105/100,868.0,-120,382,0,4
2024-08-17 12:00:50,105/20,868.0,-122,380,0,4
2024-08-17 12:01:41,105/51,868.0,-120,382,0,4
2024-08-17 12:02:32,105/100,868.0,-121,380,0,4
2024-08-17 12:32:30,106/20,868.0,-120,385,0,4
2024-08-17 12:33:21,106/51,868.0,-121,389,0,4
2024-08-17 12:34:13,106/100,868.0,-119,384,0,4
2024-08-17 12:40:51,106/20,868.0,-121,387,0,4
2024-08-17 12:41:41,106/51,868.0,-120,389,0,4
2024-08-17 12:42:32,106/100,868.0,-120,390,0,4
2024-08-17 13:12:31,107/20,868.0,-120,385,0,4
2024-08-17 13:13:22,107/51,868.0,-121,389,0,4
2024-08-17 13:14:13,107/100,868.0,-121,385,0,4
2024-08-17 13:20:51,107/20,868.0,-122,389,0,4
2024-08-17 13:21:42,107/51,868.0,-120,389,0,4
2024-08-17 13:22:33,107/100,868.0,-120,385,0,4
2024-08-17 13:52:32,108/20,868.0,-124,389,0,4
2024-08-17 13:53:23,108/51,868.0,-125,385,0,4
2024-08-17 13:54:14,108/100,868.0,-124,393,0,4
2024-08-17 14:00:52,108/20,868.0,-117,389,0,4
2024-08-17 14:01:43,108/51,868.0,-118,390,0,4
2024-08-17 14:02:34,108/100,868.0,-117,390,0,4
2024-08-17 14:32:33,109/20,868.0,-117,391,0,4
2024-08-17 14:33:24,109/51,868.0,-117,389,0,4
2024-08-17 14:34:15,109/100,868.0,-117,390,0,4
2024-08-17 14:40:53,109/20,868.0,-118,388,0,4
2024-08-17 14:41:44,109/51,868.0,-120,390,0,4
2024-08-17 14:42:35,109/100,868.0,-120,390,0,4
2024-08-17 15:12:33,110/20,868.0,-120,393,0,4
2024-08-17 15:13:24,110/51,868.0,-118,390,0,4
2024-08-17 15:14:16,110/100,868.0,-120,395,0,4
2024-08-17 15:20:54,110/20,868.0,-120,392,0,4
2024-08-17 15:21:45,110/51,868.0,-122,389,0,4
2024-08-17 15:52:34,111/20,868.0,-120,388,0,4
2024-08-17 15:53:25,111/51,868.0,-120,388,0,4
2024-08-17 15:54:16,111/100,868.0,-120,391,0,4
2024-08-17 16:00:55,111/20,868.0,-119,390,0,4
2024-08-17 16:01:45,111/51,868.0,-123,389,0,4
2024-08-17 16:32:35,112/20,868.0,-123,389,0,4
2024-08-17 16:33:26,112/51,868.0,-121,391,0,4
2024-08-17 16:34:17,112/100,868.0,-120,390,0,4
2024-08-17 16:40:55,112/20,868.0,-121,385,0,4
2024-08-17 16:41:46,112/51,868.0,-120,385,0,4
2024-08-17 16:42:37,112/100,868.0,-123,385,0,4
2024-08-17 17:12:36,113/20,868.0,-121,374,0,4
2024-08-17 17:13:27,113/51,868.0,-124,373,0,4
2024-08-17 17:14:18,113/100,868.0,-124,374,0,4
2024-08-17 17:20:56,113/20,868.0,-122,371,0,4
2024-08-17 17:21:47,113/51,868.0,-120,365,0,4
2024-08-17 17:22:38,113/100,868.0,-124,370,0,4
2024-08-17 17:52:37,114/20,868.0,-131,362,0,4
2024-08-17 17:53:27,114/51,868.0,-130,360,0,4
2024-08-17 18:01:48,114/51,868.0,-135,360,0,4
2024-08-17 18:32:37,115/20,868.0,-124,356,0,4
2024-08-17 18:33:28,115/51,868.0,-121,352,0,4
2024-08-17 18:34:19,115/100,868.0,-122,357,0,4
2024-08-17 18:40:58,115/20,868.0,-123,356,0,4
2024-08-17 18:41:48,115/51,868.0,-119,356,0,4
2024-08-17 18:42:39,115/100,868.0,-121,357,0,4
2024-08-17 19:12:38,116/20,868.0,-125,367,0,4
2024-08-17 19:13:29,116/51,868.0,-125,369,0,4
2024-08-17 19:14:20,116/100,868.0,-124,371,0,4
2024-08-17 19:20:59,116/20,868.0,-124,372,0,4
2024-08-17 19:21:49,116/51,868.0,-124,367,0,4
2024-08-17 19:52:39,117/20,868.0,-124,361,0,4
2024-08-17 19:53:30,117/51,868.0,-125,362,0,4
2024-08-17 19:54:21,117/100,868.0,-126,356,0,4
2024-08-17 20:00:59,117/20,868.0,-126,359,0,4
2024-08-17 20:01:50,117/51,868.0,-124,354,0,4
2024-08-17 20:02:41,117/100,868.0,-124,357,0,4
2024-08-17 20:32:40,118/20,868.0,-125,350,0,4
2024-08-17 20:33:31,118/51,868.0,-125,347,0,4
2024-08-17 20:34:22,118/100,868.0,-128,349,0,4
2024-08-17 20:41:00,118/20,868.0,-130,349,0,4
2024-08-17 20:41:51,118/51,868.0,-129,346,0,4
2024-08-17 20:42:42,118/100,868.0,-128,345,0,4
2024-08-17 21:12:41,119/20,868.0,-123,350,0,4
2024-08-17 21:13:31,119/51,868.0,-126,352,0,4
2024-08-17 21:21:01,119/20,868.0,-124,346,0,4
2024-08-17 21:21:51,119/51,868.0,-124,347,0,4
2024-08-17 21:22:43,119/100,868.0,-125,350,0,4
2024-08-17 21:52:41,120/20,868.0,-120,345,0,4
2024-08-17 21:54:23,120/100,868.0,-120,344,0,4
2024-08-17 22:01:02,120/20,868.0,-121,340,0,4
2024-08-17 22:01:52,120/51,868.0,-120,338,0,4
2024-08-17 22:02:43,120/100,868.0,-121,343,0,4
2024-08-17 22:32:42,121/20,868.0,-120,342,0,4
2024-08-17 22:33:33,121/51,868.0,-120,340,0,4
2024-08-17 22:34:24,121/100,868.0,-120,346,0,4
2024-08-17 22:41:02,121/20,868.0,-126,347,0,4
2024-08-17 22:41:53,121/51,868.0,-127,348,0,4
2024-08-17 22:42:44,121/100,868.0,-122,341,0,4
2024-08-17 23:12:43,122/20,868.0,-124,341,0,4
2024-08-17 23:13:33,122/51,868.0,-125,344,0,4
2024-08-17 23:21:03,122/20,868.0,-123,343,0,4
2024-08-17 23:21:54,122/51,868.0,-122,343,0,4
2024-08-17 23:22:45,122/100,868.0,-122,341,0,4
2024-08-17 23:52:44,123/20,868.0,-120,335,0,4
2024-08-17 23:53:34,123/51,868.0,-121,341,0,4
2024-08-17 23:54:25,123/100,868.0,-121,337,0,4
2024-08-18 00:01:04,123/20,868.0,-121,336,0,4
2024-08-18 00:01:54,123/51,868.0,-121,339,0,4
2024-08-18 00:02:46,123/100,868.0,-122,334,0,4
2024-08-18 00:32:45,124/20,868.0,-121,341,0,4
2024-08-18 00:33:35,124/51,868.0,-121,339,0,4
2024-08-18 00:34:26,124/100,868.0,-121,338,0,4
2024-08-18 00:41:04,124/20,868.0,-122,338,0,4
2024-08-18 00:41:55,124/51,868.0,-123,336,0,4
2024-08-18 00:42:46,124/100,868.0,-121,334,0,4
2024-08-18 01:12:45,125/20,868.0,-123,342,0,4
2024-08-18 01:13:36,125/51,868.0,-121,338,0,4
2024-08-18 01:14:27,125/100,868.0,-123,340,0,4
2024-08-18 01:21:05,125/20,868.0,-124,339,0,4
2024-08-18 01:21:56,125/51,868.0,-123,343,0,4
2024-08-18 01:22:47,125/100,868.0,-123,338,0,4
2024-08-18 01:52:46,126/20,868.0,-124,343,0,4
2024-08-18 01:53:36,126/51,868.0,-124,338,0,4
2024-08-18 01:54:28,126/100,868.0,-124,338,0,4
2024-08-18 02:01:06,126/20,868.0,-123,343,0,4
2024-08-18 02:01:57,126/51,868.0,-123,344,0,4
2024-08-18 02:02:48,126/100,868.0,-122,338,0,4
2024-08-18 02:32:47,127/20,868.0,-123,335,0,4
2024-08-18 02:33:37,127/51,868.0,-124,341,0,4
2024-08-18 02:34:29,127/100,868.0,-123,338,0,4
2024-08-18 02:41:07,127/20,868.0,-127,342,0,4
2024-08-18 02:41:58,127/51,868.0,-125,339,0,4
2024-08-18 02:42:48,127/100,868.0,-126,339,0,4
2024-08-18 03:12:47,128/20,868.0,-127,344,0,4
2024-08-18 03:21:08,128/20,868.0,-125,347,0,4
2024-08-18 03:21:58,128/51,868.0,-126,347,0,4
2024-08-18 03:22:49,128/100,868.0,-124,342,0,4
2024-08-18 03:52:48,129/20,868.0,-127,367,0,4
2024-08-18 03:53:39,129/51,868.0,-130,372,0,4
2024-08-18 03:54:30,129/100,868.0,-124,372,0,4
2024-08-18 04:01:08,129/20,868.0,-130,366,0,4
2024-08-18 04:01:59,129/51,868.0,-126,371,0,4
2024-08-18 04:02:50,129/100,868.0,-129,373,0,4
2024-08-18 04:32:49,130/20,868.0,-134,377,0,4
2024-08-18 04:41:09,130/20,868.0,-133,367,0,4
2024-08-18 04:42:00,130/51,868.0,-128,370,0,4
2024-08-18 05:52:50,132/20,868.0,-127,368,0,4
2024-08-18 05:53:41,132/51,868.0,-128,371,0,4
2024-08-18 05:54:32,132/100,868.0,-131,374,0,4
2024-08-18 06:01:11,132/20,868.0,-127,364,0,4
2024-08-18 06:02:02,132/51,868.0,-128,370,0,4
2024-08-18 06:02:52,132/100,868.0,-127,370,0,4
2024-08-18 06:32:51,133/20,868.0,-124,359,0,4
2024-08-18 06:33:42,133/51,868.0,-123,361,0,4
2024-08-18 06:34:33,133/100,868.0,-123,358,0,4
2024-08-18 06:41:11,133/20,868.0,-124,362,0,4
2024-08-18 06:42:02,133/51,868.0,-124,360,0,4
2024-08-18 06:42:53,133/100,868.0,-124,360,0,4
2024-08-18 07:12:52,134/20,868.0,-123,353,0,4
2024-08-18 07:13:43,134/51,868.0,-123,352,0,4
2024-08-18 07:14:34,134/100,868.0,-124,356,0,4
2024-08-18 07:22:03,134/51,868.0,-128,360,0,4
2024-08-18 07:22:54,134/100,868.0,-129,357,0,4
2024-08-18 07:52:53,135/20,868.0,-132,368,0,4
2024-08-18 07:53:44,135/51,868.0,-130,369,0,4
2024-08-18 08:01:13,135/20,868.0,-125,370,0,4
2024-08-18 08:02:04,135/51,868.0,-129,365,0,4
2024-08-18 08:32:54,136/20,868.0,-128,356,0,4
2024-08-18 08:33:44,136/51,868.0,-123,358,0,4
2024-08-18 08:41:14,136/20,868.0,-132,360,0,4
2024-08-18 08:42:56,136/100,868.0,-125,356,0,4
2024-08-18 09:12:54,137/20,868.0,-126,347,0,4
2024-08-18 09:21:15,137/20,868.0,-126,348,0,4
2024-08-18 09:22:05,137/51,868.0,-124,352,0,4
2024-08-18 09:52:55,138/20,868.0,-130,354,0,4
2024-08-18 09:53:46,138/51,868.0,-125,353,0,4
2024-08-18 10:01:15,138/20,868.0,-126,358,0,4
2024-08-18 10:32:56,139/20,868.0,-121,355,0,4
2024-08-18 10:34:38,139/100,868.0,-129,361,0,4
2024-08-18 10:41:16,139/20,868.0,-124,355,0,4
2024-08-18 10:42:07,139/51,868.0,-130,355,0,4
2024-08-18 11:13:47,140/51,868.0,-127,366,0,4
2024-08-18 11:14:38,140/100,868.0,-123,364,0,4
2024-08-18 11:21:17,140/20,868.0,-124,367,0,4
2024-08-18 11:22:07,140/51,868.0,-126,387,0,4
2024-08-18 11:22:59,140/100,868.0,-124,367,0,4
2024-08-18 11:53:48,141/51,868.0,-123,379,0,4
2024-08-18 11:54:39,141/100,868.0,-128,377,0,4
2024-08-18 12:01:18,141/20,868.0,-125,382,0,4
2024-08-18 12:02:08,141/51,868.0,-124,376,0,4
2024-08-18 12:03:00,141/100,868.0,-126,381,0,4
2024-08-18 12:32:58,142/20,868.0,-125,378,0,4
2024-08-18 12:33:49,142/51,868.0,-123,378,0,4
2024-08-18 12:34:40,142/100,868.0,-124,376,0,4
2024-08-18 12:41:18,142/20,868.0,-124,380,0,4
2024-08-18 12:42:09,142/51,868.0,-121,372,0,4
2024-08-18 12:43:00,142/100,868.0,-125,380,0,4
2024-08-18 13:12:59,143/20,868.0,-129,378,0,4
2024-08-18 13:13:49,143/51,868.0,-128,379,0,4
2024-08-18 13:14:41,143/100,868.0,-125,379,0,4
2024-08-18 13:21:19,143/20,868.0,-127,368,0,4
2024-08-18 13:23:01,143/100,868.0,-122,370,0,4
2024-08-18 13:53:00,144/20,868.0,-125,366,0,4
2024-08-18 13:53:50,144/51,868.0,-125,360,0,4
2024-08-18 13:54:42,144/100,868.0,-122,360,0,4
2024-08-18 14:01:20,144/20,868.0,-124,357,0,4
2024-08-18 14:02:10,144/51,868.0,-126,362,0,4
2024-08-18 14:03:02,144/100,868.0,-125,357,0,4
2024-08-18 14:33:01,145/20,868.0,-124,351,0,4
2024-08-18 14:33:51,145/51,868.0,-123,352,0,4
2024-08-18 14:34:42,145/100,868.0,-121,351,0,4
2024-08-18 14:41:20,145/20,868.0,-123,354,0,4
2024-08-18 14:42:11,145/51,868.0,-123,353,0,4
2024-08-18 14:43:03,145/100,868.0,-125,354,0,4
2024-08-18 15:13:01,146/20,868.0,-124,353,0,4
2024-08-18 15:14:43,146/100,868.0,-123,347,0,4
2024-08-18 15:21:21,146/20,868.0,-120,345,0,4
2024-08-18 15:22:12,146/51,868.0,-120,349,0,4
2024-08-18 15:23:03,146/100,868.0,-123,350,0,4
2024-08-18 15:53:02,147/20,868.0,-123,357,0,4
2024-08-18 15:53:53,147/51,868.0,-123,353,0,4
2024-08-18 15:54:44,147/100,868.0,-126,356,0,4
2024-08-18 16:01:22,147/20,868.0,-126,360,0,4
2024-08-18 16:02:13,147/51,868.0,-126,357,0,4
2024-08-18 16:03:04,147/100,868.0,-126,361,0,4
2024-08-18 16:33:03,148/20,868.0,-126,357,0,4
2024-08-18 16:33:53,148/51,868.0,-132,352,0,4
2024-08-18 16:34:45,148/100,868.0,-125,351,0,4
2024-08-18 16:42:14,148/51,868.0,-127,354,0,4
2024-08-18 16:43:05,148/100,868.0,-128,357,0,4
2024-08-18 17:13:03,149/20,868.0,-126,353,0,4
2024-08-18 17:13:54,149/51,868.0,-124,356,0,4
2024-08-18 17:14:45,149/100,868.0,-123,351,0,4
2024-08-18 17:21:24,149/20,868.0,-127,358,0,4
2024-08-18 17:22:14,149/51,868.0,-123,349,0,4
2024-08-18 17:23:05,149/100,868.0,-121,352,0,4
2024-08-18 17:53:04,150/20,868.0,-124,351,0,4
2024-08-18 17:53:55,150/51,868.0,-119,354,0,4
2024-08-18 17:54:46,150/100,868.0,-123,354,0,4
2024-08-18 18:01:24,150/20,868.0,-128,353,0,4
2024-08-18 18:02:15,150/51,868.0,-124,350,0,4
2024-08-18 18:03:06,150/100,868.0,-122,351,0,4
2024-08-18 18:34:47,151/100,868.0,-123,361,0,4
2024-08-18 18:41:25,151/20,868.0,-123,357,0,4
2024-08-18 18:42:16,151/51,868.0,-126,361,0,4
2024-08-18 19:13:06,152/20,868.0,-129,363,0,4
2024-08-18 19:13:56,152/51,868.0,-121,358,0,4
2024-08-18 19:14:47,152/100,868.0,-119,359,0,4
2024-08-18 19:21:26,152/20,868.0,-130,366,0,4
2024-08-18 19:53:06,153/20,868.0,-121,366,0,4
2024-08-18 19:53:57,153/51,868.0,-124,369,0,4
2024-08-18 19:54:48,153/100,868.0,-121,365,0,4
2024-08-18 20:01:27,153/20,868.0,-124,367,0,4
2024-08-18 20:02:18,153/51,868.0,-127,368,0,4
2024-08-18 20:33:07,154/20,868.0,-123,373,0,4
2024-08-18 20:33:58,154/51,868.0,-123,368,0,4
2024-08-18 20:34:49,154/100,868.0,-121,368,0,4
2024-08-18 20:41:28,154/20,868.0,-121,371,0,4
2024-08-18 20:42:18,154/51,868.0,-120,369,0,4
2024-08-18 20:43:09,154/100,868.0,-126,369,0,4
2024-08-18 21:13:08,155/20,868.0,-123,371,0,4
2024-08-18 21:13:59,155/51,868.0,-124,376,0,4
2024-08-18 21:21:28,155/20,868.0,-123,376,0,4
2024-08-18 21:22:19,155/51,868.0,-128,373,0,4
2024-08-18 21:23:10,155/100,868.0,-129,378,0,4
2024-08-18 21:54:00,156/51,868.0,-122,377,0,4
2024-08-18 22:01:29,156/20,868.0,-132,390,0,4
2024-08-18 22:02:20,156/51,868.0,-131,380,0,4
2024-08-18 22:34:00,157/51,868.0,-131,381,0,4
2024-08-18 22:34:51,157/100,868.0,-133,380,0,4
2024-08-18 22:41:30,157/20,868.0,-125,385,0,4
2024-08-18 22:42:21,157/51,868.0,-124,379,0,4
2024-08-18 22:43:12,157/100,868.0,-127,379,0,4
2024-08-18 23:13:10,158/20,868.0,-122,374,0,4
2024-08-18 23:14:01,158/51,868.0,-121,378,0,4
2024-08-18 23:14:52,158/100,868.0,-122,378,0,4
2024-08-18 23:21:31,158/20,868.0,-121,378,0,4
2024-08-18 23:22:21,158/51,868.0,-122,375,0,4
2024-08-18 23:23:12,158/100,868.0,-122,379,0,4
2024-08-18 23:53:11,159/20,868.0,-123,371,0,4
2024-08-18 23:54:02,159/51,868.0,-120,377,0,4
2024-08-19 00:01:31,159/20,868.0,-120,374,0,4
2024-08-19 00:02:22,159/51,868.0,-120,375,0,4
2024-08-19 00:03:13,159/100,868.0,-120,374,0,4
2024-08-19 00:33:12,160/20,868.0,-121,371,0,4
2024-08-19 00:34:54,160/100,868.0,-122,372,0,4
2024-08-19 00:42:23,160/51,868.0,-122,376,0,4
2024-08-19 00:43:14,160/100,868.0,-122,372,0,4
2024-08-19 01:13:13,161/20,868.0,-121,373,0,4
2024-08-19 01:14:03,161/51,868.0,-120,372,0,4
2024-08-19 01:14:54,161/100,868.0,-120,369,0,4
2024-08-19 01:21:33,161/20,868.0,-120,370,0,4
2024-08-19 01:22:23,161/51,868.0,-123,375,0,4
2024-08-19 01:23:15,161/100,868.0,-123,370,0,4
2024-08-19 01:53:14,162/20,868.0,-128,373,0,4
2024-08-19 01:54:55,162/100,868.0,-122,375,0,4
2024-08-19 02:01:34,162/20,868.0,-121,373,0,4
2024-08-19 02:34:56,163/100,868.0,-124,381,0,4
2024-08-19 02:41:34,163/20,868.0,-121,379,0,4
2024-08-19 02:42:25,163/51,868.0,-126,380,0,4
2024-08-19 02:43:16,163/100,868.0,-126,383,0,4
2024-08-19 03:13:15,164/20,868.0,-129,388,0,4
2024-08-19 03:14:06,164/51,868.0,-124,380,0,4
2024-08-19 03:14:57,164/100,868.0,-131,385,0,4
2024-08-19 03:21:35,164/20,868.0,-122,384,0,4
2024-08-19 03:22:26,164/51,868.0,-122,387,0,4
2024-08-19 03:23:17,164/100,868.0,-123,384,0,4
2024-08-19 03:53:16,165/20,868.0,-122,382,0,4
2024-08-19 03:54:06,165/51,868.0,-128,386,0,4
2024-08-19 03:54:58,165/100,868.0,-122,392,0,4
2024-08-19 04:01:36,165/20,868.0,-118,388,0,4
2024-08-19 04:02:27,165/51,868.0,-118,385,0,4
2024-08-19 04:03:18,165/100,868.0,-123,384,0,4
2024-08-19 04:33:17,166/20,868.0,-122,386,0,4
2024-08-19 04:34:07,166/51,868.0,-123,386,0,4
2024-08-19 04:34:58,166/100,868.0,-120,387,0,4
2024-08-19 04:41:36,166/20,868.0,-121,390,0,4
2024-08-19 04:42:27,166/51,868.0,-126,389,0,4
2024-08-19 04:43:18,166/100,868.0,-118,390,0,4
2024-08-19 05:13:17,167/20,868.0,-121,389,0,4
2024-08-19 05:14:08,167/51,868.0,-120,393,0,4
2024-08-19 05:14:59,167/100,868.0,-124,395,0,4
2024-08-19 05:21:37,167/20,868.0,-118,390,0,4
2024-08-19 05:22:28,167/51,868.0,-122,396,0,4
2024-08-19 05:53:18,168/20,868.0,-121,394,0,4
2024-08-19 05:54:09,168/51,868.0,-121,389,0,4
2024-08-19 05:55:00,168/100,868.0,-126,393,0,4
2024-08-19 06:01:38,168/20,868.0,-127,394,0,4
2024-08-19 06:02:29,168/51,868.0,-123,404,0,4
2024-08-19 06:34:09,169/51,868.0,-119,396,0,4
2024-08-19 06:35:01,169/100,868.0,-120,397,0,4
2024-08-19 06:41:39,169/20,868.0,-120,398,0,4
2024-08-19 06:42:30,169/51,868.0,-122,396,0,4
2024-08-19 06:43:21,169/100,868.0,-126,399,0,4
2024-08-19 07:13:20,170/20,868.0,-121,402,0,4
2024-08-19 07:14:10,170/51,868.0,-127,400,0,4
2024-08-19 07:15:01,170/100,868.0,-118,401,0,4
2024-08-19 07:21:40,170/20,868.0,-122,396,0,4
2024-08-19 07:22:30,170/51,868.0,-119,399,0,4
2024-08-19 07:23:21,170/100,868.0,-122,397,0,4
2024-08-19 07:53:20,171/20,868.0,-125,394,0,4
2024-08-19 07:54:11,171/51,868.0,-119,393,0,4
2024-08-19 07:55:02,171/100,868.0,-118,395,0,4
2024-08-19 08:01:40,171/20,868.0,-122,394,0,4
2024-08-19 08:02:31,171/51,868.0,-124,399,0,4
2024-08-19 08:03:22,171/100,868.0,-123,397,0,4
2024-08-19 08:33:21,172/20,868.0,-119,390,0,4
2024-08-19 08:35:03,172/100,868.0,-125,393,0,4
2024-08-19 08:41:41,172/20,868.0,-124,390,0,4
2024-08-19 08:42:32,172/51,868.0,-123,395,0,4
2024-08-19 09:13:22,173/20,868.0,-119,389,0,4
2024-08-19 09:14:13,173/51,868.0,-120,390,0,4
2024-08-19 09:15:04,173/100,868.0,-122,386,0,4
2024-08-19 09:21:42,173/20,868.0,-118,385,0,4
2024-08-19 09:22:33,173/51,868.0,-123,389,0,4
2024-08-19 09:23:24,173/100,868.0,-119,387,0,4
2024-08-19 09:53:23,174/20,868.0,-121,366,0,4
2024-08-19 09:54:13,174/51,868.0,-120,382,0,4
2024-08-19 09:55:04,174/100,868.0,-120,383,0,4
2024-08-19 10:01:43,174/20,868.0,-133,383,0,4
2024-08-19 10:02:34,174/51,868.0,-126,376,0,4
2024-08-19 10:03:24,174/100,868.0,-118,375,0,4
2024-08-19 10:33:23,175/20,868.0,-120,367,0,4
2024-08-19 10:34:14,175/51,868.0,-123,364,0,4
2024-08-19 10:41:44,175/20,868.0,-121,363,0,4
2024-08-19 10:42:34,175/51,868.0,-126,360,0,4
2024-08-19 11:14:15,176/51,868.0,-124,352,0,4
2024-08-19 11:21:44,176/20,868.0,-127,349,0,4
2024-08-19 11:53:25,177/20,868.0,-117,351,0,4
2024-08-19 11:54:16,177/51,868.0,-124,351,0,4
2024-08-19 11:55:07,177/100,868.0,-120,345,0,4
2024-08-19 12:01:45,177/20,868.0,-120,349,0,4
2024-08-19 12:02:36,177/51,868.0,-120,352,0,4
2024-08-19 12:03:27,177/100,868.0,-120,349,0,4
2024-08-19 12:33:26,178/20,868.0,-125,336,0,4
2024-08-19 12:34:16,178/51,868.0,-126,350,0,4
2024-08-19 12:41:46,178/20,868.0,-122,355,0,4
2024-08-19 12:42:37,178/51,868.0,-121,353,0,4
2024-08-19 12:43:28,178/100,868.0,-123,349,0,4
2024-08-19 13:13:26,179/20,868.0,-126,358,0,4
2024-08-19 13:14:17,179/51,868.0,-124,354,0,4
2024-08-19 13:15:08,179/100,868.0,-123,352,0,4
2024-08-19 13:21:47,179/20,868.0,-120,356,0,4
2024-08-19 13:22:37,179/51,868.0,-122,351,0,4
2024-08-19 13:23:28,179/100,868.0,-120,356,0,4
2024-08-19 13:54:18,180/51,868.0,-124,364,0,4
2024-08-19 14:02:38,180/51,868.0,-123,364,0,4
2024-08-19 14:03:29,180/100,868.0,-118,363,0,4
2024-08-19 14:33:28,181/20,868.0,-130,371,0,4
2024-08-19 14:34:19,181/51,868.0,-130,369,0,4
2024-08-19 14:35:10,181/100,868.0,-126,372,0,4
2024-08-19 14:41:48,181/20,868.0,-132,380,0,4
2024-08-19 14:43:30,181/100,868.0,-124,375,0,4
2024-08-19 15:23:31,182/100,868.0,-133,385,0,4
2024-08-19 15:54:20,183/51,868.0,-123,387,0,4
2024-08-19 15:55:11,183/100,868.0,-124,390,0,4
2024-08-19 16:02:40,183/51,868.0,-123,390,0,4
2024-08-19 16:33:30,184/20,868.0,-126,388,0,4
2024-08-19 16:41:50,184/20,868.0,-126,390,0,4
2024-08-19 16:43:32,184/100,868.0,-127,388,0,4
2024-08-19 17:15:13,185/100,868.0,-129,394,0,4
2024-08-19 17:21:51,185/20,868.0,-130,389,0,4
2024-08-19 17:22:42,185/51,868.0,-127,388,0,4
2024-08-19 17:53:32,186/20,868.0,-121,387,0,4
2024-08-19 17:54:22,186/51,868.0,-124,387,0,4
2024-08-19 18:01:52,186/20,868.0,-122,385,0,4
2024-08-19 18:02:43,186/51,868.0,-123,384,0,4
2024-08-19 18:33:33,187/20,868.0,-132,389,0,4
2024-08-19 18:34:23,187/51,868.0,-123,380,0,4
2024-08-19 18:41:53,187/20,868.0,-135,393,0,4
2024-08-19 18:43:35,187/100,868.0,-126,383,0,4
2024-08-19 19:14:24,188/51,868.0,-125,378,0,4
2024-08-19 19:22:44,188/51,868.0,-130,380,0,4
2024-08-19 19:54:25,189/51,868.0,-127,368,0,4
2024-08-19 19:55:16,189/100,868.0,-123,370,0,4
2024-08-19 20:03:36,189/100,868.0,-130,377,0,4
2024-08-19 20:34:25,190/51,868.0,-128,360,0,4
2024-08-19 20:35:17,190/100,868.0,-123,365,0,4
2024-08-19 20:41:55,190/20,868.0,-121,359,0,4
2024-08-19 20:42:46,190/51,868.0,-122,360,0,4
2024-08-19 20:43:37,190/100,868.0,-126,366,0,4
2024-08-19 21:13:36,191/20,868.0,-131,359,0,4
2024-08-19 21:14:26,191/51,868.0,-133,367,0,4
2024-08-19 21:15:18,191/100,868.0,-137,382,0,4
2024-08-19 21:21:56,191/20,868.0,-128,359,0,4
2024-08-19 21:53:36,192/20,868.0,-129,361,0,4
2024-08-19 21:54:27,192/51,868.0,-129,366,0,4
2024-08-19 22:33:37,193/20,868.0,-132,366,0,4
2024-08-19 22:35:19,193/100,868.0,-134,372,0,4
2024-08-19 22:41:57,193/20,868.0,-133,368,0,4
2024-08-19 23:15:20,194/100,868.0,-130,373,0,4
2024-08-19 23:21:58,194/20,868.0,-131,375,0,4
2024-08-19 23:22:49,194/51,868.0,-129,377,0,4
2024-08-19 23:55:20,195/100,868.0,-134,389,0,4
2024-08-20 00:33:39,196/20,868.0,-136,385,0,4
2024-08-20 00:35:21,196/100,868.0,-128,380,0,4
2024-08-20 00:42:00,196/20,868.0,-131,384,0,4
2024-08-20 01:13:40,197/20,868.0,-128,377,0,4
2024-08-20 01:15:22,197/100,868.0,-130,380,0,4
2024-08-20 01:54:32,198/51,868.0,-129,376,0,4
2024-08-20 02:02:01,198/20,868.0,-130,376,0,4
2024-08-20 02:02:52,198/51,868.0,-129,380,0,4
2024-08-20 02:33:42,199/20,868.0,-131,387,0,4
2024-08-20 02:34:33,199/51,868.0,-132,390,0,4
2024-08-20 02:35:23,199/100,868.0,-130,388,0,4
2024-08-20 02:42:53,199/51,868.0,-129,386,0,4
2024-08-20 03:14:33,200/51,868.0,-128,376,0,4
2024-08-20 03:23:44,200/100,868.0,-126,377,0,4
2024-08-20 03:55:25,201/100,868.0,-128,372,0,4
2024-08-20 04:02:54,201/51,868.0,-127,376,0,4
2024-08-20 04:03:45,201/100,868.0,-128,375,0,4
2024-08-20 04:33:44,202/20,868.0,-128,380,0,4
2024-08-20 04:35:26,202/100,868.0,-128,379,0,4
2024-08-20 04:42:04,202/20,868.0,-123,373,0,4
2024-08-20 04:42:55,202/51,868.0,-123,374,0,4
2024-08-20 04:43:46,202/100,868.0,-124,378,0,4
2024-08-20 05:13:45,203/20,868.0,-124,372,0,4
2024-08-20 05:14:36,203/51,868.0,-124,375,0,4
2024-08-20 05:15:27,203/100,868.0,-125,375,0,4
2024-08-20 05:22:56,203/51,868.0,-126,378,0,4
2024-08-20 05:23:47,203/100,868.0,-127,377,0,4
2024-08-20 05:53:46,204/20,868.0,-128,383,0,4
2024-08-20 05:54:36,204/51,868.0,-128,379,0,4
2024-08-20 05:55:27,204/100,868.0,-126,373,0,4
2024-08-20 06:02:06,204/20,868.0,-127,376,0,4
2024-08-20 06:02:56,204/51,868.0,-128,383,0,4
2024-08-20 06:03:48,204/100,868.0,-128,377,0,4
2024-08-20 06:33:46,205/20,868.0,-126,375,0,4
2024-08-20 06:34:37,205/51,868.0,-126,381,0,4
2024-08-20 06:35:28,205/100,868.0,-125,376,0,4
2024-08-20 06:42:06,205/20,868.0,-126,379,0,4
2024-08-20 06:42:57,205/51,868.0,-123,375,0,4
2024-08-20 06:43:48,205/100,868.0,-124,379,0,4
2024-08-20 07:15:29,206/100,868.0,-125,376,0,4
2024-08-20 07:22:07,206/20,868.0,-124,379,0,4
2024-08-20 07:22:58,206/51,868.0,-125,380,0,4
2024-08-20 07:23:49,206/100,868.0,-124,378,0,4
2024-08-20 07:53:48,207/20,868.0,-127,378,0,4
2024-08-20 07:54:39,207/51,868.0,-125,377,0,4
2024-08-20 07:55:30,207/100,868.0,-123,375,0,4
2024-08-20 08:02:08,207/20,868.0,-123,373,0,4
2024-08-20 08:02:59,207/51,868.0,-123,374,0,4
2024-08-20 08:03:50,207/100,868.0,-124,377,0,4
2024-08-20 08:33:49,208/20,868.0,-126,368,0,4
2024-08-20 08:34:39,208/51,868.0,-127,364,0,4
2024-08-20 08:35:30,208/100,868.0,-128,367,0,4
2024-08-20 08:42:09,208/20,868.0,-128,366,0,4
2024-08-20 09:15:31,209/100,868.0,-129,365,0,4
2024-08-20 09:22:09,209/20,868.0,-124,362,0,4
2024-08-20 09:23:51,209/100,868.0,-124,367,0,4
2024-08-20 09:53:50,210/20,868.0,-125,354,0,4
2024-08-20 09:54:41,210/51,868.0,-125,354,0,4
2024-08-20 09:55:32,210/100,868.0,-126,358,0,4
2024-08-20 10:03:01,210/51,868.0,-126,354,0,4
2024-08-20 10:03:52,210/100,868.0,-127,353,0,4
2024-08-20 10:33:51,211/20,868.0,-124,346,0,4
2024-08-20 10:34:41,211/51,868.0,-124,347,0,4
2024-08-20 10:35:33,211/100,868.0,-126,348,0,4
2024-08-20 10:42:11,211/20,868.0,-126,350,0,4
2024-08-20 10:43:53,211/100,868.0,-127,366,0,4
2024-08-20 11:14:42,212/51,868.0,-129,358,0,4
2024-08-20 11:15:34,212/100,868.0,-128,355,0,4
2024-08-20 11:22:12,212/20,868.0,-126,356,0,4
2024-08-20 11:23:03,212/51,868.0,-127,357,0,4
2024-08-20 11:23:53,212/100,868.0,-126,354,0,4
2024-08-20 11:54:43,213/51,868.0,-127,373,0,4
2024-08-20 12:03:54,213/100,868.0,-126,378,0,4
2024-08-20 12:33:53,214/20,868.0,-132,381,0,4
2024-08-20 12:34:44,214/51,868.0,-126,383,0,4
2024-08-20 12:43:55,214/100,868.0,-128,385,0,4
2024-08-20 13:14:45,215/51,868.0,-128,390,0,4
2024-08-20 13:15:36,215/100,868.0,-132,395,0,4
2024-08-20 13:53:55,216/20,868.0,-127,399,0,4
2024-08-20 13:54:45,216/51,868.0,-126,397,0,4
2024-08-20 13:55:37,216/100,868.0,-131,398,0,4
2024-08-20 14:33:55,217/20,868.0,-128,408,0,4
2024-08-20 14:34:46,217/51,868.0,-123,401,0,4
2024-08-20 14:35:37,217/100,868.0,-129,406,0,4
2024-08-20 14:42:16,217/20,868.0,-125,402,0,4
2024-08-20 14:43:06,217/51,868.0,-126,406,0,4
2024-08-20 14:43:57,217/100,868.0,-126,404,0,4
2024-08-20 15:13:56,218/20,868.0,-129,402,0,4
2024-08-20 15:14:47,218/51,868.0,-127,397,0,4
2024-08-20 15:15:38,218/100,868.0,-129,399,0,4
2024-08-20 15:22:16,218/20,868.0,-127,399,0,4
2024-08-20 15:23:07,218/51,868.0,-128,397,0,4
2024-08-20 15:23:58,218/100,868.0,-127,400,0,4
2024-08-20 15:53:57,219/20,868.0,-127,404,0,4
2024-08-20 15:54:48,219/51,868.0,-124,402,0,4
2024-08-20 15:55:39,219/100,868.0,-127,403,0,4
2024-08-20 16:02:17,219/20,868.0,-125,401,0,4
2024-08-20 16:03:08,219/51,868.0,-122,398,0,4
2024-08-20 16:03:59,219/100,868.0,-124,400,0,4
2024-08-20 16:33:58,220/20,868.0,-131,402,0,4
2024-08-20 16:34:49,220/51,868.0,-122,400,0,4
2024-08-20 16:35:39,220/100,868.0,-122,403,0,4
2024-08-20 16:43:09,220/51,868.0,-126,401,0,4
2024-08-20 16:44:00,220/100,868.0,-128,406,0,4
2024-08-20 17:13:58,221/20,868.0,-123,402,0,4
2024-08-20 17:14:49,221/51,868.0,-125,400,0,4
2024-08-20 17:15:40,221/100,868.0,-124,405,0,4
2024-08-20 17:22:19,221/20,868.0,-124,400,0,4
2024-08-20 17:23:09,221/51,868.0,-129,405,0,4
2024-08-20 17:24:00,221/100,868.0,-127,401,0,4
2024-08-20 17:54:50,222/51,868.0,-124,403,0,4
2024-08-20 17:55:41,222/100,868.0,-135,410,0,4
2024-08-20 18:02:20,222/20,868.0,-126,401,0,4
2024-08-20 18:03:10,222/51,868.0,-125,400,0,4
2024-08-20 18:04:01,222/100,868.0,-130,401,0,4
2024-08-20 18:34:51,223/51,868.0,-121,398,0,4
2024-08-20 18:42:20,223/20,868.0,-125,400,0,4
2024-08-20 18:43:11,223/51,868.0,-125,398,0,4
2024-08-20 18:44:02,223/100,868.0,-130,402,0,4
2024-08-20 19:14:52,224/51,868.0,-123,397,0,4
2024-08-20 19:15:43,224/100,868.0,-124,400,0,4
2024-08-20 19:23:12,224/51,868.0,-122,394,0,4
2024-08-20 19:24:03,224/100,868.0,-124,399,0,4
2024-08-20 19:54:02,225/20,868.0,-122,392,0,4
2024-08-20 19:54:52,225/51,868.0,-126,396,0,4
2024-08-20 20:02:22,225/20,868.0,-123,390,0,4
2024-08-20 20:03:12,225/51,868.0,-124,387,0,4
2024-08-20 20:04:04,225/100,868.0,-123,388,0,4
2024-08-20 20:34:02,226/20,868.0,-121,381,0,4
2024-08-20 20:34:53,226/51,868.0,-123,377,0,4
2024-08-20 20:35:44,226/100,868.0,-123,378,0,4
2024-08-20 20:42:22,226/20,868.0,-122,374,0,4
2024-08-20 20:43:13,226/51,868.0,-123,378,0,4
2024-08-20 20:44:04,226/100,868.0,-122,377,0,4
2024-08-20 21:14:03,227/20,868.0,-120,370,0,4
2024-08-20 21:14:54,227/51,868.0,-119,369,0,4
2024-08-20 21:15:45,227/100,868.0,-120,367,0,4
2024-08-20 21:22:23,227/20,868.0,-119,368,0,4
2024-08-20 21:23:14,227/51,868.0,-119,363,0,4
2024-08-20 21:24:05,227/100,868.0,-120,367,0,4
2024-08-20 21:54:04,228/20,868.0,-120,364,0,4
2024-08-20 21:54:54,228/51,868.0,-120,363,0,4
2024-08-20 21:55:46,228/100,868.0,-120,359,0,4
2024-08-20 22:02:24,228/20,868.0,-120,364,0,4
2024-08-20 22:03:15,228/51,868.0,-120,366,0,4
2024-08-20 22:04:06,228/100,868.0,-120,362,0,4
2024-08-20 22:34:05,229/20,868.0,-121,357,0,4
2024-08-20 22:34:55,229/51,868.0,-121,360,0,4
2024-08-20 22:35:47,229/100,868.0,-127,359,0,4
2024-08-20 22:42:25,229/20,868.0,-121,355,0,4
2024-08-20 22:43:15,229/51,868.0,-121,361,0,4
2024-08-20 22:44:07,229/100,868.0,-120,357,0,4
2024-08-20 23:14:05,230/20,868.0,-124,362,0,4
2024-08-20 23:14:56,230/51,868.0,-125,359,0,4
2024-08-20 23:15:47,230/100,868.0,-124,360,0,4
2024-08-20 23:22:25,230/20,868.0,-121,357,0,4
2024-08-20 23:23:16,230/51,868.0,-122,355,0,4
2024-08-20 23:24:07,230/100,868.0,-123,359,0,4
2024-08-20 23:54:06,231/20,868.0,-125,362,0,4
2024-08-20 23:54:57,231/51,868.0,-123,359,0,4
2024-08-21 00:03:17,231/51,868.0,-128,359,0,4
2024-08-21 00:04:08,231/100,868.0,-126,359,0,4
2024-08-21 00:34:07,232/20,868.0,-124,356,0,4
2024-08-21 00:34:58,232/51,868.0,-123,356,0,4
2024-08-21 00:35:49,232/100,868.0,-123,358,0,4
2024-08-21 00:42:27,232/20,868.0,-123,360,0,4
2024-08-21 00:43:18,232/51,868.0,-124,358,0,4
2024-08-21 00:44:09,232/100,868.0,-126,358,0,4
2024-08-21 01:14:08,233/20,868.0,-125,357,0,4
2024-08-21 01:14:58,233/51,868.0,-125,357,0,4
2024-08-21 01:15:50,233/100,868.0,-126,354,0,4
2024-08-21 01:22:28,233/20,868.0,-122,359,0,4
2024-08-21 01:23:19,233/51,868.0,-122,358,0,4
2024-08-21 01:24:10,233/100,868.0,-123,359,0,4
2024-08-21 01:54:08,234/20,868.0,-121,357,0,4
2024-08-21 01:55:50,234/100,868.0,-122,354,0,4
2024-08-21 02:03:19,234/51,868.0,-120,356,0,4
2024-08-21 02:04:10,234/100,868.0,-121,359,0,4
2024-08-21 02:34:09,235/20,868.0,-121,356,0,4
2024-08-21 02:35:00,235/51,868.0,-119,356,0,4
2024-08-21 02:35:51,235/100,868.0,-123,355,0,4
2024-08-21 02:42:29,235/20,868.0,-120,356,0,4
2024-08-21 02:43:20,235/51,868.0,-120,353,0,4
2024-08-21 02:44:11,235/100,868.0,-120,352,0,4
2024-08-21 03:14:10,236/20,868.0,-122,354,0,4
2024-08-21 03:15:01,236/51,868.0,-122,358,0,4
2024-08-21 03:15:52,236/100,868.0,-122,354,0,4
2024-08-21 03:22:30,236/20,868.0,-121,356,0,4
2024-08-21 03:23:21,236/51,868.0,-122,355,0,4
2024-08-21 03:24:12,236/100,868.0,-121,357,0,4
2024-08-21 03:54:11,237/20,868.0,-123,356,0,4
2024-08-21 03:55:01,237/51,868.0,-122,354,0,4
2024-08-21 03:55:53,237/100,868.0,-121,354,0,4
2024-08-21 04:02:31,237/20,868.0,-123,357,0,4
2024-08-21 04:03:22,237/51,868.0,-121,353,0,4
2024-08-21 04:04:13,237/100,868.0,-120,356,0,4
2024-08-21 04:34:11,238/20,868.0,-121,352,0,4
2024-08-21 04:35:02,238/51,868.0,-121,356,0,4
2024-08-21 04:35:53,238/100,868.0,-122,354,0,4
2024-08-21 04:42:32,238/20,868.0,-119,359,0,4
2024-08-21 04:43:23,238/51,868.0,-121,352,0,4
2024-08-21 04:44:13,238/100,868.0,-120,351,0,4
2024-08-21 05:14:12,239/20,868.0,-122,352,0,4
2024-08-21 05:15:03,239/51,868.0,-120,358,0,4
2024-08-21 05:15:54,239/100,868.0,-120,361,0,4
2024-08-21 05:22:32,239/20,868.0,-121,354,0,4
2024-08-21 05:23:23,239/51,868.0,-121,357,0,4
2024-08-21 05:24:14,239/100,868.0,-120,366,0,4
2024-08-21 05:54:13,240/20,868.0,-119,350,0,4
2024-08-21 05:55:04,240/51,868.0,-121,355,0,4
2024-08-21 05:55:55,240/100,868.0,-121,356,0,4
2024-08-21 06:02:33,240/20,868.0,-121,356,0,4
2024-08-21 06:04:15,240/100,868.0,-119,356,0,4
2024-08-21 06:34:14,241/20,868.0,-119,365,0,4
2024-08-21 06:35:05,241/51,868.0,-123,363,0,4
2024-08-21 06:35:55,241/100,868.0,-123,366,0,4
2024-08-21 06:42:34,241/20,868.0,-120,368,0,4
2024-08-21 06:43:25,241/51,868.0,-124,368,0,4
2024-08-21 07:14:15,242/20,868.0,-124,370,0,4
2024-08-21 07:15:56,242/100,868.0,-123,370,0,4
2024-08-21 07:22:35,242/20,868.0,-122,369,0,4
2024-08-21 07:23:25,242/51,868.0,-123,374,0,4
2024-08-21 07:24:17,242/100,868.0,-123,369,0,4
2024-08-21 07:54:15,243/20,868.0,-129,370,0,4
2024-08-21 07:55:06,243/51,868.0,-129,376,0,4
2024-08-21 07:55:57,243/100,868.0,-123,374,0,4
2024-08-21 08:02:36,243/20,868.0,-121,373,0,4
2024-08-21 08:03:26,243/51,868.0,-129,369,0,4
2024-08-21 08:04:17,243/100,868.0,-120,371,0,4
2024-08-21 08:34:16,244/20,868.0,-120,371,0,4
2024-08-21 08:35:07,244/51,868.0,-121,369,0,4
2024-08-21 08:35:58,244/100,868.0,-121,372,0,4
2024-08-21 08:42:36,244/20,868.0,-123,371,0,4
2024-08-21 08:43:27,244/51,868.0,-122,370,0,4
2024-08-21 08:44:18,244/100,868.0,-121,371,0,4
2024-08-21 09:14:17,245/20,868.0,-122,365,0,4
2024-08-21 09:15:08,245/51,868.0,-121,363,0,4
2024-08-21 09:15:59,245/100,868.0,-120,367,0,4
2024-08-21 09:22:37,245/20,868.0,-120,361,0,4
2024-08-21 09:23:28,245/51,868.0,-120,362,0,4
2024-08-21 09:24:19,245/100,868.0,-123,366,0,4
2024-08-21 09:54:18,246/20,868.0,-121,362,0,4
2024-08-21 09:55:09,246/51,868.0,-125,364,0,4
2024-08-21 09:55:59,246/100,868.0,-128,361,0,4
2024-08-21 10:02:38,246/20,868.0,-121,362,0,4
2024-08-21 10:03:28,246/51,868.0,-123,357,0,4
2024-08-21 10:04:20,246/100,868.0,-118,357,0,4
2024-08-21 10:34:18,247/20,868.0,-125,357,0,4
2024-08-21 10:35:09,247/51,868.0,-122,357,0,4
2024-08-21 10:36:00,247/100,868.0,-126,358,0,4
2024-08-21 10:42:39,247/20,868.0,-124,360,0,4
2024-08-21 10:43:29,247/51,868.0,-122,358,0,4
2024-08-21 10:44:20,247/100,868.0,-127,359,0,4
2024-08-21 11:14:19,248/20,868.0,-125,353,0,4
2024-08-21 11:15:10,248/51,868.0,-119,357,0,4
2024-08-21 11:16:01,248/100,868.0,-121,358,0,4
2024-08-21 11:22:39,248/20,868.0,-120,352,0,4
2024-08-21 11:23:30,248/51,868.0,-121,353,0,4
2024-08-21 11:24:21,248/100,868.0,-120,351,0,4
2024-08-21 11:55:11,249/51,868.0,-120,350,0,4
2024-08-21 11:56:02,249/100,868.0,-120,347,0,4
2024-08-21 12:02:40,249/20,868.0,-124,353,0,4
2024-08-21 12:03:31,249/51,868.0,-120,345,0,4
2024-08-21 12:04:22,249/100,868.0,-124,356,0,4
2024-08-21 12:34:21,250/20,868.0,-120,345,0,4
2024-08-21 12:35:11,250/51,868.0,-120,351,0,4
2024-08-21 12:36:03,250/100,868.0,-123,350,0,4
2024-08-21 12:42:41,250/20,868.0,-123,355,0,4
2024-08-21 12:43:31,250/51,868.0,-118,351,0,4
2024-08-21 12:44:23,250/100,868.0,-125,358,0,4
2024-08-21 13:14:22,251/20,868.0,-120,371,0,4
2024-08-21 13:15:12,251/51,868.0,-124,371,0,4
2024-08-21 13:22:41,251/20,868.0,-117,368,0,4
2024-08-21 13:23:32,251/51,868.0,-126,379,0,4
2024-08-21 13:24:24,251/100,868.0,-123,370,0,4
2024-08-21 13:54:22,252/20,868.0,-131,379,0,4
2024-08-21 13:55:13,252/51,868.0,-119,382,0,4
2024-08-21 13:56:04,252/100,868.0,-118,377,0,4
2024-08-21 14:02:42,252/20,868.0,-122,378,0,4
2024-08-21 14:03:33,252/51,868.0,-118,378,0,4
2024-08-21 14:34:23,253/20,868.0,-120,383,0,4
2024-08-21 14:35:14,253/51,868.0,-122,383,0,4
2024-08-21 14:36:05,253/100,868.0,-118,386,0,4
2024-08-21 14:42:43,253/20,868.0,-120,387,0,4
2024-08-21 14:43:34,253/51,868.0,-120,384,0,4
2024-08-21 15:15:14,254/51,868.0,-120,387,0,4
2024-08-21 15:22:44,254/20,868.0,-121,387,0,4
2024-08-21 15:23:35,254/51,868.0,-121,392,0,4
2024-08-21 15:24:26,254/100,868.0,-120,388,0,4
2024-08-21 15:54:24,255/20,868.0,-128,398,0,4
2024-08-21 15:55:15,255/51,868.0,-131,396,0,4
2024-08-21 16:03:35,255/51,868.0,-124,397,0,4
2024-08-21 16:34:25,256/20,868.0,-118,395,0,4
2024-08-21 16:43:36,256/51,868.0,-131,382,0,4
2024-08-21 16:44:27,256/100,868.0,-122,397,0,4
2024-08-21 17:14:26,257/20,868.0,-126,392,0,4
2024-08-21 17:15:17,257/51,868.0,-124,395,0,4
2024-08-21 17:16:08,257/100,868.0,-122,392,0,4
2024-08-21 17:22:46,257/20,868.0,-123,394,0,4
2024-08-21 17:23:37,257/51,868.0,-130,390,0,4
2024-08-21 17:54:27,258/20,868.0,-121,387,0,4
2024-08-21 17:55:17,258/51,868.0,-121,387,0,4
2024-08-21 18:02:47,258/20,868.0,-123,387,0,4
2024-08-21 18:03:38,258/51,868.0,-124,386,0,4
2024-08-21 18:34:27,259/20,868.0,-127,383,0,4
2024-08-21 18:36:09,259/100,868.0,-122,385,0,4
2024-08-21 19:14:28,260/20,868.0,-122,378,0,4
2024-08-21 19:16:10,260/100,868.0,-124,379,0,4
2024-08-21 19:22:49,260/20,868.0,-123,377,0,4
2024-08-21 19:23:39,260/51,868.0,-120,381,0,4
2024-08-21 19:24:30,260/100,868.0,-123,376,0,4
2024-08-21 19:54:29,261/20,868.0,-123,374,0,4
2024-08-21 19:55:20,261/51,868.0,-124,369,0,4
2024-08-21 20:02:49,261/20,868.0,-128,367,0,4
2024-08-21 20:03:40,261/51,868.0,-121,366,0,4
2024-08-21 20:04:31,261/100,868.0,-122,374,0,4
2024-08-21 20:34:30,262/20,868.0,-126,362,0,4
2024-08-21 20:35:21,262/51,868.0,-125,360,0,4
2024-08-21 20:36:12,262/100,868.0,-124,358,0,4
2024-08-21 20:42:50,262/20,868.0,-125,360,0,4
2024-08-21 20:43:41,262/51,868.0,-128,361,0,4
2024-08-21 21:14:31,263/20,868.0,-128,363,0,4
2024-08-21 21:15:21,263/51,868.0,-128,369,0,4
2024-08-21 21:22:51,263/20,868.0,-125,363,0,4
2024-08-21 21:23:42,263/51,868.0,-125,371,0,4
2024-08-21 21:24:33,263/100,868.0,-123,365,0,4
2024-08-21 21:54:31,264/20,868.0,-127,372,0,4
2024-08-21 21:56:13,264/100,868.0,-126,369,0,4
2024-08-21 22:03:42,264/51,868.0,-126,367,0,4
2024-08-21 22:04:33,264/100,868.0,-124,372,0,4
2024-08-21 22:35:23,265/51,868.0,-128,377,0,4
2024-08-21 22:36:14,265/100,868.0,-130,376,0,4
2024-08-21 22:42:52,265/20,868.0,-129,377,0,4
2024-08-21 22:43:43,265/51,868.0,-130,374,0,4
2024-08-21 22:44:34,265/100,868.0,-126,375,0,4
2024-08-21 23:14:33,266/20,868.0,-132,383,0,4
2024-08-21 23:22:53,266/20,868.0,-129,379,0,4
2024-08-21 23:24:35,266/100,868.0,-128,382,0,4
2024-08-21 23:54:34,267/20,868.0,-133,394,0,4
2024-08-22 00:34:35,268/20,868.0,-132,394,0,4
2024-08-22 00:36:16,268/100,868.0,-128,389,0,4
2024-08-22 01:23:46,269/51,868.0,-134,401,0,4
2024-08-22 01:54:36,270/20,868.0,-123,392,0,4
2024-08-22 01:55:27,270/51,868.0,-128,396,0,4
2024-08-22 01:56:18,270/100,868.0,-128,400,0,4
2024-08-22 02:02:56,270/20,868.0,-133,399,0,4
2024-08-22 02:34:37,271/20,868.0,-130,396,0,4
2024-08-22 02:35:27,271/51,868.0,-128,400,0,4
2024-08-22 02:42:57,271/20,868.0,-128,391,0,4
2024-08-22 02:44:39,271/100,868.0,-128,398,0,4
2024-08-22 03:14:38,272/20,868.0,-125,372,0,4
2024-08-22 03:15:28,272/51,868.0,-128,390,0,4
2024-08-22 03:16:19,272/100,868.0,-130,391,0,4
2024-08-22 03:22:58,272/20,868.0,-126,405,0,4
2024-08-22 03:23:48,272/51,868.0,-129,395,0,4
2024-08-22 03:24:40,272/100,868.0,-130,396,0,4
2024-08-22 03:54:38,273/20,868.0,-130,403,0,4
2024-08-22 03:56:20,273/100,868.0,-130,399,0,4
2024-08-22 04:04:40,273/100,868.0,-129,402,0,4
2024-08-22 04:34:39,274/20,868.0,-129,397,0,4
2024-08-22 04:35:30,274/51,868.0,-132,405,0,4
2024-08-22 04:36:21,274/100,868.0,-127,403,0,4
2024-08-22 04:42:59,274/20,868.0,-130,403,0,4
2024-08-22 04:43:50,274/51,868.0,-125,405,0,4
2024-08-22 04:44:41,274/100,868.0,-125,394,0,4
2024-08-22 05:14:40,275/20,868.0,-126,399,0,4
2024-08-22 05:15:30,275/51,868.0,-126,398,0,4
2024-08-22 05:23:00,275/20,868.0,-126,405,0,4
2024-08-22 05:23:51,275/51,868.0,-131,404,0,4
2024-08-22 05:54:40,276/20,868.0,-125,409,0,4
2024-08-22 05:55:31,276/51,868.0,-126,413,0,4
2024-08-22 05:56:23,276/100,868.0,-125,414,0,4
2024-08-22 06:03:01,276/20,868.0,-126,413,0,4
2024-08-22 06:03:51,276/51,868.0,-126,407,0,4
2024-08-22 06:04:42,276/100,868.0,-126,413,0,4
2024-08-22 06:35:32,277/51,868.0,-126,409,0,4
2024-08-22 06:36:23,277/100,868.0,-126,409,0,4
2024-08-22 06:43:01,277/20,868.0,-127,407,0,4
2024-08-22 06:43:52,277/51,868.0,-126,408,0,4
2024-08-22 06:44:43,277/100,868.0,-126,408,0,4
2024-08-22 07:14:42,278/20,868.0,-125,407,0,4
2024-08-22 07:16:24,278/100,868.0,-124,404,0,4
2024-08-22 07:23:02,278/20,868.0,-126,406,0,4
2024-08-22 07:23:53,278/51,868.0,-122,404,0,4
2024-08-22 07:24:44,278/100,868.0,-124,403,0,4
2024-08-22 07:54:43,279/20,868.0,-123,399,0,4
2024-08-22 07:55:34,279/51,868.0,-123,402,0,4
2024-08-22 07:56:25,279/100,868.0,-130,403,0,4
2024-08-22 08:03:03,279/20,868.0,-128,401,0,4
2024-08-22 08:03:54,279/51,868.0,-126,398,0,4
2024-08-22 08:34:43,280/20,868.0,-125,389,0,4
2024-08-22 08:43:04,280/20,868.0,-127,391,0,4
2024-08-22 09:23:55,281/51,868.0,-129,382,0,4
2024-08-22 09:54:45,282/20,868.0,-130,384,0,4
2024-08-22 09:55:36,282/51,868.0,-132,382,0,4
2024-08-22 09:56:27,282/100,868.0,-127,382,0,4
2024-08-22 10:03:05,282/20,868.0,-126,377,0,4
2024-08-22 10:04:47,282/100,868.0,-127,386,0,4
2024-08-22 10:43:06,283/20,868.0,-129,358,0,4
2024-08-22 10:43:57,283/51,868.0,-124,370,0,4
2024-08-22 10:44:48,283/100,868.0,-131,364,0,4
2024-08-22 11:14:47,284/20,868.0,-131,356,0,4
2024-08-22 11:15:37,284/51,868.0,-130,354,0,4
2024-08-22 11:23:07,284/20,868.0,-130,359,0,4
2024-08-22 11:55:38,285/51,868.0,-131,372,0,4
2024-08-22 12:03:08,285/20,868.0,-124,366,0,4
2024-08-22 12:03:58,285/51,868.0,-127,372,0,4
2024-08-22 12:04:49,285/100,868.0,-128,364,0,4
2024-08-22 12:34:48,286/20,868.0,-120,382,0,4
2024-08-22 12:35:39,286/51,868.0,-125,382,0,4
2024-08-22 12:36:30,286/100,868.0,-121,380,0,4
2024-08-22 12:43:08,286/20,868.0,-129,387,0,4
2024-08-22 12:43:59,286/51,868.0,-130,389,0,4
2024-08-22 12:44:50,286/100,868.0,-127,389,0,4
2024-08-22 13:23:09,287/20,868.0,-129,395,0,4
2024-08-22 13:24:00,287/51,868.0,-130,397,0,4
2024-08-22 13:24:51,287/100,868.0,-130,396,0,4
2024-08-22 13:54:50,288/20,868.0,-123,401,0,4
2024-08-22 13:55:41,288/51,868.0,-122,396,0,4
2024-08-22 13:56:31,288/100,868.0,-122,397,0,4
2024-08-22 14:03:10,288/20,868.0,-134,407,0,4
2024-08-22 14:04:01,288/51,868.0,-124,397,0,4
2024-08-22 14:04:52,288/100,868.0,-121,399,0,4
2024-08-22 14:34:51,289/20,868.0,-120,404,0,4
2024-08-22 14:35:41,289/51,868.0,-119,400,0,4
2024-08-22 14:36:32,289/100,868.0,-120,402,0,4
2024-08-22 14:43:11,289/20,868.0,-120,401,0,4
2024-08-22 14:44:01,289/51,868.0,-118,405,0,4
2024-08-22 14:44:53,289/100,868.0,-118,404,0,4
2024-08-22 15:14:51,290/20,868.0,-123,407,0,4
2024-08-22 15:15:42,290/51,868.0,-123,403,0,4
2024-08-22 15:16:33,290/100,868.0,-121,408,0,4
2024-08-22 15:23:11,290/20,868.0,-124,407,0,4
2024-08-22 15:24:02,290/51,868.0,-126,405,0,4
2024-08-22 15:24:53,290/100,868.0,-126,405,0,4
2024-08-22 15:54:52,291/20,868.0,-124,406,0,4
2024-08-22 15:55:43,291/51,868.0,-123,405,0,4
2024-08-22 15:56:34,291/100,868.0,-124,408,0,4
2024-08-22 16:03:12,291/20,868.0,-127,405,0,4
2024-08-22 16:04:03,291/51,868.0,-130,408,0,4
2024-08-22 16:04:54,291/100,868.0,-133,410,0,4
2024-08-22 16:34:53,292/20,868.0,-129,410,0,4
2024-08-22 16:36:35,292/100,868.0,-124,407,0,4
2024-08-22 16:43:13,292/20,868.0,-126,406,0,4
2024-08-22 17:15:44,293/51,868.0,-127,412,0,4
2024-08-22 17:16:35,293/100,868.0,-122,405,0,4
2024-08-22 17:23:14,293/20,868.0,-128,405,0,4
2024-08-22 17:24:04,293/51,868.0,-121,408,0,4
2024-08-22 17:24:56,293/100,868.0,-125,407,0,4
2024-08-22 17:54:54,294/20,868.0,-119,408,0,4
2024-08-22 17:55:45,294/51,868.0,-119,410,0,4
2024-08-22 18:03:14,294/20,868.0,-119,410,0,4
2024-08-22 18:04:05,294/51,868.0,-119,410,0,4
2024-08-22 18:04:56,294/100,868.0,-120,410,0,4
2024-08-22 18:34:55,295/20,868.0,-125,409,0,4
2024-08-22 18:35:46,295/51,868.0,-124,410,0,4
2024-08-22 18:36:37,295/100,868.0,-121,409,0,4
2024-08-22 18:43:15,295/20,868.0,-120,412,0,4
2024-08-22 18:44:06,295/51,868.0,-123,407,0,4
2024-08-22 19:14:56,296/20,868.0,-120,413,0,4
2024-08-22 19:15:46,296/51,868.0,-117,408,0,4
2024-08-22 19:16:38,296/100,868.0,-119,411,0,4
2024-08-22 19:23:16,296/20,868.0,-120,408,0,4
2024-08-22 19:24:07,296/51,868.0,-120,410,0,4
2024-08-22 19:24:58,296/100,868.0,-120,409,0,4
2024-08-22 19:54:57,297/20,868.0,-120,403,0,4
2024-08-22 19:55:47,297/51,868.0,-121,407,0,4
2024-08-22 19:56:39,297/100,868.0,-120,407,0,4
2024-08-22 20:03:17,297/20,868.0,-119,401,0,4
2024-08-22 20:04:07,297/51,868.0,-119,400,0,4
2024-08-22 20:04:59,297/100,868.0,-121,402,0,4
2024-08-22 20:34:57,298/20,868.0,-118,385,0,4
2024-08-22 20:35:48,298/51,868.0,-120,387,0,4
2024-08-22 20:36:39,298/100,868.0,-118,383,0,4
2024-08-22 20:43:17,298/20,868.0,-119,381,0,4
2024-08-22 20:44:08,298/51,868.0,-118,379,0,4
2024-08-22 20:44:59,298/100,868.0,-119,381,0,4
2024-08-22 21:14:58,299/20,868.0,-120,373,0,4
2024-08-22 21:15:49,299/51,868.0,-120,373,0,4
2024-08-22 21:16:40,299/100,868.0,-120,374,0,4
2024-08-22 21:23:18,299/20,868.0,-121,367,0,4
2024-08-22 21:24:09,299/51,868.0,-120,367,0,4
2024-08-22 21:25:00,299/100,868.0,-122,371,0,4
2024-08-22 21:54:59,300/20,868.0,-123,366,0,4
2024-08-22 21:55:50,300/51,868.0,-124,363,0,4
2024-08-22 21:56:41,300/100,868.0,-124,368,0,4
2024-08-22 22:03:19,300/20,868.0,-120,361,0,4
2024-08-22 22:04:10,300/51,868.0,-120,360,0,4
2024-08-22 22:05:01,300/100,868.0,-120,361,0,4
2024-08-22 22:35:00,301/20,868.0,-120,364,0,4
2024-08-22 22:35:50,301/51,868.0,-120,362,0,4
2024-08-22 22:36:41,301/100,868.0,-120,360,0,4
2024-08-22 22:43:20,301/20,868.0,-120,360,0,4
2024-08-22 22:44:11,301/51,868.0,-119,365,0,4
2024-08-22 22:45:02,301/100,868.0,-120,364,0,4
2024-08-22 23:15:00,302/20,868.0,-120,365,0,4
2024-08-22 23:15:51,302/51,868.0,-118,360,0,4
2024-08-22 23:16:42,302/100,868.0,-120,363,0,4
2024-08-22 23:23:21,302/20,868.0,-120,360,0,4
2024-08-22 23:24:11,302/51,868.0,-119,364,0,4
2024-08-22 23:55:01,303/20,868.0,-119,365,0,4
2024-08-22 23:55:52,303/51,868.0,-119,365,0,4
2024-08-23 00:03:21,303/20,868.0,-122,367,0,4
2024-08-23 00:04:12,303/51,868.0,-122,365,0,4
2024-08-23 00:05:03,303/100,868.0,-121,368,0,4
2024-08-23 00:35:02,304/20,868.0,-125,376,0,4
2024-08-23 00:35:53,304/51,868.0,-128,371,0,4
2024-08-23 00:36:44,304/100,868.0,-126,371,0,4
2024-08-23 00:43:22,304/20,868.0,-126,369,0,4
2024-08-23 00:44:13,304/51,868.0,-125,371,0,4
2024-08-23 00:45:04,304/100,868.0,-124,372,0,4
2024-08-23 01:15:03,305/20,868.0,-121,373,0,4
2024-08-23 01:15:53,305/51,868.0,-121,370,0,4
2024-08-23 01:16:44,305/100,868.0,-123,369,0,4
2024-08-23 01:23:23,305/20,868.0,-121,373,0,4
2024-08-23 01:24:14,305/51,868.0,-121,371,0,4
2024-08-23 01:25:05,305/100,868.0,-121,367,0,4
2024-08-23 01:55:03,306/20,868.0,-121,372,0,4
2024-08-23 01:55:54,306/51,868.0,-120,371,0,4
2024-08-23 01:56:45,306/100,868.0,-120,372,0,4
2024-08-23 02:03:24,306/20,868.0,-121,373,0,4
2024-08-23 02:04:14,306/51,868.0,-122,370,0,4
2024-08-23 02:05:05,306/100,868.0,-123,370,0,4
2024-08-23 02:35:55,307/51,868.0,-120,371,0,4
2024-08-23 02:43:25,307/20,868.0,-121,379,0,4
2024-08-23 02:44:15,307/51,868.0,-120,371,0,4
2024-08-23 02:45:06,307/100,868.0,-120,372,0,4
2024-08-23 03:15:56,308/51,868.0,-121,377,0,4
2024-08-23 03:16:47,308/100,868.0,-121,373,0,4
2024-08-23 03:23:25,308/20,868.0,-121,378,0,4
2024-08-23 03:24:16,308/51,868.0,-121,375,0,4
2024-08-23 03:25:07,308/100,868.0,-120,377,0,4
2024-08-23 03:55:06,309/20,868.0,-120,377,0,4
2024-08-23 03:55:57,309/51,868.0,-121,383,0,4
2024-08-23 03:56:48,309/100,868.0,-122,381,0,4
2024-08-23 04:03:26,309/20,868.0,-121,384,0,4
2024-08-23 04:04:17,309/51,868.0,-122,382,0,4
2024-08-23 04:05:08,309/100,868.0,-121,377,0,4
2024-08-23 04:35:07,310/20,868.0,-121,383,0,4
2024-08-23 04:35:57,310/51,868.0,-122,383,0,4
2024-08-23 04:36:48,310/100,868.0,-122,384,0,4
2024-08-23 04:43:27,310/20,868.0,-122,389,0,4
2024-08-23 04:44:17,310/51,868.0,-122,380,0,4
2024-08-23 05:15:07,311/20,868.0,-123,386,0,4
2024-08-23 05:15:58,311/51,868.0,-121,384,0,4
2024-08-23 05:16:49,311/100,868.0,-121,384,0,4
2024-08-23 05:23:28,311/20,868.0,-122,386,0,4
2024-08-23 05:24:18,311/51,868.0,-121,381,0,4
2024-08-23 05:25:09,311/100,868.0,-123,387,0,4
2024-08-23 05:55:08,312/20,868.0,-122,388,0,4
2024-08-23 05:55:59,312/51,868.0,-121,382,0,4
2024-08-23 05:56:50,312/100,868.0,-122,383,0,4
2024-08-23 06:03:28,312/20,868.0,-122,388,0,4
2024-08-23 06:04:19,312/51,868.0,-121,387,0,4
2024-08-23 06:05:10,312/100,868.0,-122,388,0,4
2024-08-23 06:35:59,313/51,868.0,-120,390,0,4
2024-08-23 06:36:51,313/100,868.0,-122,388,0,4
2024-08-23 06:43:29,313/20,868.0,-123,389,0,4
2024-08-23 06:44:20,313/51,868.0,-122,394,0,4
2024-08-23 06:45:11,313/100,868.0,-122,388,0,4
2024-08-23 07:15:10,314/20,868.0,-122,394,0,4
2024-08-23 07:16:00,314/51,868.0,-119,392,0,4
2024-08-23 07:16:51,314/100,868.0,-121,393,0,4
2024-08-23 07:24:20,314/51,868.0,-123,394,0,4
2024-08-23 07:25:12,314/100,868.0,-123,390,0,4
2024-08-23 07:55:11,315/20,868.0,-121,391,0,4
2024-08-23 07:56:01,315/51,868.0,-120,391,0,4
2024-08-23 07:56:52,315/100,868.0,-120,391,0,4
2024-08-23 08:03:30,315/20,868.0,-120,391,0,4
2024-08-23 08:04:21,315/51,868.0,-119,390,0,4
2024-08-23 08:05:12,315/100,868.0,-121,395,0,4
2024-08-23 08:35:11,316/20,868.0,-120,388,0,4
2024-08-23 08:36:02,316/51,868.0,-119,388,0,4
2024-08-23 08:36:53,316/100,868.0,-118,390,0,4
2024-08-23 08:43:31,316/20,868.0,-120,386,0,4
2024-08-23 08:44:22,316/51,868.0,-120,386,0,4
2024-08-23 08:45:13,316/100,868.0,-120,390,0,4
2024-08-23 09:15:12,317/20,868.0,-120,377,0,4
2024-08-23 09:16:02,317/51,868.0,-120,382,0,4
2024-08-23 09:16:54,317/100,868.0,-120,380,0,4
2024-08-23 09:23:32,317/20,868.0,-120,378,0,4
2024-08-23 09:24:23,317/51,868.0,-123,377,0,4
2024-08-23 09:25:14,317/100,868.0,-121,372,0,4
2024-08-23 09:56:03,318/51,868.0,-118,365,0,4
2024-08-23 09:56:55,318/100,868.0,-118,366,0,4
2024-08-23 10:03:33,318/20,868.0,-122,366,0,4
2024-08-23 10:04:24,318/51,868.0,-121,364,0,4
2024-08-23 10:05:15,318/100,868.0,-122,362,0,4
2024-08-23 10:35:13,319/20,868.0,-124,357,0,4
2024-08-23 10:36:04,319/51,868.0,-127,353,0,4
2024-08-23 10:36:55,319/100,868.0,-125,352,0,4
2024-08-23 10:44:24,319/51,868.0,-126,354,0,4
2024-08-23 11:15:14,320/20,868.0,-123,349,0,4
2024-08-23 11:16:05,320/51,868.0,-127,354,0,4
2024-08-23 11:16:56,320/100,868.0,-122,349,0,4
2024-08-23 11:23:34,320/20,868.0,-122,354,0,4
2024-08-23 11:24:25,320/51,868.0,-123,355,0,4
2024-08-23 11:55:15,321/20,868.0,-127,366,0,4
2024-08-23 11:56:06,321/51,868.0,-126,370,0,4
2024-08-23 11:56:57,321/100,868.0,-126,371,0,4
2024-08-23 12:03:35,321/20,868.0,-128,373,0,4
2024-08-23 12:04:26,321/51,868.0,-126,370,0,4
2024-08-23 12:35:16,322/20,868.0,-122,377,0,4
2024-08-23 12:36:06,322/51,868.0,-123,383,0,4
2024-08-23 12:43:36,322/20,868.0,-123,381,0,4
2024-08-23 12:44:27,322/51,868.0,-126,383,0,4
2024-08-23 13:15:16,323/20,868.0,-119,394,0,4
2024-08-23 13:16:07,323/51,868.0,-120,394,0,4
2024-08-23 13:16:58,323/100,868.0,-125,393,0,4
2024-08-23 13:25:18,323/100,868.0,-125,397,0,4
2024-08-23 13:55:17,324/20,868.0,-119,401,0,4
2024-08-23 13:56:08,324/51,868.0,-119,402,0,4
2024-08-23 13:56:59,324/100,868.0,-120,405,0,4
2024-08-23 14:03:37,324/20,868.0,-121,405,0,4
2024-08-23 14:04:28,324/51,868.0,-124,405,0,4
2024-08-23 14:05:19,324/100,868.0,-120,399,0,4
2024-08-23 14:35:18,325/20,868.0,-118,404,0,4
2024-08-23 14:36:09,325/51,868.0,-120,406,0,4
2024-08-23 14:37:00,325/100,868.0,-118,407,0,4
2024-08-23 14:43:38,325/20,868.0,-118,403,0,4
2024-08-23 14:44:29,325/51,868.0,-119,407,0,4
2024-08-23 14:45:20,325/100,868.0,-118,404,0,4
2024-08-23 15:15:19,326/20,868.0,-118,406,0,4
2024-08-23 15:16:10,326/51,868.0,-120,403,0,4
2024-08-23 15:17:00,326/100,868.0,-118,402,0,4
2024-08-23 15:23:39,326/20,868.0,-120,403,0,4
2024-08-23 15:24:30,326/51,868.0,-121,402,0,4
2024-08-23 15:55:19,327/20,868.0,-121,400,0,4
2024-08-23 15:56:10,327/51,868.0,-123,403,0,4
2024-08-23 16:03:40,327/20,868.0,-120,396,0,4
2024-08-23 16:04:31,327/51,868.0,-120,396,0,4
2024-08-23 16:05:21,327/100,868.0,-122,398,0,4
2024-08-23 16:35:20,328/20,868.0,-123,390,0,4
2024-08-23 16:37:02,328/100,868.0,-122,391,0,4
2024-08-23 16:43:41,328/20,868.0,-125,395,0,4
2024-08-23 16:44:31,328/51,868.0,-125,392,0,4
2024-08-23 16:45:22,328/100,868.0,-124,396,0,4
2024-08-23 17:15:21,329/20,868.0,-126,400,0,4
2024-08-23 17:17:03,329/100,868.0,-125,396,0,4
2024-08-23 17:23:41,329/20,868.0,-127,400,0,4
2024-08-23 17:55:22,330/20,868.0,-125,396,0,4
2024-08-23 17:56:13,330/51,868.0,-125,398,0,4
2024-08-23 18:03:42,330/20,868.0,-125,396,0,4
2024-08-23 18:35:23,331/20,868.0,-123,402,0,4
2024-08-23 18:36:13,331/51,868.0,-123,398,0,4
2024-08-23 18:37:04,331/100,868.0,-124,400,0,4
2024-08-23 18:43:43,331/20,868.0,-123,399,0,4
2024-08-23 18:44:33,331/51,868.0,-125,404,0,4
2024-08-23 18:45:25,331/100,868.0,-125,399,0,4
2024-08-23 19:15:23,332/20,868.0,-126,404,0,4
2024-08-23 19:16:14,332/51,868.0,-124,408,0,4
2024-08-23 19:17:05,332/100,868.0,-126,410,0,4
2024-08-23 19:24:34,332/51,868.0,-121,404,0,4
2024-08-23 19:25:25,332/100,868.0,-120,406,0,4
2024-08-23 19:55:24,333/20,868.0,-121,412,0,4
2024-08-23 19:56:15,333/51,868.0,-122,412,0,4
2024-08-23 19:57:06,333/100,868.0,-121,415,0,4
2024-08-23 20:03:44,333/20,868.0,-121,413,0,4
2024-08-23 20:04:35,333/51,868.0,-118,411,0,4
2024-08-23 20:05:26,333/100,868.0,-119,412,0,4
2024-08-23 20:35:25,334/20,868.0,-121,408,0,4
2024-08-23 20:36:16,334/51,868.0,-122,407,0,4
2024-08-23 20:37:07,334/100,868.0,-122,410,0,4
2024-08-23 20:43:45,334/20,868.0,-122,403,0,4
2024-08-23 20:44:36,334/51,868.0,-122,409,0,4
2024-08-23 20:45:27,334/100,868.0,-122,409,0,4
2024-08-23 21:15:26,335/20,868.0,-124,395,0,4
2024-08-23 21:16:16,335/51,868.0,-122,393,0,4
2024-08-23 21:17:08,335/100,868.0,-123,396,0,4
2024-08-23 21:23:46,335/20,868.0,-122,394,0,4
2024-08-23 21:24:36,335/51,868.0,-121,389,0,4
2024-08-23 21:25:28,335/100,868.0,-122,388,0,4
2024-08-23 21:55:27,336/20,868.0,-123,382,0,4
2024-08-23 21:56:17,336/51,868.0,-124,383,0,4
2024-08-23 22:03:46,336/20,868.0,-123,379,0,4
2024-08-23 22:04:37,336/51,868.0,-121,381,0,4
2024-08-23 22:05:28,336/100,868.0,-123,382,0,4
2024-08-23 22:35:27,337/20,868.0,-122,370,0,4
2024-08-23 22:36:18,337/51,868.0,-124,380,0,4
2024-08-23 22:43:47,337/20,868.0,-123,371,0,4
2024-08-23 22:44:38,337/51,868.0,-125,369,0,4
2024-08-23 22:45:29,337/100,868.0,-123,374,0,4
2024-08-23 23:15:28,338/20,868.0,-125,371,0,4
2024-08-23 23:16:19,338/51,868.0,-124,372,0,4
2024-08-23 23:17:10,338/100,868.0,-123,367,0,4
2024-08-23 23:23:48,338/20,868.0,-124,372,0,4
2024-08-23 23:24:39,338/51,868.0,-125,368,0,4
2024-08-23 23:25:30,338/100,868.0,-126,371,0,4
2024-08-23 23:55:29,339/20,868.0,-125,364,0,4
2024-08-23 23:56:19,339/51,868.0,-123,366,0,4
2024-08-23 23:57:11,339/100,868.0,-123,361,0,4
2024-08-24 00:03:49,339/20,868.0,-123,367,0,4
2024-08-24 00:04:40,339/51,868.0,-125,361,0,4
2024-08-24 00:05:31,339/100,868.0,-123,362,0,4
2024-08-24 00:35:29,340/20,868.0,-123,364,0,4
2024-08-24 00:36:20,340/51,868.0,-122,361,0,4
2024-08-24 00:37:11,340/100,868.0,-122,363,0,4
2024-08-24 00:43:50,340/20,868.0,-123,361,0,4
2024-08-24 00:44:40,340/51,868.0,-123,360,0,4
2024-08-24 00:45:31,340/100,868.0,-121,361,0,4
2024-08-24 01:15:30,341/20,868.0,-122,363,0,4
2024-08-24 01:16:21,341/51,868.0,-121,364,0,4
2024-08-24 01:23:50,341/20,868.0,-121,359,0,4
2024-08-24 01:24:41,341/51,868.0,-122,360,0,4
2024-08-24 01:25:32,341/100,868.0,-121,359,0,4
2024-08-24 01:55:31,342/20,868.0,-120,358,0,4
2024-08-24 01:56:22,342/51,868.0,-121,356,0,4
2024-08-24 01:57:13,342/100,868.0,-120,361,0,4
2024-08-24 02:03:51,342/20,868.0,-122,358,0,4
2024-08-24 02:04:42,342/51,868.0,-122,356,0,4
2024-08-24 02:05:33,342/100,868.0,-121,359,0,4
2024-08-24 02:35:32,343/20,868.0,-120,356,0,4
2024-08-24 02:36:22,343/51,868.0,-121,360,0,4
2024-08-24 02:37:13,343/100,868.0,-120,358,0,4
2024-08-24 02:43:52,343/20,868.0,-124,360,0,4
2024-08-24 02:44:43,343/51,868.0,-122,356,0,4
2024-08-24 03:15:32,344/20,868.0,-125,361,0,4
2024-08-24 03:16:23,344/51,868.0,-124,361,0,4
2024-08-24 03:23:53,344/20,868.0,-124,358,0,4
2024-08-24 03:25:34,344/100,868.0,-124,360,0,4
2024-08-24 03:55:33,345/20,868.0,-124,364,0,4
2024-08-24 03:56:24,345/51,868.0,-121,361,0,4
2024-08-24 03:57:15,345/100,868.0,-122,366,0,4
2024-08-24 04:03:54,345/20,868.0,-122,365,0,4
2024-08-24 04:04:44,345/51,868.0,-122,364,0,4
2024-08-24 04:05:35,345/100,868.0,-125,361,0,4
2024-08-24 04:35:34,346/20,868.0,-125,363,0,4
2024-08-24 04:36:25,346/51,868.0,-123,360,0,4
2024-08-24 04:37:16,346/100,868.0,-124,363,0,4
2024-08-24 04:44:45,346/51,868.0,-124,362,0,4
2024-08-24 04:45:36,346/100,868.0,-124,363,0,4
2024-08-24 05:15:35,347/20,868.0,-118,365,0,4
2024-08-24 05:16:26,347/51,868.0,-119,368,0,4
2024-08-24 05:17:16,347/100,868.0,-123,368,0,4
2024-08-24 05:23:55,347/20,868.0,-124,365,0,4
2024-08-24 05:24:46,347/51,868.0,-123,368,0,4
2024-08-24 05:25:37,347/100,868.0,-121,369,0,4
2024-08-24 05:55:36,348/20,868.0,-123,364,0,4
2024-08-24 05:56:26,348/51,868.0,-122,371,0,4
2024-08-24 05:57:17,348/100,868.0,-122,368,0,4
2024-08-24 06:03:56,348/20,868.0,-123,363,0,4
2024-08-24 06:05:38,348/100,868.0,-123,368,0,4
2024-08-24 06:35:36,349/20,868.0,-123,364,0,4
2024-08-24 06:36:27,349/51,868.0,-124,369,0,4
2024-08-24 06:37:18,349/100,868.0,-124,366,0,4
2024-08-24 06:43:57,349/20,868.0,-123,366,0,4
2024-08-24 06:44:47,349/51,868.0,-124,366,0,4
2024-08-24 06:45:38,349/100,868.0,-123,368,0,4
2024-08-24 07:15:37,350/20,868.0,-124,370,0,4
2024-08-24 07:16:28,350/51,868.0,-126,367,0,4
2024-08-24 07:17:19,350/100,868.0,-124,364,0,4
2024-08-24 07:23:57,350/20,868.0,-124,366,0,4
2024-08-24 07:24:48,350/51,868.0,-126,373,0,4
2024-08-24 07:25:39,350/100,868.0,-124,367,0,4
2024-08-24 07:55:38,351/20,868.0,-124,364,0,4
2024-08-24 07:56:29,351/51,868.0,-125,366,0,4
2024-08-24 07:57:20,351/100,868.0,-126,366,0,4
2024-08-24 08:03:58,351/20,868.0,-122,366,0,4
2024-08-24 08:04:49,351/51,868.0,-124,368,0,4
2024-08-24 08:05:40,351/100,868.0,-124,366,0,4
2024-08-24 08:35:39,352/20,868.0,-120,360,0,4
2024-08-24 08:36:30,352/51,868.0,-122,369,0,4
2024-08-24 08:37:20,352/100,868.0,-121,363,0,4
2024-08-24 08:43:59,352/20,868.0,-123,360,0,4
2024-08-24 08:44:49,352/51,868.0,-123,360,0,4
2024-08-24 08:45:41,352/100,868.0,-122,360,0,4
2024-08-24 09:15:40,353/20,868.0,-121,358,0,4
2024-08-24 09:16:30,353/51,868.0,-123,360,0,4
2024-08-24 09:17:21,353/100,868.0,-123,355,0,4
2024-08-24 09:24:00,353/20,868.0,-121,358,0,4
2024-08-24 09:24:50,353/51,868.0,-123,360,0,4
2024-08-24 09:25:42,353/100,868.0,-120,358,0,4
2024-08-24 09:57:22,354/100,868.0,-123,351,0,4
2024-08-24 10:04:00,354/20,868.0,-126,355,0,4
2024-08-24 10:04:51,354/51,868.0,-120,351,0,4
2024-08-24 10:35:41,355/20,868.0,-122,349,0,4
2024-08-24 10:36:32,355/51,868.0,-119,333,0,4
2024-08-24 10:37:23,355/100,868.0,-132,353,0,4
2024-08-24 10:44:52,355/51,868.0,-121,347,0,4
2024-08-24 10:45:43,355/100,868.0,-125,349,0,4
2024-08-24 11:15:42,356/20,868.0,-124,359,0,4
2024-08-24 11:16:32,356/51,868.0,-123,358,0,4
2024-08-24 11:17:24,356/100,868.0,-119,352,0,4
2024-08-24 11:24:02,356/20,868.0,-120,356,0,4
2024-08-24 11:24:52,356/51,868.0,-123,359,0,4
2024-08-24 11:55:43,357/20,868.0,-120,365,0,4
2024-08-24 12:04:03,357/20,868.0,-121,364,0,4
2024-08-24 12:04:53,357/51,868.0,-120,364,0,4
2024-08-24 12:05:45,357/100,868.0,-123,360,0,4
2024-08-24 12:35:43,358/20,868.0,-125,366,0,4
2024-08-24 12:44:03,358/20,868.0,-122,363,0,4
2024-08-24 12:45:45,358/100,868.0,-125,364,0,4
2024-08-24 13:17:26,359/100,868.0,-119,371,0,4
2024-08-24 13:24:04,359/20,868.0,-120,367,0,4
2024-08-24 13:24:55,359/51,868.0,-127,370,0,4
2024-08-24 13:55:45,360/20,868.0,-123,377,0,4
2024-08-24 14:04:05,360/20,868.0,-122,375,0,4
2024-08-24 14:04:56,360/51,868.0,-121,370,0,4
2024-08-24 14:05:47,360/100,868.0,-118,360,0,4
2024-08-24 14:36:36,361/51,868.0,-121,380,0,4
2024-08-24 14:44:06,361/20,868.0,-125,374,0,4
2024-08-24 14:44:56,361/51,868.0,-124,376,0,4
2024-08-24 15:15:46,362/20,868.0,-125,378,0,4
2024-08-24 15:17:28,362/100,868.0,-125,382,0,4
2024-08-24 15:25:48,362/100,868.0,-120,386,0,4
2024-08-24 15:55:47,363/20,868.0,-122,375,0,4
2024-08-24 15:56:38,363/51,868.0,-124,374,0,4
2024-08-24 16:04:07,363/20,868.0,-130,379,0,4
2024-08-24 16:04:58,363/51,868.0,-123,377,0,4
2024-08-24 16:05:49,363/100,868.0,-126,391,0,4
2024-08-24 16:37:30,364/100,868.0,-125,377,0,4
2024-08-24 16:44:08,364/20,868.0,-123,380,0,4
2024-08-24 16:44:59,364/51,868.0,-125,371,0,4
2024-08-24 16:45:50,364/100,868.0,-120,377,0,4
2024-08-24 17:17:30,365/100,868.0,-123,373,0,4
2024-08-24 17:24:09,365/20,868.0,-122,377,0,4
2024-08-24 17:25:00,365/51,868.0,-123,372,0,4
2024-08-24 17:56:40,366/51,868.0,-133,377,0,4
2024-08-24 17:57:31,366/100,868.0,-129,368,0,4
2024-08-24 18:04:10,366/20,868.0,-122,369,0,4
2024-08-24 18:45:01,367/51,868.0,-122,367,0,4
2024-08-24 19:15:51,368/20,868.0,-125,358,0,4
2024-08-24 19:17:33,368/100,868.0,-120,361,0,4
2024-08-24 19:24:11,368/20,868.0,-127,383,0,4
2024-08-24 19:55:52,369/20,868.0,-126,364,0,4
2024-08-24 19:56:42,369/51,868.0,-130,366,0,4
2024-08-24 19:57:34,369/100,868.0,-129,365,0,4
2024-08-24 20:04:12,369/20,868.0,-120,356,0,4
2024-08-24 20:35:53,370/20,868.0,-120,345,0,4
2024-08-24 20:36:43,370/51,868.0,-123,364,0,4
2024-08-24 20:37:34,370/100,868.0,-128,361,0,4
2024-08-24 20:44:13,370/20,868.0,-123,356,0,4
2024-08-24 20:45:03,370/51,868.0,-123,357,0,4
2024-08-24 21:15:53,371/20,868.0,-122,360,0,4
2024-08-24 21:16:44,371/51,868.0,-127,359,0,4
2024-08-24 21:24:13,371/20,868.0,-122,355,0,4
2024-08-24 21:25:04,371/51,868.0,-122,358,0,4
2024-08-24 21:25:55,371/100,868.0,-123,358,0,4
2024-08-24 21:55:54,372/20,868.0,-128,360,0,4
2024-08-24 21:56:45,372/51,868.0,-122,358,0,4
2024-08-24 21:57:36,372/100,868.0,-124,357,0,4
2024-08-24 22:04:14,372/20,868.0,-120,355,0,4
2024-08-24 22:05:05,372/51,868.0,-124,360,0,4
2024-08-24 22:37:37,373/100,868.0,-123,353,0,4
2024-08-24 22:44:15,373/20,868.0,-126,356,0,4
2024-08-24 23:15:56,374/20,868.0,-131,358,0,4
2024-08-24 23:16:46,374/51,868.0,-129,355,0,4
2024-08-24 23:17:37,374/100,868.0,-128,354,0,4
2024-08-24 23:24:16,374/20,868.0,-129,352,0,4
2024-08-24 23:25:06,374/51,868.0,-127,352,0,4
2024-08-24 23:55:56,375/20,868.0,-132,362,0,4
2024-08-24 23:56:47,375/51,868.0,-130,356,0,4
2024-08-24 23:57:38,375/100,868.0,-127,357,0,4
2024-08-25 00:05:07,375/51,868.0,-128,352,0,4
2024-08-25 00:05:58,375/100,868.0,-130,353,0,4
2024-08-25 00:35:57,376/20,868.0,-125,358,0,4
2024-08-25 00:36:48,376/51,868.0,-124,350,0,4
2024-08-25 00:37:39,376/100,868.0,-124,353,0,4
2024-08-25 01:15:58,377/20,868.0,-123,353,0,4
2024-08-25 01:16:48,377/51,868.0,-124,353,0,4
2024-08-25 01:24:18,377/20,868.0,-126,364,0,4
2024-08-25 01:25:09,377/51,868.0,-123,356,0,4
2024-08-25 01:26:00,377/100,868.0,-136,380,0,4
2024-08-25 01:55:59,378/20,868.0,-125,387,0,4
2024-08-25 01:56:49,378/51,868.0,-128,389,0,4
2024-08-25 01:57:40,378/100,868.0,-130,392,0,4
2024-08-25 02:04:19,378/20,868.0,-130,394,0,4
2024-08-25 02:06:01,378/100,868.0,-120,395,0,4
2024-08-25 02:36:50,379/51,868.0,-128,389,0,4
2024-08-25 02:37:41,379/100,868.0,-124,387,0,4
2024-08-25 02:44:19,379/20,868.0,-123,389,0,4
2024-08-25 02:45:10,379/51,868.0,-124,385,0,4
2024-08-25 03:16:00,380/20,868.0,-121,388,0,4
2024-08-25 03:16:51,380/51,868.0,-119,381,0,4
2024-08-25 03:17:42,380/100,868.0,-117,382,0,4
2024-08-25 03:24:20,380/20,868.0,-118,381,0,4
2024-08-25 03:25:11,380/51,868.0,-121,384,0,4
2024-08-25 03:26:02,380/100,868.0,-120,385,0,4
2024-08-25 03:56:01,381/20,868.0,-122,381,0,4
2024-08-25 03:56:51,381/51,868.0,-122,383,0,4
2024-08-25 03:57:43,381/100,868.0,-122,377,0,4
2024-08-25 04:04:21,381/20,868.0,-125,380,0,4
2024-08-25 04:05:12,381/51,868.0,-125,377,0,4
2024-08-25 04:06:03,381/100,868.0,-125,381,0,4
2024-08-25 04:36:02,382/20,868.0,-124,373,0,4
2024-08-25 04:36:52,382/51,868.0,-124,373,0,4
2024-08-25 04:37:44,382/100,868.0,-125,370,0,4
2024-08-25 04:44:22,382/20,868.0,-124,370,0,4
2024-08-25 04:45:13,382/51,868.0,-124,372,0,4
2024-08-25 04:46:03,382/100,868.0,-125,367,0,4
2024-08-25 05:16:02,383/20,868.0,-124,368,0,4
2024-08-25 05:16:53,383/51,868.0,-123,365,0,4
2024-08-25 05:17:44,383/100,868.0,-123,369,0,4
2024-08-25 05:24:23,383/20,868.0,-123,365,0,4
2024-08-25 05:25:13,383/51,868.0,-123,366,0,4
2024-08-25 05:56:03,384/20,868.0,-121,367,0,4
2024-08-25 05:56:54,384/51,868.0,-122,372,0,4
2024-08-25 05:57:45,384/100,868.0,-123,368,0,4
2024-08-25 06:04:23,384/20,868.0,-121,370,0,4
2024-08-25 06:05:14,384/51,868.0,-121,371,0,4
2024-08-25 06:06:05,384/100,868.0,-122,372,0,4
2024-08-25 06:36:04,385/20,868.0,-124,370,0,4
2024-08-25 06:36:55,385/51,868.0,-122,369,0,4
2024-08-25 06:37:46,385/100,868.0,-124,369,0,4
2024-08-25 06:44:24,385/20,868.0,-123,366,0,4
2024-08-25 06:45:15,385/51,868.0,-122,373,0,4
2024-08-25 06:46:06,385/100,868.0,-123,370,0,4
2024-08-25 07:16:05,386/20,868.0,-123,376,0,4
2024-08-25 07:16:55,386/51,868.0,-121,369,0,4
2024-08-25 07:17:46,386/100,868.0,-120,374,0,4
2024-08-25 07:24:25,386/20,868.0,-128,372,0,4
2024-08-25 07:25:16,386/51,868.0,-126,375,0,4
2024-08-25 07:26:07,386/100,868.0,-126,375,0,4
2024-08-25 07:56:05,387/20,868.0,-124,372,0,4
2024-08-25 07:56:56,387/51,868.0,-123,367,0,4
2024-08-25 07:57:47,387/100,868.0,-123,367,0,4
2024-08-25 08:05:16,387/51,868.0,-122,371,0,4
2024-08-25 08:06:07,387/100,868.0,-122,369,0,4
2024-08-25 08:36:06,388/20,868.0,-125,369,0,4
2024-08-25 08:36:57,388/51,868.0,-126,365,0,4
2024-08-25 08:37:48,388/100,868.0,-123,367,0,4
2024-08-25 08:44:26,388/20,868.0,-123,367,0,4
2024-08-25 08:45:17,388/51,868.0,-123,360,0,4
2024-08-25 08:46:08,388/100,868.0,-122,366,0,4
2024-08-25 09:16:07,389/20,868.0,-124,364,0,4
2024-08-25 09:16:58,389/51,868.0,-120,363,0,4
2024-08-25 09:17:49,389/100,868.0,-118,363,0,4
2024-08-25 09:24:27,389/20,868.0,-119,365,0,4
2024-08-25 09:25:18,389/51,868.0,-120,360,0,4
2024-08-25 09:26:09,389/100,868.0,-120,364,0,4
2024-08-25 09:56:08,390/20,868.0,-124,357,0,4
2024-08-25 09:56:59,390/51,868.0,-120,357,0,4
2024-08-25 09:57:49,390/100,868.0,-119,358,0,4
2024-08-25 10:04:28,390/20,868.0,-123,361,0,4
2024-08-25 10:05:19,390/51,868.0,-123,361,0,4
2024-08-25 10:06:10,390/100,868.0,-122,360,0,4
2024-08-25 10:36:09,391/20,868.0,-123,353,0,4
2024-08-25 10:36:59,391/51,868.0,-121,351,0,4
2024-08-25 10:44:29,391/20,868.0,-122,351,0,4
2024-08-25 10:46:11,391/100,868.0,-122,356,0,4
2024-08-25 11:16:09,392/20,868.0,-120,350,0,4
2024-08-25 11:17:51,392/100,868.0,-126,354,0,4
2024-08-25 11:24:30,392/20,868.0,-118,350,0,4
2024-08-25 11:25:20,392/51,868.0,-123,347,0,4
2024-08-25 11:26:11,392/100,868.0,-123,347,0,4
2024-08-25 11:56:10,393/20,868.0,-121,346,0,4
2024-08-25 11:57:01,393/51,868.0,-125,347,0,4
2024-08-25 11:57:52,393/100,868.0,-120,349,0,4
2024-08-25 12:04:30,393/20,868.0,-119,352,0,4
2024-08-25 12:05:21,393/51,868.0,-119,348,0,4
2024-08-25 12:36:11,394/20,868.0,-118,353,0,4
2024-08-25 12:37:02,394/51,868.0,-120,355,0,4
2024-08-25 12:37:53,394/100,868.0,-120,351,0,4
2024-08-25 12:45:22,394/51,868.0,-118,350,0,4
2024-08-25 12:46:13,394/100,868.0,-124,356,0,4
2024-08-25 13:17:02,395/51,868.0,-122,356,0,4
2024-08-25 13:17:53,395/100,868.0,-122,358,0,4
2024-08-25 13:24:32,395/20,868.0,-120,359,0,4
2024-08-25 13:25:22,395/51,868.0,-124,364,0,4
2024-08-25 13:26:14,395/100,868.0,-123,362,0,4
2024-08-25 13:56:12,396/20,868.0,-123,360,0,4
2024-08-25 13:57:03,396/51,868.0,-127,363,0,4
2024-08-25 13:57:54,396/100,868.0,-125,396,0,4
2024-08-25 14:04:32,396/20,868.0,-123,363,0,4
2024-08-25 14:05:23,396/51,868.0,-128,361,0,4
2024-08-25 14:06:14,396/100,868.0,-126,359,0,4
2024-08-25 14:36:13,397/20,868.0,-122,364,0,4
2024-08-25 14:44:33,397/20,868.0,-123,359,0,4
2024-08-25 14:46:15,397/100,868.0,-130,363,0,4
2024-08-25 15:16:14,398/20,868.0,-129,369,0,4
2024-08-25 15:17:04,398/51,868.0,-131,369,0,4
2024-08-25 15:17:56,398/100,868.0,-126,369,0,4
2024-08-25 15:24:34,398/20,868.0,-125,367,0,4
2024-08-25 15:25:25,398/51,868.0,-123,370,0,4
2024-08-25 15:26:16,398/100,868.0,-128,368,0,4
2024-08-25 15:56:15,399/20,868.0,-125,374,0,4
2024-08-25 15:57:57,399/100,868.0,-123,376,0,4
2024-08-25 16:04:35,399/20,868.0,-123,373,0,4
2024-08-25 16:05:25,399/51,868.0,-126,376,0,4
2024-08-25 16:06:17,399/100,868.0,-128,376,0,4
2024-08-25 16:36:15,400/20,868.0,-123,371,0,4
2024-08-25 16:37:06,400/51,868.0,-128,378,0,4
2024-08-25 16:44:35,400/20,868.0,-132,376,0,4
2024-08-25 16:45:26,400/51,868.0,-126,376,0,4
2024-08-25 16:46:17,400/100,868.0,-129,380,0,4
2024-08-25 17:16:16,401/20,868.0,-124,377,0,4
2024-08-25 17:17:07,401/51,868.0,-120,377,0,4
2024-08-25 17:17:58,401/100,868.0,-123,372,0,4
2024-08-25 17:24:36,401/20,868.0,-126,380,0,4
2024-08-25 17:26:18,401/100,868.0,-126,380,0,4
2024-08-25 17:56:17,402/20,868.0,-120,382,0,4
2024-08-25 17:57:07,402/51,868.0,-125,384,0,4
2024-08-25 17:57:59,402/100,868.0,-122,379,0,4
2024-08-25 18:04:37,402/20,868.0,-123,383,0,4
2024-08-25 18:05:28,402/51,868.0,-122,379,0,4
2024-08-25 18:06:19,402/100,868.0,-122,382,0,4
2024-08-25 18:36:18,403/20,868.0,-122,384,0,4
2024-08-25 18:37:08,403/51,868.0,-120,379,0,4
2024-08-25 18:38:00,403/100,868.0,-120,380,0,4
2024-08-25 18:44:38,403/20,868.0,-125,381,0,4
2024-08-25 18:45:29,403/51,868.0,-121,377,0,4
2024-08-25 18:46:19,403/100,868.0,-122,378,0,4
2024-08-25 19:16:18,404/20,868.0,-122,380,0,4
2024-08-25 19:17:09,404/51,868.0,-123,380,0,4
2024-08-25 19:24:39,404/20,868.0,-121,379,0,4
2024-08-25 19:25:29,404/51,868.0,-124,375,0,4
2024-08-25 19:26:20,404/100,868.0,-119,374,0,4
2024-08-25 19:56:19,405/20,868.0,-120,374,0,4
2024-08-25 19:57:10,405/51,868.0,-121,368,0,4
2024-08-25 19:58:01,405/100,868.0,-123,368,0,4
2024-08-25 20:04:39,405/20,868.0,-122,371,0,4
2024-08-25 20:05:30,405/51,868.0,-120,369,0,4
2024-08-25 20:06:21,405/100,868.0,-120,371,0,4
2024-08-25 20:36:20,406/20,868.0,-123,364,0,4
2024-08-25 20:37:11,406/51,868.0,-120,366,0,4
2024-08-25 20:38:02,406/100,868.0,-122,367,0,4
2024-08-25 20:44:40,406/20,868.0,-125,369,0,4
2024-08-25 20:45:31,406/51,868.0,-123,363,0,4
2024-08-25 21:16:21,407/20,868.0,-132,372,0,4
2024-08-25 21:18:03,407/100,868.0,-127,368,0,4
2024-08-25 21:26:23,407/100,868.0,-131,373,0,4
2024-08-25 21:56:21,408/20,868.0,-125,375,0,4
2024-08-25 21:58:03,408/100,868.0,-123,375,0,4
2024-08-25 22:04:42,408/20,868.0,-124,380,0,4
2024-08-25 22:05:33,408/51,868.0,-124,378,0,4
2024-08-25 22:06:23,408/100,868.0,-124,375,0,4
2024-08-25 22:36:22,409/20,868.0,-128,386,0,4
2024-08-25 22:37:13,409/51,868.0,-125,383,0,4
2024-08-25 22:38:04,409/100,868.0,-126,378,0,4
2024-08-25 22:44:42,409/20,868.0,-124,379,0,4
2024-08-25 22:45:33,409/51,868.0,-123,378,0,4
2024-08-25 23:16:23,410/20,868.0,-129,393,0,4
2024-08-25 23:24:43,410/20,868.0,-130,387,0,4
2024-08-25 23:25:34,410/51,868.0,-134,389,0,4
2024-08-25 23:26:25,410/100,868.0,-130,389,0,4
2024-08-25 23:56:24,411/20,868.0,-124,393,0,4
2024-08-25 23:58:05,411/100,868.0,-122,392,0,4
2024-08-26 00:04:44,411/20,868.0,-120,391,0,4
2024-08-26 00:05:35,411/51,868.0,-121,389,0,4
2024-08-26 00:06:26,411/100,868.0,-120,393,0,4
2024-08-26 00:36:25,412/20,868.0,-125,395,0,4
2024-08-26 00:37:15,412/51,868.0,-129,398,0,4
2024-08-26 00:38:06,412/100,868.0,-126,397,0,4
2024-08-26 00:44:45,412/20,868.0,-124,393,0,4
2024-08-26 00:45:36,412/51,868.0,-127,399,0,4
2024-08-26 00:46:27,412/100,868.0,-123,393,0,4
2024-08-26 01:16:25,413/20,868.0,-123,393,0,4
2024-08-26 01:17:16,413/51,868.0,-123,393,0,4
2024-08-26 01:18:07,413/100,868.0,-124,394,0,4
2024-08-26 01:24:46,413/20,868.0,-123,395,0,4
2024-08-26 01:25:36,413/51,868.0,-121,391,0,4
2024-08-26 01:26:27,413/100,868.0,-124,392,0,4
2024-08-26 01:57:17,414/51,868.0,-126,398,0,4
2024-08-26 02:04:46,414/20,868.0,-123,395,0,4
2024-08-26 02:05:37,414/51,868.0,-124,392,0,4
2024-08-26 02:36:27,415/20,868.0,-134,402,0,4
2024-08-26 02:37:18,415/51,868.0,-120,401,0,4
2024-08-26 02:38:09,415/100,868.0,-120,401,0,4
2024-08-26 02:44:47,415/20,868.0,-118,412,0,4
2024-08-26 02:45:38,415/51,868.0,-121,399,0,4
2024-08-26 02:46:29,415/100,868.0,-124,400,0,4
2024-08-26 03:16:28,416/20,868.0,-129,409,0,4
2024-08-26 03:17:18,416/51,868.0,-124,404,0,4
2024-08-26 03:18:09,416/100,868.0,-124,402,0,4
2024-08-26 03:25:38,416/51,868.0,-120,404,0,4
2024-08-26 03:26:30,416/100,868.0,-124,403,0,4
2024-08-26 03:58:10,417/100,868.0,-132,409,0,4
2024-08-26 04:04:48,417/20,868.0,-120,406,0,4
2024-08-26 04:05:39,417/51,868.0,-119,406,0,4
2024-08-26 04:36:29,418/20,868.0,-127,410,0,4
2024-08-26 04:38:11,418/100,868.0,-128,410,0,4
2024-08-26 04:44:49,418/20,868.0,-122,414,0,4
2024-08-26 04:46:31,418/100,868.0,-118,408,0,4
2024-08-26 05:16:30,419/20,868.0,-129,412,0,4
2024-08-26 05:17:20,419/51,868.0,-117,415,0,4
2024-08-26 05:18:12,419/100,868.0,-125,417,0,4
2024-08-26 05:24:50,419/20,868.0,-123,414,0,4
2024-08-26 05:25:41,419/51,868.0,-117,416,0,4
2024-08-26 06:04:51,420/20,868.0,-122,418,0,4
2024-08-26 06:05:42,420/51,868.0,-119,419,0,4
2024-08-26 06:36:32,421/20,868.0,-122,419,0,4
2024-08-26 06:37:22,421/51,868.0,-127,416,0,4
2024-08-26 06:44:51,421/20,868.0,-124,416,0,4
2024-08-26 06:45:42,421/51,868.0,-124,418,0,4
2024-08-26 06:46:33,421/100,868.0,-119,422,0,4
2024-08-26 07:16:32,422/20,868.0,-122,417,0,4
2024-08-26 07:17:23,422/51,868.0,-127,419,0,4
2024-08-26 07:18:14,422/100,868.0,-124,417,0,4
2024-08-26 07:24:52,422/20,868.0,-122,418,0,4
2024-08-26 07:56:33,423/20,868.0,-121,418,0,4
2024-08-26 07:57:24,423/51,868.0,-121,421,0,4
2024-08-26 07:58:15,423/100,868.0,-119,417,0,4
2024-08-26 08:04:53,423/20,868.0,-128,415,0,4
2024-08-26 08:37:24,424/51,868.0,-127,416,0,4
2024-08-26 08:38:16,424/100,868.0,-122,417,0,4
2024-08-26 08:44:54,424/20,868.0,-119,417,0,4
2024-08-26 08:45:45,424/51,868.0,-123,416,0,4
2024-08-26 08:46:36,424/100,868.0,-124,413,0,4
2024-08-26 11:56:38,429/20,868.0,-120,381,0,4
2024-08-26 11:57:28,429/51,868.0,-117,357,0,4
2024-08-26 11:58:20,429/100,868.0,-121,345,0,4
2024-08-26 12:04:58,429/20,868.0,-126,360,0,4
2024-08-26 12:05:49,429/51,868.0,-124,370,0,4
2024-08-26 12:06:39,429/100,868.0,-121,357,0,4
2024-08-26 12:36:38,430/20,868.0,-126,366,0,4
2024-08-26 12:37:29,430/51,868.0,-133,369,0,4
2024-08-26 13:16:39,431/20,868.0,-125,374,0,4
2024-08-26 13:25:50,431/51,868.0,-128,373,0,4
2024-08-26 13:56:40,432/20,868.0,-130,379,0,4
2024-08-26 13:58:21,432/100,868.0,-126,376,0,4
2024-08-26 14:05:51,432/51,868.0,-119,378,0,4
2024-08-26 14:06:42,432/100,868.0,-121,361,0,4
2024-08-26 14:36:41,433/20,868.0,-127,380,0,4
2024-08-26 14:45:01,433/20,868.0,-127,381,0,4
2024-08-26 14:45:52,433/51,868.0,-130,385,0,4
2024-08-26 15:25:02,434/20,868.0,-128,381,0,4
2024-08-26 15:26:43,434/100,868.0,-130,384,0,4
2024-08-26 15:56:42,435/20,868.0,-131,387,0,4
2024-08-26 16:05:02,435/20,868.0,-127,389,0,4
2024-08-26 16:05:53,435/51,868.0,-125,389,0,4
2024-08-26 16:36:43,436/20,868.0,-125,391,0,4
2024-08-26 16:37:34,436/51,868.0,-123,394,0,4
2024-08-26 16:45:03,436/20,868.0,-125,407,0,4
2024-08-26 17:18:25,437/100,868.0,-123,393,0,4
2024-08-26 17:25:04,437/20,868.0,-121,389,0,4
2024-08-26 17:25:54,437/51,868.0,-122,394,0,4
2024-08-26 17:56:44,438/20,868.0,-123,391,0,4
2024-08-26 17:57:35,438/51,868.0,-125,390,0,4
2024-08-26 17:58:26,438/100,868.0,-123,392,0,4
2024-08-26 18:05:05,438/20,868.0,-126,390,0,4
2024-08-26 18:05:55,438/51,868.0,-126,390,0,4
2024-08-26 18:06:46,438/100,868.0,-122,390,0,4
2024-08-26 18:36:45,439/20,868.0,-134,388,0,4
2024-08-26 18:38:27,439/100,868.0,-128,388,0,4
2024-08-26 18:45:05,439/20,868.0,-127,385,0,4
2024-08-26 18:45:56,439/51,868.0,-124,368,0,4
2024-08-26 19:16:46,440/20,868.0,-127,377,0,4
2024-08-26 19:17:37,440/51,868.0,-122,383,0,4
2024-08-26 19:18:28,440/100,868.0,-124,380,0,4
2024-08-26 19:26:48,440/100,868.0,-129,378,0,4
2024-08-26 19:57:37,441/51,868.0,-122,372,0,4
2024-08-26 20:05:07,441/20,868.0,-127,377,0,4
2024-08-26 20:06:49,441/100,868.0,-124,370,0,4
2024-08-26 20:45:59,442/51,868.0,-132,366,0,4
2024-08-26 21:16:48,443/20,868.0,-125,381,0,4
2024-08-26 21:17:39,443/51,868.0,-120,378,0,4
2024-08-26 21:18:30,443/100,868.0,-124,375,0,4
2024-08-26 21:25:59,443/51,868.0,-123,374,0,4
2024-08-26 21:26:50,443/100,868.0,-129,382,0,4
2024-08-26 21:56:49,444/20,868.0,-126,381,0,4
2024-08-26 21:58:31,444/100,868.0,-126,382,0,4
2024-08-26 22:05:09,444/20,868.0,-124,382,0,4
2024-08-26 22:06:00,444/51,868.0,-120,381,0,4
2024-08-26 22:06:51,444/100,868.0,-123,385,0,4
2024-08-26 22:38:32,445/100,868.0,-123,383,0,4
2024-08-26 22:45:10,445/20,868.0,-131,383,0,4
2024-08-26 22:46:01,445/51,868.0,-124,386,0,4
2024-08-26 22:46:52,445/100,868.0,-126,383,0,4
2024-08-26 23:16:51,446/20,868.0,-126,384,0,4
2024-08-26 23:25:11,446/20,868.0,-122,393,0,4
2024-08-26 23:57:42,447/51,868.0,-121,400,0,4
2024-08-26 23:58:33,447/100,868.0,-128,408,0,4
2024-08-27 00:06:53,447/100,868.0,-126,391,0,4
2024-08-27 00:36:52,448/20,868.0,-121,395,0,4
2024-08-27 00:45:12,448/20,868.0,-127,397,0,4
2024-08-27 00:46:03,448/51,868.0,-125,400,0,4
2024-08-27 01:17:43,449/51,868.0,-123,400,0,4
2024-08-27 01:25:13,449/20,868.0,-129,401,0,4
2024-08-27 01:26:04,449/51,868.0,-125,397,0,4
2024-08-27 01:26:55,449/100,868.0,-123,396,0,4
2024-08-27 01:56:53,450/20,868.0,-133,408,0,4
2024-08-27 02:06:56,450/100,868.0,-125,414,0,4
2024-08-27 02:36:54,451/20,868.0,-126,406,0,4
2024-08-27 02:37:45,451/51,868.0,-130,402,0,4
2024-08-27 02:38:36,451/100,868.0,-126,401,0,4
2024-08-27 02:45:14,451/20,868.0,-125,404,0,4
2024-08-27 02:46:05,451/51,868.0,-127,404,0,4
2024-08-27 02:46:56,451/100,868.0,-125,405,0,4
2024-08-27 03:16:55,452/20,868.0,-126,402,0,4
2024-08-27 03:17:46,452/51,868.0,-128,410,0,4
2024-08-27 03:18:37,452/100,868.0,-130,414,0,4
2024-08-27 03:25:15,452/20,868.0,-122,403,0,4
2024-08-27 03:26:06,452/51,868.0,-122,401,0,4
2024-08-27 03:26:57,452/100,868.0,-122,404,0,4
2024-08-27 03:56:56,453/20,868.0,-128,398,0,4
2024-08-27 03:57:47,453/51,868.0,-128,397,0,4
2024-08-27 03:58:37,453/100,868.0,-127,403,0,4
2024-08-27 04:05:16,453/20,868.0,-126,394,0,4
2024-08-27 04:06:58,453/100,868.0,-128,396,0,4
2024-08-27 04:36:57,454/20,868.0,-126,395,0,4
2024-08-27 04:37:47,454/51,868.0,-128,396,0,4
2024-08-27 04:38:38,454/100,868.0,-129,398,0,4
2024-08-27 04:45:17,454/20,868.0,-126,400,0,4
2024-08-27 04:46:08,454/51,868.0,-128,393,0,4
2024-08-27 04:46:59,454/100,868.0,-130,399,0,4
2024-08-27 05:16:57,455/20,868.0,-127,402,0,4
2024-08-27 05:17:48,455/51,868.0,-123,401,0,4
2024-08-27 05:25:18,455/20,868.0,-128,405,0,4
2024-08-27 05:26:08,455/51,868.0,-128,411,0,4
2024-08-27 05:56:58,456/20,868.0,-125,411,0,4
2024-08-27 05:58:40,456/100,868.0,-124,408,0,4
2024-08-27 06:05:18,456/20,868.0,-125,408,0,4
2024-08-27 06:06:09,456/51,868.0,-126,409,0,4
2024-08-27 06:07:00,456/100,868.0,-129,408,0,4
2024-08-27 06:37:50,457/51,868.0,-122,404,0,4
2024-08-27 06:38:41,457/100,868.0,-126,404,0,4
2024-08-27 06:45:19,457/20,868.0,-123,405,0,4
2024-08-27 06:47:01,457/100,868.0,-127,408,0,4
2024-08-27 07:17:51,458/51,868.0,-128,401,0,4
2024-08-27 07:25:20,458/20,868.0,-126,401,0,4
2024-08-27 07:26:10,458/51,868.0,-128,405,0,4
2024-08-27 07:27:02,458/100,868.0,-126,400,0,4
2024-08-27 07:57:00,459/20,868.0,-127,398,0,4
2024-08-27 07:57:51,459/51,868.0,-128,399,0,4
2024-08-27 07:58:42,459/100,868.0,-127,399,0,4
2024-08-27 08:05:21,459/20,868.0,-129,406,0,4
2024-08-27 08:37:01,460/20,868.0,-128,394,0,4
2024-08-27 08:45:21,460/20,868.0,-124,390,0,4
2024-08-27 08:47:03,460/100,868.0,-128,391,0,4
2024-08-27 09:17:53,461/51,868.0,-123,387,0,4
2024-08-27 09:18:44,461/100,868.0,-128,389,0,4
2024-08-27 09:26:13,461/51,868.0,-129,388,0,4
2024-08-27 09:57:03,462/20,868.0,-128,380,0,4
2024-08-27 09:57:53,462/51,868.0,-126,382,0,4
2024-08-27 10:06:13,462/51,868.0,-129,380,0,4
2024-08-27 10:07:05,462/100,868.0,-126,376,0,4
2024-08-27 10:37:04,463/20,868.0,-126,364,0,4
2024-08-27 10:37:54,463/51,868.0,-127,359,0,4
2024-08-27 10:38:45,463/100,868.0,-126,356,0,4
2024-08-27 10:45:23,463/20,868.0,-129,361,0,4
2024-08-27 10:46:14,463/51,868.0,-129,356,0,4
2024-08-27 11:17:04,464/20,868.0,-131,366,0,4
2024-08-27 11:17:55,464/51,868.0,-130,362,0,4
2024-08-27 11:18:46,464/100,868.0,-127,358,0,4
2024-08-27 11:25:24,464/20,868.0,-134,374,0,4
2024-08-27 11:26:15,464/51,868.0,-125,362,0,4
2024-08-27 11:27:06,464/100,868.0,-129,357,0,4
2024-08-27 11:57:05,465/20,868.0,-125,374,0,4
2024-08-27 11:58:47,465/100,868.0,-127,373,0,4
2024-08-27 12:05:25,465/20,868.0,-124,375,0,4
2024-08-27 12:06:16,465/51,868.0,-132,377,0,4
